customer_id,customer_name,email,country,signup_date,customer_segment,lifetime_value
CUST-00001,Sophia Kumar,sophia.kumar.1@example.com,Germany,2025-11-21,One-Time,527.45
CUST-00002,Vikram Miller,vikram.miller.2@example.com,Singapore,2024-05-23,Repeat,4337.74
CUST-00003,Aditi Reddy,aditi.reddy.3@example.com,Germany,2022-05-15,One-Time,1115.43
CUST-00004,Kavya Kumar,kavya.kumar.4@example.com,United States,2024-09-14,Repeat,4255.84
CUST-00005,Kavya Brown,kavya.brown.5@example.com,Singapore,2022-08-24,One-Time,73.08
CUST-00006,Noah Mehta,noah.mehta.6@example.com,Singapore,2021-06-25,One-Time,358.78
CUST-00007,Sophia Patel,sophia.patel.7@example.com,Australia,2024-11-08,Inactive,371.62
CUST-00008,Noah Sharma,noah.sharma.8@example.com,Singapore,2020-01-31,Repeat,2209.23
CUST-00009,Ishaan Singh,ishaan.singh.9@example.com,Australia,2021-04-16,Inactive,296.68
CUST-00010,Noah Reddy,noah.reddy.10@example.com,Canada,2018-02-17,High-Value,6660.23
CUST-00011,Olivia Sharma,olivia.sharma.11@example.com,India,2023-07-18,One-Time,871.40
CUST-00012,Sophia Brown,sophia.brown.12@example.com,India,2022-12-18,One-Time,891.05
CUST-00013,Sophia Brown,sophia.brown.13@example.com,Germany,2024-12-27,Repeat,6512.40
CUST-00014,Rohan Patel,rohan.patel.14@example.com,United Arab Emirates,2018-05-13,Inactive,187.49
CUST-00015,Rohan Wilson,rohan.wilson.15@example.com,Singapore,2023-04-23,Repeat,2548.39
CUST-00016,Sophia Reddy,sophia.reddy.16@example.com,United Arab Emirates,2018-06-23,One-Time,24.78
CUST-00017,Olivia Miller,olivia.miller.17@example.com,Canada,2018-04-29,Repeat,6786.08
CUST-00018,Olivia Reddy,olivia.reddy.18@example.com,Australia,2020-01-15,One-Time,799.90
CUST-00019,Vikram Gupta,vikram.gupta.19@example.com,United Kingdom,2018-10-27,Repeat,5768.27
CUST-00020,Emma Wilson,emma.wilson.20@example.com,India,2019-07-04,One-Time,237.82
CUST-00021,Aditi Mehta,aditi.mehta.21@example.com,Canada,2018-09-17,One-Time,1153.08
CUST-00022,Emma Kumar,emma.kumar.22@example.com,United Arab Emirates,2022-10-08,High-Value,18417.05
CUST-00023,Arjun Sharma,arjun.sharma.23@example.com,Germany,2022-04-10,Inactive,322.95
CUST-00024,Vikram Garcia,vikram.garcia.24@example.com,Germany,2018-04-19,One-Time,667.83
CUST-00025,Diya Nair,diya.nair.25@example.com,United Arab Emirates,2020-08-29,One-Time,526.19
CUST-00026,Neha Patel,neha.patel.26@example.com,Canada,2018-05-30,One-Time,270.35
CUST-00027,Noah Patel,noah.patel.27@example.com,Canada,2022-03-04,Repeat,5232.99
CUST-00028,Liam Mehta,liam.mehta.28@example.com,Australia,2025-06-05,High-Value,22303.87
CUST-00029,Diya Miller,diya.miller.29@example.com,United States,2024-06-05,Repeat,4645.02
CUST-00030,Olivia Kumar,olivia.kumar.30@example.com,Australia,2022-01-09,Repeat,6519.49
CUST-00031,Diya Mehta,diya.mehta.31@example.com,Canada,2023-07-31,One-Time,830.81
CUST-00032,Meera Gupta,meera.gupta.32@example.com,United Kingdom,2019-06-28,One-Time,1166.11
CUST-00033,Ishaan Singh,ishaan.singh.33@example.com,Germany,2020-04-12,High-Value,24722.29
CUST-00034,Arjun Patel,arjun.patel.34@example.com,United Arab Emirates,2022-10-04,Repeat,3573.01
CUST-00035,Diya Patel,diya.patel.35@example.com,United States,2021-10-16,High-Value,8017.13
CUST-00036,Liam Gupta,liam.gupta.36@example.com,Canada,2023-07-31,Repeat,893.43
CUST-00037,Rohan Reddy,rohan.reddy.37@example.com,Germany,2020-09-23,One-Time,1008.91
CUST-00038,Kavya Wilson,kavya.wilson.38@example.com,Singapore,2022-03-28,Repeat,3770.51
CUST-00039,Ishaan Reddy,ishaan.reddy.39@example.com,Canada,2023-01-19,One-Time,292.48
CUST-00040,Sophia Wilson,sophia.wilson.40@example.com,United Arab Emirates,2025-10-12,Repeat,5853.85
CUST-00041,Vikram Singh,vikram.singh.41@example.com,United Kingdom,2019-05-13,One-Time,875.67
CUST-00042,Liam Reddy,liam.reddy.42@example.com,United States,2020-04-21,Repeat,5913.97
CUST-00043,Noah Wilson,noah.wilson.43@example.com,Germany,2021-05-04,One-Time,879.53
CUST-00044,Olivia Reddy,olivia.reddy.44@example.com,Germany,2024-08-10,High-Value,7041.73
CUST-00045,Aditi Nair,aditi.nair.45@example.com,India,2018-08-26,Inactive,456.13
CUST-00046,Ishaan Reddy,ishaan.reddy.46@example.com,United Kingdom,2020-12-02,High-Value,24005.86
CUST-00047,Sophia Sharma,sophia.sharma.47@example.com,Australia,2024-04-26,Inactive,269.91
CUST-00048,Kavya Garcia,kavya.garcia.48@example.com,Canada,2019-07-02,Inactive,472.29
CUST-00049,Noah Nair,noah.nair.49@example.com,Australia,2023-04-15,Repeat,6409.48
CUST-00050,Sophia Kumar,sophia.kumar.50@example.com,India,2018-08-07,Repeat,4875.55
CUST-00051,Liam Sharma,liam.sharma.51@example.com,Singapore,2020-05-18,One-Time,319.62
CUST-00052,Arjun Patel,arjun.patel.52@example.com,United Kingdom,2019-09-10,One-Time,263.91
CUST-00053,Olivia Garcia,olivia.garcia.53@example.com,Singapore,2019-03-17,One-Time,89.68
CUST-00054,Rohan Reddy,rohan.reddy.54@example.com,Singapore,2025-12-21,High-Value,12144.68
CUST-00055,Emma Patel,emma.patel.55@example.com,United Kingdom,2020-12-24,One-Time,314.11
CUST-00056,Noah Kumar,noah.kumar.56@example.com,United Arab Emirates,2021-03-02,One-Time,915.29
CUST-00057,Meera Singh,meera.singh.57@example.com,United States,2023-05-04,One-Time,935.57
CUST-00058,Aditi Singh,aditi.singh.58@example.com,United States,2019-02-14,Repeat,2788.10
CUST-00059,Neha Miller,neha.miller.59@example.com,United Kingdom,2018-08-22,High-Value,8502.23
CUST-00060,Arjun Reddy,arjun.reddy.60@example.com,Australia,2021-06-22,Repeat,7355.75
CUST-00061,Liam Patel,liam.patel.61@example.com,India,2018-08-21,Repeat,4352.11
CUST-00062,Diya Wilson,diya.wilson.62@example.com,Australia,2018-09-23,One-Time,888.83
CUST-00063,Vikram Reddy,vikram.reddy.63@example.com,United States,2018-06-23,Repeat,5947.05
CUST-00064,Noah Wilson,noah.wilson.64@example.com,United Kingdom,2018-02-10,Repeat,2393.89
CUST-00065,Aarav Mehta,aarav.mehta.65@example.com,Canada,2025-09-04,Repeat,3403.94
CUST-00066,Rohan Sharma,rohan.sharma.66@example.com,Germany,2025-08-01,Repeat,3929.93
CUST-00067,Kavya Brown,kavya.brown.67@example.com,Canada,2023-03-28,Repeat,4202.86
CUST-00068,Rohan Brown,rohan.brown.68@example.com,United Arab Emirates,2020-03-18,Repeat,7135.15
CUST-00069,Ishaan Garcia,ishaan.garcia.69@example.com,United Kingdom,2018-04-02,High-Value,10983.89
CUST-00070,Meera Kumar,meera.kumar.70@example.com,United Arab Emirates,2024-03-14,One-Time,233.95
CUST-00071,Olivia Garcia,olivia.garcia.71@example.com,India,2020-01-29,Inactive,368.09
CUST-00072,Meera Gupta,meera.gupta.72@example.com,India,2018-08-24,Repeat,7147.74
CUST-00073,Kavya Sharma,kavya.sharma.73@example.com,Germany,2018-12-23,One-Time,582.30
CUST-00074,Meera Gupta,meera.gupta.74@example.com,India,2021-01-04,Repeat,2647.30
CUST-00075,Aditi Sharma,aditi.sharma.75@example.com,Australia,2025-12-06,Repeat,1273.05
CUST-00076,Emma Gupta,emma.gupta.76@example.com,India,2023-10-13,One-Time,952.20
CUST-00077,Neha Patel,neha.patel.77@example.com,United Kingdom,2025-06-15,Repeat,2423.90
CUST-00078,Rohan Patel,rohan.patel.78@example.com,India,2025-06-23,One-Time,546.91
CUST-00079,Ishaan Mehta,ishaan.mehta.79@example.com,United Arab Emirates,2019-11-30,Inactive,70.20
CUST-00080,Sophia Wilson,sophia.wilson.80@example.com,Canada,2019-09-04,Repeat,4033.39
CUST-00081,Neha Kumar,neha.kumar.81@example.com,United Arab Emirates,2025-07-24,One-Time,784.46
CUST-00082,Noah Mehta,noah.mehta.82@example.com,Germany,2024-02-18,One-Time,434.59
CUST-00083,Rohan Wilson,rohan.wilson.83@example.com,United Kingdom,2021-09-09,Inactive,369.62
CUST-00084,Meera Kumar,meera.kumar.84@example.com,United States,2018-02-20,Inactive,269.10
CUST-00085,Noah Patel,noah.patel.85@example.com,Canada,2025-03-22,One-Time,245.28
CUST-00086,Arjun Brown,arjun.brown.86@example.com,Australia,2025-09-23,Inactive,367.83
CUST-00087,Ishaan Wilson,ishaan.wilson.87@example.com,United States,2022-05-07,Repeat,6775.30
CUST-00088,Emma Gupta,emma.gupta.88@example.com,Singapore,2019-11-26,Repeat,6635.30
CUST-00089,Aditi Sharma,aditi.sharma.89@example.com,United States,2018-02-14,Repeat,5206.82
CUST-00090,Aarav Wilson,aarav.wilson.90@example.com,India,2025-03-05,High-Value,19541.18
CUST-00091,Olivia Patel,olivia.patel.91@example.com,United Arab Emirates,2020-03-03,Repeat,6808.97
CUST-00092,Emma Mehta,emma.mehta.92@example.com,United Arab Emirates,2018-09-17,Repeat,4029.44
CUST-00093,Neha Patel,neha.patel.93@example.com,United States,2019-04-07,Inactive,359.08
CUST-00094,Sophia Singh,sophia.singh.94@example.com,Australia,2019-03-08,Repeat,1100.77
CUST-00095,Neha Kumar,neha.kumar.95@example.com,India,2023-11-14,Repeat,2905.03
CUST-00096,Neha Brown,neha.brown.96@example.com,Canada,2021-07-20,One-Time,952.37
CUST-00097,Aditi Gupta,aditi.gupta.97@example.com,Canada,2018-02-06,Repeat,6231.86
CUST-00098,Emma Garcia,emma.garcia.98@example.com,Australia,2022-01-30,Inactive,142.25
CUST-00099,Sophia Garcia,sophia.garcia.99@example.com,Germany,2019-05-09,Repeat,5450.65
CUST-00100,Kavya Gupta,kavya.gupta.100@example.com,Germany,2020-08-08,One-Time,506.83
CUST-00101,Diya Reddy,diya.reddy.101@example.com,Singapore,2025-04-22,One-Time,563.78
CUST-00102,Vikram Brown,vikram.brown.102@example.com,Australia,2020-03-13,Repeat,4803.76
CUST-00103,Emma Patel,emma.patel.103@example.com,India,2024-10-29,Repeat,2882.71
CUST-00104,Neha Nair,neha.nair.104@example.com,United Arab Emirates,2025-08-07,Repeat,4096.23
CUST-00105,Liam Mehta,liam.mehta.105@example.com,Singapore,2019-06-26,Repeat,4878.55
CUST-00106,Emma Nair,emma.nair.106@example.com,Germany,2020-11-13,Inactive,110.70
CUST-00107,Ishaan Garcia,ishaan.garcia.107@example.com,India,2022-02-25,High-Value,19055.92
CUST-00108,Emma Patel,emma.patel.108@example.com,India,2023-05-31,One-Time,590.19
CUST-00109,Rohan Garcia,rohan.garcia.109@example.com,United Kingdom,2021-06-29,Repeat,1269.01
CUST-00110,Neha Patel,neha.patel.110@example.com,Australia,2018-11-13,High-Value,5135.80
CUST-00111,Ishaan Miller,ishaan.miller.111@example.com,India,2022-09-17,One-Time,1038.78
CUST-00112,Emma Nair,emma.nair.112@example.com,United Arab Emirates,2022-05-26,One-Time,62.62
CUST-00113,Vikram Patel,vikram.patel.113@example.com,Australia,2024-06-05,One-Time,729.30
CUST-00114,Ishaan Garcia,ishaan.garcia.114@example.com,Germany,2019-12-01,Repeat,4591.54
CUST-00115,Liam Garcia,liam.garcia.115@example.com,United Arab Emirates,2023-02-11,Repeat,6419.77
CUST-00116,Rohan Brown,rohan.brown.116@example.com,Australia,2023-12-24,Inactive,223.63
CUST-00117,Emma Gupta,emma.gupta.117@example.com,United Arab Emirates,2025-03-07,Inactive,368.46
CUST-00118,Vikram Miller,vikram.miller.118@example.com,United Kingdom,2018-09-25,Inactive,364.42
CUST-00119,Noah Miller,noah.miller.119@example.com,Canada,2020-03-30,Inactive,191.05
CUST-00120,Liam Reddy,liam.reddy.120@example.com,United Arab Emirates,2018-11-14,Repeat,5123.19
CUST-00121,Aditi Wilson,aditi.wilson.121@example.com,Canada,2018-06-21,Inactive,110.02
CUST-00122,Aditi Gupta,aditi.gupta.122@example.com,United Arab Emirates,2020-04-29,Inactive,326.12
CUST-00123,Aditi Kumar,aditi.kumar.123@example.com,United Arab Emirates,2020-06-28,One-Time,805.41
CUST-00124,Noah Brown,noah.brown.124@example.com,Singapore,2021-08-07,Inactive,431.00
CUST-00125,Olivia Reddy,olivia.reddy.125@example.com,Canada,2022-10-25,Repeat,1979.10
CUST-00126,Arjun Wilson,arjun.wilson.126@example.com,United Arab Emirates,2019-07-30,Repeat,3337.76
CUST-00128,Rohan Miller,rohan.miller.128@example.com,United Arab Emirates,2018-05-07,One-Time,501.41
CUST-00129,Noah Gupta,noah.gupta.129@example.com,Australia,2024-07-02,One-Time,1156.81
CUST-00130,Aarav Reddy,aarav.reddy.130@example.com,India,2020-07-15,One-Time,707.47
CUST-00131,Neha Nair,neha.nair.131@example.com,India,2024-08-12,Repeat,4959.71
CUST-00132,Sophia Wilson,sophia.wilson.132@example.com,United Kingdom,2018-02-20,One-Time,49.50
CUST-00133,Aditi Gupta,aditi.gupta.133@example.com,United States,2023-02-01,Inactive,281.49
CUST-00134,Noah Garcia,noah.garcia.134@example.com,Germany,2023-07-11,Repeat,1717.26
CUST-00135,Sophia Kumar,sophia.kumar.135@example.com,Australia,2019-04-18,Inactive,201.09
CUST-00136,Arjun Sharma,arjun.sharma.136@example.com,United Kingdom,2020-11-12,High-Value,7553.01
CUST-00137,Kavya Kumar,kavya.kumar.137@example.com,United Arab Emirates,2023-06-17,High-Value,17758.00
CUST-00138,Emma Kumar,emma.kumar.138@example.com,Canada,2019-07-30,Inactive,49.03
CUST-00139,Meera Nair,meera.nair.139@example.com,Australia,2020-03-27,High-Value,6710.29
CUST-00140,Ishaan Gupta,ishaan.gupta.140@example.com,United Kingdom,2018-04-03,Repeat,7391.46
CUST-00141,Aarav Wilson,aarav.wilson.141@example.com,United Kingdom,2020-11-05,Repeat,7345.74
CUST-00142,Vikram Patel,vikram.patel.142@example.com,Canada,2025-01-06,Inactive,136.69
CUST-00143,Diya Patel,diya.patel.143@example.com,Australia,2024-12-17,One-Time,91.35
CUST-00144,Emma Mehta,emma.mehta.144@example.com,United Kingdom,2022-05-07,Repeat,6813.04
CUST-00145,Rohan Sharma,rohan.sharma.145@example.com,Canada,2022-11-20,Repeat,1291.26
CUST-00146,Aditi Miller,aditi.miller.146@example.com,United States,2025-01-05,One-Time,589.87
CUST-00147,Vikram Reddy,vikram.reddy.147@example.com,India,2020-02-10,Repeat,4380.63
CUST-00148,Kavya Garcia,kavya.garcia.148@example.com,United States,2018-01-08,High-Value,13463.88
CUST-00149,Aditi Wilson,aditi.wilson.149@example.com,India,2020-03-18,Inactive,233.55
CUST-00150,Meera Nair,meera.nair.150@example.com,Canada,2022-04-12,Repeat,975.25
CUST-00151,Emma Sharma,emma.sharma.151@example.com,Singapore,2020-06-28,High-Value,11989.79
CUST-00152,Liam Garcia,liam.garcia.152@example.com,India,2021-10-19,Inactive,184.24
CUST-00153,Aarav Singh,aarav.singh.153@example.com,India,2019-10-15,Repeat,2048.02
CUST-00154,Liam Nair,liam.nair.154@example.com,Singapore,2020-12-09,Repeat,4016.42
CUST-00155,Arjun Gupta,arjun.gupta.155@example.com,India,2023-07-12,Repeat,1394.67
CUST-00156,Meera Wilson,meera.wilson.156@example.com,United States,2023-07-27,One-Time,777.87
CUST-00157,Emma Nair,emma.nair.157@example.com,India,2019-07-21,Repeat,4085.81
CUST-00158,Arjun Garcia,arjun.garcia.158@example.com,Canada,2020-06-23,Repeat,2425.33
CUST-00159,Rohan Miller,rohan.miller.159@example.com,India,2021-04-22,One-Time,499.84
CUST-00160,Neha Miller,neha.miller.160@example.com,Australia,2023-03-28,Repeat,3026.78
CUST-00161,Vikram Gupta,vikram.gupta.161@example.com,United Arab Emirates,2020-12-27,Repeat,5819.40
CUST-00162,Kavya Garcia,kavya.garcia.162@example.com,Canada,2021-11-24,One-Time,558.17
CUST-00163,Arjun Mehta,arjun.mehta.163@example.com,Singapore,2025-07-09,Repeat,6318.72
CUST-00164,Sophia Kumar,sophia.kumar.164@example.com,Singapore,2018-01-03,One-Time,610.03
CUST-00165,Meera Garcia,meera.garcia.165@example.com,United Arab Emirates,2019-10-02,One-Time,397.04
CUST-00166,Kavya Reddy,kavya.reddy.166@example.com,Germany,2024-05-13,High-Value,9987.08
CUST-00167,Ishaan Gupta,ishaan.gupta.167@example.com,Australia,2023-12-18,Repeat,5918.38
CUST-00168,Aditi Singh,aditi.singh.168@example.com,United Kingdom,2025-01-09,Repeat,3198.32
CUST-00169,Kavya Gupta,kavya.gupta.169@example.com,United Kingdom,2025-05-18,Repeat,5110.23
CUST-00170,Kavya Singh,kavya.singh.170@example.com,United Arab Emirates,2023-06-21,One-Time,514.67
CUST-00171,Liam Kumar,liam.kumar.171@example.com,India,2018-07-06,Inactive,84.56
CUST-00172,Diya Reddy,diya.reddy.172@example.com,United Arab Emirates,2024-02-08,Repeat,2983.92
CUST-00173,Meera Garcia,meera.garcia.173@example.com,United Kingdom,2018-07-07,High-Value,23495.18
CUST-00174,Kavya Gupta,kavya.gupta.174@example.com,United States,2024-03-23,Inactive,51.44
CUST-00175,Neha Kumar,neha.kumar.175@example.com,India,2022-01-27,Repeat,4441.31
CUST-00176,Aditi Gupta,aditi.gupta.176@example.com,United Kingdom,2024-10-26,One-Time,58.53
CUST-00177,Liam Kumar,liam.kumar.177@example.com,Singapore,2018-04-08,Repeat,1196.33
CUST-00178,Ishaan Garcia,ishaan.garcia.178@example.com,Germany,2024-10-16,Repeat,3761.30
CUST-00179,Diya Nair,diya.nair.179@example.com,United Kingdom,2018-04-10,Inactive,430.33
CUST-00180,Sophia Miller,sophia.miller.180@example.com,United Arab Emirates,2020-03-18,Repeat,6756.29
CUST-00181,Vikram Brown,vikram.brown.181@example.com,Canada,2019-09-02,Repeat,2102.86
CUST-00182,Arjun Miller,arjun.miller.182@example.com,Canada,2022-12-31,One-Time,1090.41
CUST-00183,Noah Kumar,noah.kumar.183@example.com,Singapore,2025-07-24,Repeat,1834.21
CUST-00184,Meera Brown,meera.brown.184@example.com,India,2025-09-24,One-Time,506.38
CUST-00185,Diya Patel,diya.patel.185@example.com,India,2024-11-07,One-Time,179.32
CUST-00186,Rohan Sharma,rohan.sharma.186@example.com,Germany,2020-10-28,Repeat,1796.56
CUST-00187,Sophia Sharma,sophia.sharma.187@example.com,Canada,2018-01-19,Repeat,2179.35
CUST-00188,Meera Garcia,meera.garcia.188@example.com,India,2020-06-24,Inactive,421.84
CUST-00189,Sophia Wilson,sophia.wilson.189@example.com,United Arab Emirates,2021-03-20,Inactive,144.51
CUST-00190,Aditi Garcia,aditi.garcia.190@example.com,Germany,2024-09-06,One-Time,707.84
CUST-00191,Emma Kumar,emma.kumar.191@example.com,Australia,2020-04-29,One-Time,416.86
CUST-00192,Noah Miller,noah.miller.192@example.com,United Kingdom,2023-07-27,One-Time,343.17
CUST-00193,Sophia Patel,sophia.patel.193@example.com,Australia,2020-01-24,One-Time,1098.31
CUST-00194,Ishaan Garcia,ishaan.garcia.194@example.com,Australia,2018-02-14,Inactive,13.27
CUST-00195,Liam Singh,liam.singh.195@example.com,Canada,2022-05-09,Repeat,4305.72
CUST-00196,Rohan Brown,rohan.brown.196@example.com,Canada,2020-12-29,Repeat,3497.16
CUST-00197,Liam Mehta,liam.mehta.197@example.com,Singapore,2018-10-30,Repeat,7068.28
CUST-00198,Diya Nair,diya.nair.198@example.com,Canada,2020-03-27,High-Value,12199.72
CUST-00199,Aditi Singh,aditi.singh.199@example.com,United Arab Emirates,2020-05-20,Inactive,156.94
CUST-00200,Neha Wilson,neha.wilson.200@example.com,United Kingdom,2021-11-09,Inactive,477.61
CUST-00201,Meera Garcia,meera.garcia.201@example.com,Germany,2022-01-05,Repeat,7161.96
CUST-00202,Olivia Wilson,olivia.wilson.202@example.com,United Arab Emirates,2024-03-19,One-Time,870.87
CUST-00203,Aditi Brown,aditi.brown.203@example.com,Canada,2021-08-23,Repeat,5002.93
CUST-00204,Diya Sharma,diya.sharma.204@example.com,United States,2024-07-12,Repeat,6719.29
CUST-00205,Vikram Singh,vikram.singh.205@example.com,Australia,2018-07-06,One-Time,1057.96
CUST-00206,Noah Singh,noah.singh.206@example.com,Germany,2018-03-14,One-Time,44.62
CUST-00207,Liam Miller,liam.miller.207@example.com,Canada,2022-02-28,High-Value,10600.94
CUST-00208,Rohan Sharma,rohan.sharma.208@example.com,United Kingdom,2022-12-16,High-Value,11006.04
CUST-00209,Diya Reddy,diya.reddy.209@example.com,United Arab Emirates,2024-10-19,Repeat,5063.48
CUST-00210,Liam Brown,liam.brown.210@example.com,United Kingdom,2024-10-30,Repeat,2909.39
CUST-00211,Arjun Miller,arjun.miller.211@example.com,United States,2022-04-28,Inactive,143.87
CUST-00212,Neha Nair,neha.nair.212@example.com,United Arab Emirates,2025-11-26,Repeat,915.09
CUST-00213,Arjun Mehta,arjun.mehta.213@example.com,United States,2020-05-12,One-Time,455.56
CUST-00214,Ishaan Gupta,ishaan.gupta.214@example.com,United States,2018-06-27,One-Time,1097.70
CUST-00215,Sophia Patel,sophia.patel.215@example.com,Singapore,2018-07-25,One-Time,112.80
CUST-00216,Rohan Nair,rohan.nair.216@example.com,United Kingdom,2024-10-22,Repeat,1820.87
CUST-00217,Kavya Singh,kavya.singh.217@example.com,United States,2019-07-16,One-Time,206.86
CUST-00218,Liam Nair,liam.nair.218@example.com,United States,2023-07-02,Inactive,70.41
CUST-00219,Rohan Gupta,rohan.gupta.219@example.com,India,2023-12-23,One-Time,471.27
CUST-00220,Olivia Nair,olivia.nair.220@example.com,Germany,2023-12-12,High-Value,22679.14
CUST-00221,Rohan Singh,rohan.singh.221@example.com,Singapore,2018-01-13,Repeat,1611.88
CUST-00222,Olivia Singh,olivia.singh.222@example.com,United Arab Emirates,2018-09-23,Repeat,1493.13
CUST-00223,Meera Garcia,meera.garcia.223@example.com,United Arab Emirates,2022-08-05,Repeat,6385.05
CUST-00224,Vikram Kumar,vikram.kumar.224@example.com,Germany,2020-09-28,Inactive,161.21
CUST-00225,Vikram Gupta,vikram.gupta.225@example.com,Canada,2025-11-19,One-Time,575.32
CUST-00226,Liam Wilson,liam.wilson.226@example.com,Canada,2022-12-25,One-Time,631.34
CUST-00227,Ishaan Wilson,ishaan.wilson.227@example.com,United Kingdom,2024-01-24,Repeat,5978.76
CUST-00228,Vikram Kumar,vikram.kumar.228@example.com,United States,2020-01-29,Repeat,2111.02
CUST-00229,Emma Mehta,emma.mehta.229@example.com,United States,2023-10-06,Inactive,325.52
CUST-00230,Aditi Wilson,aditi.wilson.230@example.com,Australia,2019-12-16,Repeat,3876.11
CUST-00231,Meera Nair,meera.nair.231@example.com,Canada,2021-05-09,Repeat,6948.38
CUST-00232,Aditi Singh,aditi.singh.232@example.com,United Arab Emirates,2025-12-23,Repeat,2916.25
CUST-00233,Vikram Reddy,vikram.reddy.233@example.com,Australia,2024-01-07,One-Time,825.74
CUST-00234,Vikram Nair,vikram.nair.234@example.com,Australia,2021-09-06,Inactive,475.05
CUST-00235,Noah Reddy,noah.reddy.235@example.com,United Kingdom,2023-09-03,Repeat,1274.59
CUST-00236,Aarav Brown,aarav.brown.236@example.com,United Arab Emirates,2025-03-31,Repeat,6232.68
CUST-00237,Diya Nair,diya.nair.237@example.com,United Kingdom,2023-10-20,Repeat,4400.98
CUST-00238,Meera Nair,meera.nair.238@example.com,India,2018-07-29,Repeat,4035.84
CUST-00239,Aarav Mehta,aarav.mehta.239@example.com,Singapore,2022-10-30,Repeat,2732.20
CUST-00240,Diya Mehta,diya.mehta.240@example.com,Singapore,2025-03-23,Repeat,5805.67
CUST-00241,Rohan Kumar,rohan.kumar.241@example.com,Canada,2025-03-21,Repeat,1387.97
CUST-00242,Diya Nair,diya.nair.242@example.com,United Arab Emirates,2018-11-02,High-Value,16049.24
CUST-00243,Arjun Mehta,arjun.mehta.243@example.com,United Kingdom,2023-12-25,One-Time,504.33
CUST-00244,Aditi Reddy,aditi.reddy.244@example.com,Singapore,2025-02-22,Inactive,448.81
CUST-00245,Vikram Brown,vikram.brown.245@example.com,United Arab Emirates,2020-12-04,Repeat,5301.39
CUST-00246,Kavya Sharma,kavya.sharma.246@example.com,United Arab Emirates,2021-09-23,Repeat,2337.11
CUST-00247,Noah Miller,noah.miller.247@example.com,United States,2024-06-10,Inactive,268.01
CUST-00248,Rohan Wilson,rohan.wilson.248@example.com,United Arab Emirates,2018-09-02,Inactive,197.31
CUST-00249,Kavya Nair,kavya.nair.249@example.com,United Arab Emirates,2022-11-18,High-Value,22387.51
CUST-00250,Aarav Wilson,aarav.wilson.250@example.com,Canada,2023-05-01,Inactive,286.42
CUST-00251,Aditi Wilson,aditi.wilson.251@example.com,Australia,2020-11-30,Repeat,5546.66
CUST-00252,Ishaan Wilson,ishaan.wilson.252@example.com,United States,2025-07-19,Inactive,274.94
CUST-00253,Aarav Reddy,aarav.reddy.253@example.com,Germany,2019-11-24,Repeat,3150.68
CUST-00254,Noah Gupta,noah.gupta.254@example.com,United Arab Emirates,2019-07-03,One-Time,972.34
CUST-00255,Aditi Nair,aditi.nair.255@example.com,United Kingdom,2024-06-11,One-Time,559.33
CUST-00256,Diya Miller,diya.miller.256@example.com,United Arab Emirates,2020-01-03,One-Time,421.59
CUST-00257,Diya Sharma,diya.sharma.257@example.com,United States,2019-06-09,One-Time,648.60
CUST-00258,Neha Sharma,neha.sharma.258@example.com,United States,2023-05-01,Inactive,77.95
CUST-00259,Emma Nair,emma.nair.259@example.com,Australia,2025-05-16,One-Time,392.10
CUST-00260,Emma Brown,emma.brown.260@example.com,Australia,2025-04-25,One-Time,502.89
CUST-00261,Arjun Brown,arjun.brown.261@example.com,Australia,2024-06-06,One-Time,707.94
CUST-00262,Liam Mehta,liam.mehta.262@example.com,Germany,2025-04-21,Repeat,6312.44
CUST-00263,Aditi Reddy,aditi.reddy.263@example.com,Canada,2023-07-04,Repeat,2931.76
CUST-00264,Kavya Nair,kavya.nair.264@example.com,United Kingdom,2024-09-16,One-Time,93.82
CUST-00265,Sophia Mehta,sophia.mehta.265@example.com,United Kingdom,2021-05-01,Repeat,3376.32
CUST-00266,Rohan Miller,rohan.miller.266@example.com,Australia,2020-09-26,Repeat,7301.72
CUST-00267,Noah Gupta,noah.gupta.267@example.com,United Kingdom,2024-05-09,One-Time,262.92
CUST-00268,Olivia Nair,olivia.nair.268@example.com,Canada,2022-04-25,Inactive,417.30
CUST-00269,Ishaan Kumar,ishaan.kumar.269@example.com,United Arab Emirates,2020-11-26,Repeat,6633.11
CUST-00270,Neha Sharma,neha.sharma.270@example.com,United Kingdom,2018-02-12,One-Time,147.05
CUST-00271,Sophia Gupta,sophia.gupta.271@example.com,Singapore,2018-02-01,One-Time,289.91
CUST-00272,Meera Sharma,meera.sharma.272@example.com,United Arab Emirates,2019-08-20,One-Time,871.64
CUST-00273,Aarav Kumar,aarav.kumar.273@example.com,United Kingdom,2024-12-28,High-Value,21230.55
CUST-00274,Kavya Gupta,kavya.gupta.274@example.com,Germany,2021-08-08,High-Value,5851.93
CUST-00275,Neha Patel,neha.patel.275@example.com,Singapore,2020-05-31,Repeat,7121.35
CUST-00276,Noah Garcia,noah.garcia.276@example.com,United Kingdom,2022-05-11,Repeat,7266.11
CUST-00277,Aditi Miller,aditi.miller.277@example.com,Germany,2021-12-02,Repeat,2139.82
CUST-00278,Diya Wilson,diya.wilson.278@example.com,United States,2024-05-08,Repeat,6987.86
CUST-00279,Meera Brown,meera.brown.279@example.com,United States,2024-09-14,Repeat,3658.90
CUST-00280,Ishaan Patel,ishaan.patel.280@example.com,India,2025-04-29,One-Time,480.12
CUST-00281,Vikram Reddy,vikram.reddy.281@example.com,Germany,2023-12-09,High-Value,8298.19
CUST-00282,Sophia Nair,sophia.nair.282@example.com,United States,2024-11-01,One-Time,560.84
CUST-00283,Neha Miller,neha.miller.283@example.com,United States,2024-05-05,High-Value,22047.77
CUST-00284,Aditi Kumar,aditi.kumar.284@example.com,United Arab Emirates,2023-10-28,One-Time,31.77
CUST-00285,Arjun Garcia,arjun.garcia.285@example.com,Germany,2022-01-27,One-Time,670.22
CUST-00286,Vikram Gupta,vikram.gupta.286@example.com,United Arab Emirates,2025-04-29,Repeat,1508.88
CUST-00287,Rohan Nair,rohan.nair.287@example.com,Australia,2024-01-22,One-Time,949.55
CUST-00288,Vikram Kumar,vikram.kumar.288@example.com,United Arab Emirates,2020-09-24,One-Time,312.97
CUST-00289,Sophia Gupta,sophia.gupta.289@example.com,United States,2025-04-19,Repeat,6725.87
CUST-00290,Sophia Reddy,sophia.reddy.290@example.com,Australia,2022-06-03,Repeat,2176.92
CUST-00291,Noah Gupta,noah.gupta.291@example.com,United Arab Emirates,2018-06-18,Repeat,3244.41
CUST-00292,Arjun Brown,arjun.brown.292@example.com,United States,2020-09-22,One-Time,742.49
CUST-00293,Arjun Reddy,arjun.reddy.293@example.com,Canada,2021-09-28,High-Value,13609.53
CUST-00294,Diya Patel,diya.patel.294@example.com,Canada,2024-05-12,Repeat,1194.17
CUST-00295,Aarav Reddy,aarav.reddy.295@example.com,Germany,2023-04-14,Repeat,3680.04
CUST-00296,Ishaan Brown,ishaan.brown.296@example.com,Australia,2019-01-26,Inactive,54.99
CUST-00297,Liam Nair,liam.nair.297@example.com,United Arab Emirates,2022-04-10,Repeat,7264.53
CUST-00298,Olivia Brown,olivia.brown.298@example.com,Canada,2021-01-02,One-Time,977.83
CUST-00299,Meera Wilson,meera.wilson.299@example.com,United Kingdom,2019-06-26,Repeat,4098.80
CUST-00300,Vikram Mehta,vikram.mehta.300@example.com,Canada,2018-03-27,Repeat,3101.77
CUST-00301,Kavya Singh,kavya.singh.301@example.com,India,2018-02-22,One-Time,946.64
CUST-00302,Emma Brown,emma.brown.302@example.com,Australia,2019-07-07,High-Value,22929.26
CUST-00303,Kavya Brown,kavya.brown.303@example.com,United States,2020-05-26,High-Value,14812.46
CUST-00304,Arjun Reddy,arjun.reddy.304@example.com,Australia,2021-06-10,One-Time,705.36
CUST-00305,Vikram Reddy,vikram.reddy.305@example.com,Singapore,2021-01-31,Repeat,2877.16
CUST-00306,Emma Brown,emma.brown.306@example.com,Australia,2018-10-14,One-Time,922.66
CUST-00307,Sophia Sharma,sophia.sharma.307@example.com,India,2024-06-28,High-Value,19832.93
CUST-00308,Meera Patel,meera.patel.308@example.com,India,2025-06-09,Inactive,124.99
CUST-00309,Noah Singh,noah.singh.309@example.com,United Kingdom,2020-10-01,Inactive,11.31
CUST-00310,Rohan Patel,rohan.patel.310@example.com,United States,2025-06-27,Repeat,3105.52
CUST-00311,Rohan Nair,rohan.nair.311@example.com,United Arab Emirates,2020-12-27,One-Time,750.22
CUST-00312,Arjun Nair,arjun.nair.312@example.com,Australia,2023-09-19,Inactive,492.48
CUST-00313,Sophia Kumar,sophia.kumar.313@example.com,United States,2021-07-26,Repeat,2957.73
CUST-00314,Aditi Sharma,aditi.sharma.314@example.com,United Arab Emirates,2021-11-30,Repeat,4032.56
CUST-00315,Meera Patel,meera.patel.315@example.com,United States,2018-11-20,Repeat,7201.67
CUST-00316,Meera Patel,meera.patel.316@example.com,India,2024-10-18,Repeat,5285.10
CUST-00317,Arjun Nair,arjun.nair.317@example.com,United Kingdom,2019-08-17,One-Time,839.46
CUST-00318,Aarav Reddy,aarav.reddy.318@example.com,Germany,2019-10-16,Inactive,111.18
CUST-00319,Sophia Nair,sophia.nair.319@example.com,Canada,2020-07-07,Repeat,1061.51
CUST-00320,Diya Reddy,diya.reddy.320@example.com,India,2022-07-26,Repeat,6806.14
CUST-00321,Aarav Singh,aarav.singh.321@example.com,Australia,2018-03-08,High-Value,23464.28
CUST-00322,Rohan Garcia,rohan.garcia.322@example.com,United States,2022-07-14,High-Value,12256.40
CUST-00323,Neha Miller,neha.miller.323@example.com,India,2025-02-01,High-Value,13868.02
CUST-00324,Olivia Garcia,olivia.garcia.324@example.com,United Kingdom,2018-10-28,One-Time,37.05
CUST-00325,Aditi Wilson,aditi.wilson.325@example.com,India,2022-06-02,Repeat,5912.02
CUST-00326,Aarav Garcia,aarav.garcia.326@example.com,United Kingdom,2020-09-03,Repeat,1771.00
CUST-00327,Emma Mehta,emma.mehta.327@example.com,Canada,2020-06-11,Repeat,2690.12
CUST-00328,Vikram Miller,vikram.miller.328@example.com,Germany,2022-09-06,Repeat,2327.99
CUST-00329,Noah Nair,noah.nair.329@example.com,Germany,2023-04-02,One-Time,601.50
CUST-00330,Neha Singh,neha.singh.330@example.com,United States,2025-05-13,One-Time,854.99
CUST-00331,Diya Reddy,diya.reddy.331@example.com,India,2018-08-30,Repeat,2427.29
CUST-00332,Aarav Miller,aarav.miller.332@example.com,United States,2021-10-05,One-Time,777.39
CUST-00333,Diya Nair,diya.nair.333@example.com,India,2019-10-14,One-Time,1146.10
CUST-00334,Kavya Wilson,kavya.wilson.334@example.com,Germany,2022-05-16,One-Time,616.90
CUST-00335,Diya Gupta,diya.gupta.335@example.com,Germany,2023-01-18,Repeat,6268.76
CUST-00336,Aditi Patel,aditi.patel.336@example.com,Australia,2019-07-03,Inactive,91.31
CUST-00337,Kavya Mehta,kavya.mehta.337@example.com,United Kingdom,2019-06-07,Repeat,6759.95
CUST-00338,Aarav Reddy,aarav.reddy.338@example.com,Singapore,2021-01-12,One-Time,797.63
CUST-00339,Liam Mehta,liam.mehta.339@example.com,United Kingdom,2018-10-05,High-Value,18188.26
CUST-00340,Olivia Garcia,olivia.garcia.340@example.com,United Kingdom,2019-04-06,High-Value,17162.38
CUST-00341,Neha Patel,neha.patel.341@example.com,United Arab Emirates,2021-06-03,Repeat,3956.01
CUST-00342,Vikram Patel,vikram.patel.342@example.com,Singapore,2021-01-10,High-Value,5392.40
CUST-00343,Ishaan Garcia,ishaan.garcia.343@example.com,United Arab Emirates,2018-01-11,Inactive,233.25
CUST-00344,Emma Patel,emma.patel.344@example.com,United Kingdom,2022-10-05,Repeat,5301.40
CUST-00345,Kavya Brown,kavya.brown.345@example.com,United Kingdom,2023-04-05,Inactive,20.70
CUST-00346,Neha Gupta,neha.gupta.346@example.com,Canada,2022-09-18,High-Value,10847.52
CUST-00347,Diya Singh,diya.singh.347@example.com,United States,2023-11-27,One-Time,1162.74
CUST-00348,Liam Brown,liam.brown.348@example.com,United States,2022-03-11,Repeat,4633.23
CUST-00349,Rohan Garcia,rohan.garcia.349@example.com,India,2025-01-31,One-Time,55.27
CUST-00350,Kavya Brown,kavya.brown.350@example.com,Canada,2025-05-22,Repeat,2639.78
CUST-00351,Liam Sharma,liam.sharma.351@example.com,United States,2023-02-21,Repeat,6222.62
CUST-00352,Emma Patel,emma.patel.352@example.com,United Arab Emirates,2023-06-13,High-Value,8115.44
CUST-00353,Liam Patel,liam.patel.353@example.com,United Arab Emirates,2019-01-25,Repeat,2538.84
CUST-00354,Aditi Patel,aditi.patel.354@example.com,Australia,2021-06-29,High-Value,15575.01
CUST-00355,Rohan Singh,rohan.singh.355@example.com,United Arab Emirates,2025-02-05,One-Time,736.99
CUST-00356,Meera Garcia,meera.garcia.356@example.com,Germany,2021-12-03,Repeat,1071.71
CUST-00357,Arjun Patel,arjun.patel.357@example.com,Australia,2020-08-10,One-Time,1103.99
CUST-00358,Vikram Patel,vikram.patel.358@example.com,Australia,2021-12-19,Repeat,4576.44
CUST-00359,Ishaan Brown,ishaan.brown.359@example.com,Germany,2025-11-16,Inactive,98.46
CUST-00360,Meera Reddy,meera.reddy.360@example.com,Singapore,2024-05-29,High-Value,9135.41
CUST-00361,Diya Singh,diya.singh.361@example.com,United States,2020-08-05,Repeat,4566.55
CUST-00362,Neha Garcia,neha.garcia.362@example.com,United Arab Emirates,2019-02-28,Inactive,120.74
CUST-00363,Liam Nair,liam.nair.363@example.com,Singapore,2022-01-06,Repeat,4570.52
CUST-00364,Liam Wilson,liam.wilson.364@example.com,United States,2019-04-24,Inactive,361.20
CUST-00365,Olivia Sharma,olivia.sharma.365@example.com,Germany,2019-07-18,Repeat,1750.03
CUST-00366,Ishaan Singh,ishaan.singh.366@example.com,India,2024-10-07,Repeat,7258.74
CUST-00367,Diya Garcia,diya.garcia.367@example.com,Canada,2018-11-14,Repeat,1378.70
CUST-00368,Noah Gupta,noah.gupta.368@example.com,India,2025-01-01,One-Time,854.83
CUST-00369,Arjun Miller,arjun.miller.369@example.com,United States,2019-08-23,Repeat,7015.07
CUST-00370,Kavya Mehta,kavya.mehta.370@example.com,Germany,2023-06-29,One-Time,626.97
CUST-00371,Liam Kumar,liam.kumar.371@example.com,Germany,2019-02-01,One-Time,524.28
CUST-00372,Olivia Nair,olivia.nair.372@example.com,Canada,2021-11-13,Repeat,5754.51
CUST-00373,Vikram Kumar,vikram.kumar.373@example.com,Germany,2020-03-21,One-Time,864.44
CUST-00374,Aditi Garcia,aditi.garcia.374@example.com,United Kingdom,2022-10-05,Repeat,5912.84
CUST-00375,Sophia Gupta,sophia.gupta.375@example.com,Australia,2024-08-17,Repeat,3495.22
CUST-00376,Noah Sharma,noah.sharma.376@example.com,India,2019-04-23,Repeat,6094.11
CUST-00377,Aditi Singh,aditi.singh.377@example.com,United Kingdom,2020-06-15,Repeat,1640.85
CUST-00378,Meera Nair,meera.nair.378@example.com,Australia,2020-02-29,Repeat,1653.41
CUST-00379,Neha Brown,neha.brown.379@example.com,Canada,2019-08-26,One-Time,1094.53
CUST-00380,Aditi Mehta,aditi.mehta.380@example.com,Germany,2022-12-14,One-Time,953.09
CUST-00381,Ishaan Reddy,ishaan.reddy.381@example.com,Singapore,2020-05-18,One-Time,472.34
CUST-00382,Arjun Mehta,arjun.mehta.382@example.com,United Arab Emirates,2024-08-26,Repeat,7063.33
CUST-00383,Aarav Reddy,aarav.reddy.383@example.com,Australia,2020-02-20,Repeat,7439.75
CUST-00384,Meera Patel,meera.patel.384@example.com,Germany,2019-07-29,Repeat,6114.78
CUST-00385,Vikram Gupta,vikram.gupta.385@example.com,United Arab Emirates,2024-10-21,Inactive,141.72
CUST-00386,Diya Reddy,diya.reddy.386@example.com,India,2019-11-15,Repeat,4356.61
CUST-00387,Olivia Nair,olivia.nair.387@example.com,United Kingdom,2025-12-10,One-Time,343.24
CUST-00388,Emma Gupta,emma.gupta.388@example.com,United Kingdom,2025-05-14,Repeat,6007.55
CUST-00389,Ishaan Gupta,ishaan.gupta.389@example.com,Australia,2018-04-21,One-Time,783.95
CUST-00390,Kavya Reddy,kavya.reddy.390@example.com,Germany,2018-05-27,Repeat,4264.72
CUST-00391,Ishaan Singh,ishaan.singh.391@example.com,United Kingdom,2021-01-07,Repeat,2860.28
CUST-00392,Rohan Patel,rohan.patel.392@example.com,United Kingdom,2019-10-08,One-Time,714.83
CUST-00393,Aditi Sharma,aditi.sharma.393@example.com,Germany,2024-05-17,Inactive,15.80
CUST-00394,Emma Kumar,emma.kumar.394@example.com,Australia,2018-11-16,One-Time,449.52
CUST-00395,Vikram Miller,vikram.miller.395@example.com,United States,2019-06-27,Repeat,3715.63
CUST-00396,Emma Nair,emma.nair.396@example.com,Germany,2022-06-24,Repeat,2885.28
CUST-00397,Rohan Reddy,rohan.reddy.397@example.com,Australia,2021-07-04,Repeat,3259.57
CUST-00398,Sophia Gupta,sophia.gupta.398@example.com,Singapore,2022-07-01,High-Value,10334.70
CUST-00399,Aarav Garcia,aarav.garcia.399@example.com,United Kingdom,2025-06-06,Repeat,5234.68
CUST-00400,Noah Gupta,noah.gupta.400@example.com,India,2020-07-07,One-Time,670.27
CUST-00401,Neha Sharma,neha.sharma.401@example.com,Singapore,2024-03-17,One-Time,287.22
CUST-00402,Liam Reddy,liam.reddy.402@example.com,Canada,2021-07-04,One-Time,332.93
CUST-00403,Aditi Reddy,aditi.reddy.403@example.com,United Kingdom,2020-10-02,One-Time,254.42
CUST-00404,Neha Gupta,neha.gupta.404@example.com,Australia,2018-12-12,One-Time,1073.29
CUST-00405,Kavya Singh,kavya.singh.405@example.com,United States,2018-08-01,Repeat,6470.25
CUST-00406,Sophia Wilson,sophia.wilson.406@example.com,Canada,2019-05-01,High-Value,17641.58
CUST-00407,Emma Sharma,emma.sharma.407@example.com,Australia,2025-03-09,Inactive,370.03
CUST-00408,Olivia Nair,olivia.nair.408@example.com,Germany,2024-11-06,One-Time,374.67
CUST-00409,Aditi Mehta,aditi.mehta.409@example.com,United States,2018-12-02,Inactive,148.23
CUST-00410,Noah Reddy,noah.reddy.410@example.com,United Kingdom,2025-05-12,Repeat,5248.88
CUST-00411,Aarav Singh,aarav.singh.411@example.com,Germany,2020-09-14,One-Time,1154.98
CUST-00412,Aarav Singh,aarav.singh.412@example.com,India,2019-03-28,Repeat,2240.30
CUST-00413,Sophia Reddy,sophia.reddy.413@example.com,Canada,2019-09-13,Repeat,2087.02
CUST-00414,Liam Mehta,liam.mehta.414@example.com,Australia,2024-11-19,Repeat,5562.86
CUST-00415,Rohan Reddy,rohan.reddy.415@example.com,United Arab Emirates,2021-01-02,Repeat,3642.95
CUST-00416,Aarav Sharma,aarav.sharma.416@example.com,United States,2023-08-06,Repeat,6135.09
CUST-00417,Liam Mehta,liam.mehta.417@example.com,Canada,2019-09-01,Repeat,3304.24
CUST-00418,Rohan Sharma,rohan.sharma.418@example.com,Australia,2022-05-29,One-Time,323.20
CUST-00419,Sophia Patel,sophia.patel.419@example.com,Canada,2021-08-22,One-Time,367.03
CUST-00420,Rohan Garcia,rohan.garcia.420@example.com,Singapore,2019-05-22,Repeat,2170.31
CUST-00421,Ishaan Garcia,ishaan.garcia.421@example.com,Germany,2019-08-29,Repeat,6810.57
CUST-00422,Ishaan Reddy,ishaan.reddy.422@example.com,United Arab Emirates,2019-12-08,One-Time,245.49
CUST-00423,Emma Patel,emma.patel.423@example.com,United Arab Emirates,2025-06-06,High-Value,16661.67
CUST-00424,Vikram Nair,vikram.nair.424@example.com,United Kingdom,2022-03-25,Repeat,5347.86
CUST-00425,Diya Singh,diya.singh.425@example.com,Australia,2018-08-28,One-Time,787.24
CUST-00426,Kavya Patel,kavya.patel.426@example.com,Singapore,2023-11-18,Inactive,184.11
CUST-00427,Aarav Kumar,aarav.kumar.427@example.com,Germany,2025-04-13,One-Time,1106.88
CUST-00428,Arjun Miller,arjun.miller.428@example.com,Germany,2025-05-03,Repeat,1114.59
CUST-00429,Diya Garcia,diya.garcia.429@example.com,United Kingdom,2025-04-04,High-Value,15244.03
CUST-00430,Aditi Singh,aditi.singh.430@example.com,United Kingdom,2023-09-26,Repeat,4068.24
CUST-00431,Kavya Miller,kavya.miller.431@example.com,Canada,2023-04-04,One-Time,177.80
CUST-00432,Neha Reddy,neha.reddy.432@example.com,Germany,2021-02-14,Repeat,2947.44
CUST-00433,Kavya Mehta,kavya.mehta.433@example.com,United Kingdom,2022-05-09,Repeat,4383.27
CUST-00434,Olivia Patel,olivia.patel.434@example.com,United Arab Emirates,2025-07-21,Repeat,5433.89
CUST-00435,Diya Gupta,diya.gupta.435@example.com,Australia,2020-05-13,One-Time,926.37
CUST-00436,Liam Miller,liam.miller.436@example.com,United States,2018-04-16,Inactive,345.72
CUST-00437,Neha Brown,neha.brown.437@example.com,United Kingdom,2021-12-02,One-Time,452.92
CUST-00438,Noah Reddy,noah.reddy.438@example.com,United Kingdom,2024-04-30,One-Time,635.15
CUST-00439,Aarav Reddy,aarav.reddy.439@example.com,United Arab Emirates,2019-11-11,High-Value,24698.61
CUST-00440,Kavya Sharma,kavya.sharma.440@example.com,United States,2018-10-01,One-Time,422.92
CUST-00441,Meera Mehta,meera.mehta.441@example.com,Australia,2022-07-08,One-Time,935.31
CUST-00442,Neha Wilson,neha.wilson.442@example.com,United Kingdom,2023-09-16,One-Time,836.05
CUST-00443,Liam Reddy,liam.reddy.443@example.com,United States,2023-08-13,One-Time,991.73
CUST-00444,Neha Reddy,neha.reddy.444@example.com,United States,2023-12-02,High-Value,12103.16
CUST-00445,Olivia Singh,olivia.singh.445@example.com,United Arab Emirates,2020-05-12,Repeat,6719.71
CUST-00446,Ishaan Singh,ishaan.singh.446@example.com,United Arab Emirates,2020-04-25,One-Time,1046.37
CUST-00447,Meera Miller,meera.miller.447@example.com,Canada,2022-01-01,One-Time,249.51
CUST-00448,Ishaan Kumar,ishaan.kumar.448@example.com,United States,2019-03-11,One-Time,1199.54
CUST-00448,Meera Reddy,meera.reddy.640@example.com,Canada,2018-03-23,Repeat,5010.52
CUST-00449,Kavya Patel,kavya.patel.449@example.com,Germany,2025-05-01,One-Time,956.39
CUST-00450,Olivia Garcia,olivia.garcia.450@example.com,Australia,2022-09-11,Repeat,3099.68
CUST-00451,Noah Brown,noah.brown.451@example.com,Germany,2018-02-12,Repeat,2699.25
CUST-00452,Sophia Singh,sophia.singh.452@example.com,Germany,2020-06-07,One-Time,51.59
CUST-00453,Ishaan Mehta,ishaan.mehta.453@example.com,Australia,2021-06-17,Repeat,4643.07
CUST-00454,Arjun Miller,arjun.miller.454@example.com,United Arab Emirates,2024-09-25,Inactive,420.70
CUST-00455,Olivia Reddy,olivia.reddy.455@example.com,Australia,2018-11-11,Repeat,7449.13
CUST-00456,Meera Miller,meera.miller.456@example.com,United Kingdom,2020-07-12,Inactive,362.89
CUST-00457,Aditi Brown,,United States,2021-09-02,Repeat,1966.78
CUST-00458,Olivia Reddy,olivia.reddy.458@example.com,United Kingdom,2022-07-22,Repeat,4298.32
CUST-00459,Olivia Gupta,olivia.gupta.459@example.com,India,2022-06-08,One-Time,473.60
CUST-00460,Arjun Reddy,arjun.reddy.460@example.com,United Arab Emirates,2023-07-23,One-Time,510.00
CUST-00461,Noah Wilson,noah.wilson.461@example.com,Australia,2022-06-19,One-Time,363.88
CUST-00462,Neha Brown,neha.brown.462@example.com,India,2018-12-21,Repeat,5074.59
CUST-00463,Sophia Gupta,sophia.gupta.463@example.com,Australia,2023-03-24,One-Time,127.02
CUST-00464,Diya Gupta,diya.gupta.464@example.com,Australia,2018-08-05,Repeat,4388.82
CUST-00465,Kavya Brown,kavya.brown.465@example.com,Germany,2025-01-30,Inactive,20.84
CUST-00466,Ishaan Sharma,ishaan.sharma.466@example.com,Singapore,2019-06-17,High-Value,17133.35
CUST-00467,Vikram Singh,vikram.singh.467@example.com,Germany,2022-01-23,High-Value,20287.71
CUST-00468,Aditi Mehta,aditi.mehta.468@example.com,United Kingdom,2021-05-30,One-Time,566.48
CUST-00469,Noah Kumar,noah.kumar.469@example.com,Canada,2019-08-02,Repeat,4741.01
CUST-00470,Noah Brown,noah.brown.470@example.com,India,2020-03-26,Repeat,4110.49
CUST-00471,Noah Reddy,noah.reddy.471@example.com,Canada,2022-01-16,One-Time,78.70
CUST-00472,Diya Wilson,diya.wilson.472@example.com,Canada,2019-07-16,High-Value,16877.57
CUST-00473,Emma Miller,emma.miller.473@example.com,Canada,2020-08-02,One-Time,1026.03
CUST-00474,Aditi Reddy,aditi.reddy.474@example.com,India,2022-07-18,Inactive,378.44
CUST-00475,Rohan Garcia,rohan.garcia.475@example.com,Canada,2019-09-08,Repeat,1328.62
CUST-00476,Olivia Gupta,olivia.gupta.476@example.com,Australia,2019-07-18,One-Time,584.29
CUST-00477,Neha Brown,neha.brown.477@example.com,Canada,2022-09-18,One-Time,664.33
CUST-00478,Emma Kumar,emma.kumar.478@example.com,India,2023-07-20,Repeat,5736.79
CUST-00479,Ishaan Miller,ishaan.miller.479@example.com,Singapore,2018-07-03,One-Time,667.58
CUST-00480,Liam Mehta,liam.mehta.480@example.com,United Kingdom,2024-07-03,Repeat,1670.90
CUST-00481,Liam Gupta,liam.gupta.481@example.com,Singapore,2018-03-16,Repeat,1450.71
CUST-00482,Ishaan Gupta,ishaan.gupta.482@example.com,India,2019-10-26,Repeat,6395.74
CUST-00483,Liam Brown,liam.brown.483@example.com,Australia,2020-10-25,Repeat,1230.38
CUST-00484,Emma Miller,emma.miller.484@example.com,Singapore,2023-03-13,One-Time,1032.26
CUST-00485,Meera Mehta,meera.mehta.485@example.com,Germany,2020-02-14,One-Time,39.01
CUST-00486,Arjun Garcia,arjun.garcia.486@example.com,India,2019-02-15,Repeat,6705.46
CUST-00487,Diya Brown,diya.brown.487@example.com,Germany,2024-06-18,One-Time,1141.49
CUST-00488,Diya Garcia,diya.garcia.488@example.com,Germany,2025-07-05,Repeat,1480.66
CUST-00489,Diya Mehta,diya.mehta.489@example.com,India,2023-09-22,Inactive,135.05
CUST-00490,Sophia Gupta,sophia.gupta.490@example.com,India,2021-04-10,One-Time,374.20
CUST-00491,Arjun Reddy,arjun.reddy.491@example.com,United States,2025-09-01,One-Time,808.94
CUST-00492,Noah Nair,noah.nair.492@example.com,India,2018-11-05,Inactive,485.25
CUST-00493,Aarav Garcia,aarav.garcia.493@example.com,United Arab Emirates,2018-03-04,Repeat,3402.06
CUST-00494,Rohan Mehta,rohan.mehta.494@example.com,United States,2020-04-09,High-Value,20895.91
CUST-00495,Emma Patel,emma.patel.495@example.com,Germany,2020-03-09,Repeat,6554.17
CUST-00496,Meera Gupta,meera.gupta.496@example.com,India,2025-11-24,One-Time,500.70
CUST-00497,Emma Singh,emma.singh.497@example.com,Canada,2022-07-13,One-Time,237.06
CUST-00498,Vikram Garcia,vikram.garcia.498@example.com,Germany,2018-11-19,One-Time,1183.90
CUST-00499,Ishaan Sharma,ishaan.sharma.499@example.com,India,2024-01-13,One-Time,549.97
CUST-00500,Vikram Wilson,vikram.wilson.500@example.com,Australia,2021-08-06,One-Time,1072.96
CUST-00501,Arjun Mehta,arjun.mehta.501@example.com,United States,2023-11-13,Repeat,2372.20
CUST-00502,Liam Sharma,liam.sharma.502@example.com,United Kingdom,2022-12-30,Repeat,6450.68
CUST-00503,Sophia Gupta,sophia.gupta.503@example.com,United States,2019-09-25,Repeat,1556.23
CUST-00504,Sophia Nair,sophia.nair.504@example.com,Germany,2022-03-13,Repeat,7046.04
CUST-00505,Arjun Singh,arjun.singh.505@example.com,Germany,2019-08-26,Repeat,1836.32
CUST-00506,Arjun Brown,arjun.brown.506@example.com,United Kingdom,2024-08-12,Repeat,2948.08
CUST-00507,Emma Mehta,emma.mehta.507@example.com,Germany,2020-06-02,Repeat,2387.68
CUST-00508,Sophia Garcia,sophia.garcia.508@example.com,United Kingdom,2024-04-28,One-Time,557.25
CUST-00509,Sophia Gupta,sophia.gupta.509@example.com,United States,2021-08-14,Repeat,2052.44
CUST-00510,Aditi Kumar,aditi.kumar.510@example.com,Canada,2019-03-06,One-Time,390.32
CUST-00511,Meera Nair,meera.nair.511@example.com,Canada,2021-03-27,Repeat,6679.82
CUST-00512,Arjun Brown,arjun.brown.512@example.com,Singapore,2019-03-21,Inactive,425.75
CUST-00513,Liam Patel,liam.patel.513@example.com,United Arab Emirates,2024-01-01,One-Time,293.31
CUST-00514,Aditi Garcia,aditi.garcia.514@example.com,India,2018-11-03,Inactive,35.81
CUST-00515,Emma Brown,emma.brown.515@example.com,Germany,2019-06-15,Repeat,7321.22
CUST-00516,Ishaan Patel,ishaan.patel.516@example.com,United Kingdom,2023-03-13,Repeat,4994.86
CUST-00517,Liam Nair,liam.nair.517@example.com,United Arab Emirates,2021-06-14,One-Time,307.03
CUST-00518,Aditi Nair,aditi.nair.518@example.com,United Kingdom,2023-04-17,Repeat,5179.30
CUST-00519,Aarav Brown,aarav.brown.519@example.com,United Kingdom,2018-01-12,Repeat,3633.96
CUST-00520,Aarav Nair,aarav.nair.520@example.com,India,2019-05-23,Inactive,101.37
CUST-00521,Sophia Nair,sophia.nair.521@example.com,Australia,2024-12-22,Repeat,2224.99
CUST-00522,Sophia Miller,sophia.miller.522@example.com,United Arab Emirates,2022-03-18,Repeat,3606.82
CUST-00523,Liam Miller,liam.miller.523@example.com,Australia,2025-12-11,Repeat,3962.03
CUST-00524,Liam Reddy,liam.reddy.524@example.com,Canada,2019-01-11,One-Time,652.34
CUST-00525,Aarav Mehta,aarav.mehta.525@example.com,Germany,2022-02-10,One-Time,502.44
CUST-00526,Aditi Kumar,aditi.kumar.526@example.com,United States,2019-05-25,Inactive,266.10
CUST-00527,Liam Sharma,liam.sharma.527@example.com,Australia,2023-03-25,Inactive,118.93
CUST-00528,Liam Patel,liam.patel.528@example.com,Canada,2022-05-29,Inactive,89.02
CUST-00529,Olivia Gupta,olivia.gupta.529@example.com,United States,2020-02-26,Repeat,5227.48
CUST-00530,Sophia Kumar,sophia.kumar.530@example.com,United Arab Emirates,2022-12-02,One-Time,848.98
CUST-00531,Neha Kumar,neha.kumar.531@example.com,Singapore,2024-10-04,Repeat,1323.36
CUST-00532,Liam Garcia,liam.garcia.532@example.com,United Kingdom,2020-08-25,Repeat,3179.56
CUST-00533,Noah Kumar,noah.kumar.533@example.com,United Kingdom,2020-10-18,Repeat,4431.16
CUST-00534,Ishaan Sharma,ishaan.sharma.534@example.com,Singapore,2021-10-26,Inactive,380.42
CUST-00535,Aditi Singh,aditi.singh.535@example.com,United Kingdom,2019-05-01,One-Time,184.54
CUST-00536,Emma Patel,emma.patel.536@example.com,Singapore,2018-10-06,Inactive,82.61
CUST-00537,Olivia Garcia,olivia.garcia.537@example.com,United Arab Emirates,2023-03-01,One-Time,285.07
CUST-00538,Vikram Gupta,vikram.gupta.538@example.com,United States,2018-12-02,One-Time,418.79
CUST-00539,Emma Gupta,emma.gupta.539@example.com,Canada,2018-09-27,High-Value,23505.81
CUST-00540,Liam Mehta,liam.mehta.1076@example.com,Germany,2023-08-18,Inactive,445.57
CUST-00540,Liam Wilson,liam.wilson.540@example.com,India,2025-03-29,One-Time,980.88
CUST-00541,Rohan Mehta,rohan.mehta.541@example.com,India,2022-10-10,One-Time,899.58
CUST-00542,Ishaan Gupta,ishaan.gupta.542@example.com,United Arab Emirates,2022-04-06,Inactive,25.58
CUST-00543,Arjun Reddy,arjun.reddy.543@example.com,Germany,2020-11-27,Inactive,209.41
CUST-00544,Diya Patel,diya.patel.544@example.com,Canada,2022-11-17,Repeat,5396.57
CUST-00545,Vikram Nair,vikram.nair.545@example.com,Canada,2018-12-16,High-Value,15422.81
CUST-00546,Kavya Garcia,kavya.garcia.546@example.com,United Arab Emirates,2022-01-25,One-Time,1048.27
CUST-00547,Aarav Singh,aarav.singh.547@example.com,India,2023-07-12,Repeat,3587.86
CUST-00548,Kavya Singh,kavya.singh.548@example.com,United Arab Emirates,2021-04-01,Repeat,5227.93
CUST-00549,Ishaan Wilson,ishaan.wilson.549@example.com,India,2023-08-27,One-Time,688.12
CUST-00550,Arjun Garcia,arjun.garcia.550@example.com,Canada,2024-01-07,Repeat,4915.24
CUST-00551,Olivia Miller,olivia.miller.551@example.com,Canada,2020-12-11,One-Time,958.29
CUST-00552,Sophia Brown,sophia.brown.552@example.com,United Arab Emirates,2024-09-13,Repeat,4029.40
CUST-00553,Diya Gupta,diya.gupta.553@example.com,India,2018-05-15,Repeat,6502.06
CUST-00554,Aarav Miller,aarav.miller.554@example.com,Singapore,2024-07-24,Repeat,5251.31
CUST-00555,Aditi Miller,aditi.miller.555@example.com,Singapore,2019-09-22,Repeat,3677.62
CUST-00556,Kavya Gupta,kavya.gupta.556@example.com,United States,2021-08-10,Repeat,4173.71
CUST-00557,Sophia Nair,sophia.nair.557@example.com,Canada,2021-08-14,Repeat,6370.27
CUST-00558,Noah Singh,noah.singh.558@example.com,United Arab Emirates,2018-08-24,Repeat,2521.38
CUST-00559,Olivia Wilson,olivia.wilson.559@example.com,Germany,2019-04-18,Repeat,5223.84
CUST-00560,Emma Reddy,emma.reddy.560@example.com,Germany,2025-03-27,Inactive,61.18
CUST-00561,Emma Kumar,emma.kumar.561@example.com,Singapore,2019-01-23,One-Time,521.80
CUST-00562,Rohan Nair,rohan.nair.562@example.com,United Kingdom,2021-03-06,One-Time,1095.50
CUST-00563,Arjun Brown,arjun.brown.563@example.com,Singapore,2025-01-06,One-Time,69.23
CUST-00564,Liam Sharma,liam.sharma.564@example.com,United Arab Emirates,2024-08-23,One-Time,1057.77
CUST-00565,Arjun Gupta,arjun.gupta.565@example.com,Germany,2022-04-17,One-Time,83.00
CUST-00566,Neha Mehta,neha.mehta.566@example.com,Australia,2024-11-11,High-Value,11992.71
CUST-00567,Liam Singh,liam.singh.567@example.com,India,2022-02-10,One-Time,998.36
CUST-00568,Vikram Kumar,vikram.kumar.568@example.com,United States,2024-05-17,Repeat,2727.95
CUST-00569,Neha Miller,neha.miller.569@example.com,United Arab Emirates,2024-11-08,Repeat,1344.08
CUST-00570,Vikram Wilson,vikram.wilson.570@example.com,United States,2024-02-22,Inactive,236.48
CUST-00571,Aarav Brown,aarav.brown.571@example.com,United Kingdom,2023-06-19,Inactive,303.51
CUST-00572,Olivia Brown,olivia.brown.572@example.com,United Arab Emirates,2019-10-25,Repeat,2160.36
CUST-00573,Meera Reddy,meera.reddy.573@example.com,India,2021-10-27,Inactive,69.96
CUST-00574,Kavya Brown,,United Kingdom,2018-10-31,One-Time,686.50
CUST-00575,Diya Gupta,diya.gupta.575@example.com,United Arab Emirates,2023-05-23,One-Time,266.00
CUST-00576,Meera Brown,meera.brown.576@example.com,United Arab Emirates,2018-12-20,Repeat,6428.35
CUST-00577,Noah Reddy,noah.reddy.577@example.com,United Kingdom,2021-11-12,Inactive,387.10
CUST-00578,Vikram Gupta,vikram.gupta.578@example.com,United Arab Emirates,2021-05-12,Inactive,75.78
CUST-00579,Diya Brown,diya.brown.579@example.com,India,2019-08-21,One-Time,73.87
CUST-00580,Liam Gupta,liam.gupta.580@example.com,United States,2025-02-04,Repeat,3295.55
CUST-00581,Aarav Kumar,aarav.kumar.581@example.com,Australia,2019-06-11,One-Time,450.63
CUST-00582,Emma Nair,emma.nair.582@example.com,India,2018-05-29,Inactive,437.73
CUST-00583,Rohan Mehta,rohan.mehta.583@example.com,United States,2025-02-17,One-Time,22.17
CUST-00584,Olivia Sharma,olivia.sharma.584@example.com,Singapore,2019-03-05,Repeat,1308.37
CUST-00585,Meera Garcia,meera.garcia.585@example.com,Singapore,2020-05-27,Inactive,160.87
CUST-00586,Ishaan Gupta,ishaan.gupta.586@example.com,United Kingdom,2018-06-06,Repeat,5374.67
CUST-00587,Rohan Sharma,rohan.sharma.587@example.com,Canada,2023-10-25,Repeat,5979.10
CUST-00588,Vikram Sharma,vikram.sharma.588@example.com,Singapore,2024-05-21,High-Value,10703.46
CUST-00589,Diya Brown,diya.brown.589@example.com,United Kingdom,2018-12-08,High-Value,8507.58
CUST-00590,Sophia Singh,sophia.singh.590@example.com,Germany,2018-07-25,Repeat,3941.65
CUST-00591,Olivia Wilson,olivia.wilson.591@example.com,Singapore,2020-09-19,One-Time,833.05
CUST-00592,Rohan Wilson,rohan.wilson.592@example.com,United Arab Emirates,2025-11-18,One-Time,227.01
CUST-00593,Emma Nair,emma.nair.593@example.com,United Kingdom,2025-03-24,One-Time,1016.11
CUST-00594,Liam Mehta,liam.mehta.594@example.com,Singapore,2019-11-23,Repeat,1707.80
CUST-00595,Emma Singh,emma.singh.595@example.com,India,2024-08-02,Repeat,3729.94
CUST-00596,Aarav Nair,aarav.nair.596@example.com,United Kingdom,2023-08-20,High-Value,8660.77
CUST-00597,Emma Mehta,emma.mehta.597@example.com,United Kingdom,2021-12-27,Repeat,5173.83
CUST-00598,Olivia Mehta,olivia.mehta.598@example.com,United States,2022-11-30,One-Time,802.63
CUST-00599,Ishaan Mehta,ishaan.mehta.599@example.com,United States,2025-10-15,Inactive,320.72
CUST-00600,Diya Patel,diya.patel.600@example.com,Germany,2021-05-03,High-Value,22059.21
CUST-00601,Meera Wilson,meera.wilson.601@example.com,Singapore,2020-10-13,Inactive,8.48
CUST-00602,Aditi Nair,aditi.nair.602@example.com,India,2025-03-04,Repeat,3481.27
CUST-00603,Aditi Garcia,,Australia,2021-07-27,Inactive,131.28
CUST-00604,Noah Mehta,noah.mehta.604@example.com,United Kingdom,2023-02-18,Inactive,447.47
CUST-00605,Kavya Miller,kavya.miller.605@example.com,United Kingdom,2021-02-08,Inactive,317.38
CUST-00606,Vikram Kumar,vikram.kumar.606@example.com,United States,2021-08-04,Inactive,37.22
CUST-00607,Liam Sharma,liam.sharma.607@example.com,Canada,2019-08-13,One-Time,744.94
CUST-00608,Rohan Garcia,rohan.garcia.608@example.com,Australia,2020-09-21,Repeat,5160.78
CUST-00609,Neha Garcia,neha.garcia.609@example.com,United Kingdom,2019-01-27,One-Time,859.52
CUST-00610,Arjun Wilson,arjun.wilson.610@example.com,Germany,2021-09-24,One-Time,1163.42
CUST-00611,Aarav Garcia,aarav.garcia.611@example.com,United Kingdom,2024-04-19,One-Time,1138.81
CUST-00612,Kavya Brown,kavya.brown.612@example.com,United States,2020-05-06,Repeat,5576.72
CUST-00613,Meera Singh,meera.singh.613@example.com,India,2022-02-02,One-Time,984.84
CUST-00614,Rohan Miller,rohan.miller.614@example.com,United Arab Emirates,2025-06-14,Repeat,1568.53
CUST-00615,Rohan Sharma,rohan.sharma.615@example.com,Australia,2020-03-08,Repeat,6539.01
CUST-00616,Rohan Singh,rohan.singh.616@example.com,Australia,2025-10-03,One-Time,636.71
CUST-00617,Aarav Kumar,aarav.kumar.617@example.com,Australia,2023-11-18,Inactive,341.44
CUST-00618,Olivia Singh,olivia.singh.618@example.com,Singapore,2025-06-13,Inactive,381.86
CUST-00619,Ishaan Mehta,ishaan.mehta.619@example.com,Singapore,2024-07-28,Repeat,5527.77
CUST-00620,Liam Singh,liam.singh.620@example.com,Australia,2022-07-19,One-Time,255.84
CUST-00621,Rohan Gupta,rohan.gupta.621@example.com,Australia,2023-03-02,Inactive,0.02
CUST-00622,Meera Gupta,meera.gupta.622@example.com,United Kingdom,2019-11-04,One-Time,54.44
CUST-00623,Emma Wilson,emma.wilson.623@example.com,Singapore,2018-08-09,Repeat,5276.75
CUST-00624,Noah Mehta,noah.mehta.624@example.com,United States,2020-08-02,Repeat,5720.82
CUST-00625,Vikram Reddy,vikram.reddy.625@example.com,India,2023-10-20,Inactive,120.36
CUST-00626,Aarav Miller,aarav.miller.626@example.com,United Arab Emirates,2020-01-15,One-Time,68.27
CUST-00627,Sophia Sharma,sophia.sharma.627@example.com,India,2024-06-01,One-Time,721.62
CUST-00628,Olivia Nair,olivia.nair.628@example.com,United States,2020-12-12,One-Time,871.51
CUST-00629,Neha Reddy,neha.reddy.629@example.com,Singapore,2022-10-13,Repeat,6339.94
CUST-00630,Liam Mehta,liam.mehta.630@example.com,Germany,2025-07-09,Repeat,2858.16
CUST-00631,Noah Patel,noah.patel.631@example.com,United Kingdom,2025-01-30,Repeat,2577.14
CUST-00632,Noah Sharma,noah.sharma.632@example.com,United States,2022-02-06,High-Value,14794.90
CUST-00633,Rohan Nair,rohan.nair.633@example.com,Singapore,2018-02-27,High-Value,7301.83
CUST-00634,Aditi Mehta,aditi.mehta.634@example.com,India,2020-10-10,Repeat,1154.99
CUST-00635,Emma Brown,emma.brown.635@example.com,United States,2024-10-02,Repeat,1909.80
CUST-00636,Sophia Reddy,sophia.reddy.636@example.com,Australia,2023-10-17,Repeat,7066.63
CUST-00637,Arjun Miller,arjun.miller.637@example.com,United Kingdom,2018-11-04,High-Value,6703.65
CUST-00638,Sophia Sharma,sophia.sharma.638@example.com,India,2018-08-13,One-Time,775.91
CUST-00639,Meera Sharma,meera.sharma.639@example.com,Australia,2021-01-09,One-Time,522.42
CUST-00641,Emma Reddy,emma.reddy.641@example.com,United Arab Emirates,2022-03-07,Repeat,2961.73
CUST-00642,Ishaan Reddy,ishaan.reddy.642@example.com,United States,2021-12-15,Repeat,6684.90
CUST-00643,Kavya Gupta,kavya.gupta.643@example.com,Australia,2020-03-20,One-Time,610.22
CUST-00644,Rohan Patel,rohan.patel.644@example.com,Singapore,2024-05-25,Inactive,497.21
CUST-00645,Kavya Nair,kavya.nair.645@example.com,United Arab Emirates,2020-02-23,One-Time,296.92
CUST-00646,Sophia Nair,sophia.nair.646@example.com,Singapore,2018-04-12,Repeat,2149.61
CUST-00647,Rohan Miller,rohan.miller.647@example.com,Australia,2021-02-26,One-Time,561.64
CUST-00648,Olivia Patel,olivia.patel.648@example.com,Singapore,2022-04-21,Repeat,5640.41
CUST-00649,Liam Garcia,liam.garcia.649@example.com,United States,2021-05-18,High-Value,17369.43
CUST-00650,Meera Reddy,meera.reddy.650@example.com,Singapore,2025-03-16,Repeat,7459.69
CUST-00651,Kavya Garcia,kavya.garcia.651@example.com,Singapore,2020-06-17,Inactive,63.05
CUST-00652,Meera Wilson,meera.wilson.652@example.com,Singapore,2022-11-07,Repeat,1523.54
CUST-00653,Kavya Patel,kavya.patel.653@example.com,Germany,2018-08-17,Repeat,6806.62
CUST-00654,Sophia Miller,sophia.miller.654@example.com,United Arab Emirates,2023-03-08,Repeat,1676.12
CUST-00655,Aditi Nair,aditi.nair.655@example.com,Singapore,2021-08-02,Repeat,3366.17
CUST-00656,Meera Wilson,meera.wilson.656@example.com,Canada,2023-06-03,One-Time,33.03
CUST-00657,Meera Patel,meera.patel.657@example.com,Australia,2019-09-18,One-Time,496.40
CUST-00658,Liam Sharma,liam.sharma.658@example.com,United States,2024-07-05,Inactive,94.44
CUST-00659,Neha Patel,neha.patel.659@example.com,United States,2022-08-17,Repeat,6469.64
CUST-00660,Emma Mehta,emma.mehta.660@example.com,United States,2022-07-28,Inactive,284.96
CUST-00661,Neha Garcia,neha.garcia.661@example.com,India,2021-12-17,One-Time,613.65
CUST-00662,Olivia Wilson,olivia.wilson.662@example.com,India,2023-07-04,One-Time,1068.72
CUST-00663,Arjun Patel,arjun.patel.663@example.com,Germany,2025-10-14,Repeat,2250.63
CUST-00664,Diya Brown,diya.brown.664@example.com,United Kingdom,2021-01-18,One-Time,95.03
CUST-00665,Sophia Patel,sophia.patel.665@example.com,United States,2025-02-10,Repeat,2930.44
CUST-00666,Meera Gupta,meera.gupta.666@example.com,United Kingdom,2022-10-18,One-Time,385.29
CUST-00667,Vikram Patel,vikram.patel.667@example.com,Singapore,2021-07-19,Repeat,2260.40
CUST-00668,Emma Singh,emma.singh.668@example.com,United Arab Emirates,2022-12-01,One-Time,892.98
CUST-00669,Diya Garcia,diya.garcia.669@example.com,Germany,2023-01-10,Inactive,106.68
CUST-00670,Arjun Nair,arjun.nair.670@example.com,India,2024-05-08,One-Time,981.46
CUST-00671,Olivia Sharma,olivia.sharma.671@example.com,United Arab Emirates,2020-04-10,Repeat,1094.30
CUST-00672,Neha Garcia,neha.garcia.672@example.com,Singapore,2018-03-26,Repeat,4101.60
CUST-00673,Arjun Brown,arjun.brown.673@example.com,United Arab Emirates,2023-12-20,Repeat,5447.30
CUST-00674,Meera Sharma,meera.sharma.674@example.com,United States,2022-05-01,Inactive,20.84
CUST-00675,Olivia Brown,olivia.brown.675@example.com,Canada,2024-08-25,Inactive,230.96
CUST-00676,Vikram Wilson,vikram.wilson.676@example.com,Canada,2018-01-30,Repeat,3994.82
CUST-00677,Arjun Kumar,arjun.kumar.677@example.com,Germany,2022-08-07,Repeat,899.20
CUST-00678,Aditi Patel,aditi.patel.678@example.com,United States,2021-06-19,One-Time,890.83
CUST-00679,Aarav Sharma,aarav.sharma.679@example.com,Germany,2018-11-17,Repeat,1668.66
CUST-00680,Liam Gupta,liam.gupta.680@example.com,Canada,2019-11-08,Repeat,3981.41
CUST-00681,Aditi Reddy,aditi.reddy.681@example.com,United Arab Emirates,2022-01-07,Repeat,2256.47
CUST-00682,Meera Patel,meera.patel.682@example.com,United Kingdom,2022-03-06,One-Time,971.48
CUST-00683,Vikram Patel,vikram.patel.683@example.com,Singapore,2023-06-15,One-Time,601.23
CUST-00684,Meera Garcia,meera.garcia.684@example.com,India,2019-09-27,Repeat,1517.73
CUST-00685,Aarav Wilson,aarav.wilson.685@example.com,United Arab Emirates,2024-06-21,One-Time,1103.24
CUST-00686,Aarav Sharma,aarav.sharma.686@example.com,India,2025-07-10,Inactive,197.26
CUST-00687,Sophia Miller,sophia.miller.687@example.com,Australia,2019-08-31,One-Time,384.82
CUST-00688,Meera Kumar,meera.kumar.688@example.com,Singapore,2023-07-11,Repeat,6533.24
CUST-00689,Arjun Nair,arjun.nair.689@example.com,United States,2019-04-25,Inactive,340.10
CUST-00690,Vikram Garcia,vikram.garcia.690@example.com,Germany,2023-03-19,Repeat,7183.70
CUST-00691,Kavya Reddy,kavya.reddy.691@example.com,Singapore,2023-01-14,Inactive,445.86
CUST-00692,Emma Miller,emma.miller.692@example.com,United States,2021-09-19,One-Time,786.54
CUST-00693,Arjun Gupta,arjun.gupta.693@example.com,United States,2025-08-07,Repeat,1739.76
CUST-00694,Olivia Reddy,olivia.reddy.694@example.com,United Arab Emirates,2022-05-03,Repeat,6903.44
CUST-00695,Vikram Kumar,vikram.kumar.695@example.com,United States,2023-04-16,Repeat,5320.35
CUST-00696,Olivia Mehta,olivia.mehta.696@example.com,United Arab Emirates,2020-11-01,Repeat,5480.34
CUST-00697,Meera Garcia,meera.garcia.697@example.com,Canada,2022-06-21,Repeat,5714.19
CUST-00698,Rohan Mehta,rohan.mehta.698@example.com,Singapore,2023-06-21,High-Value,5811.60
CUST-00699,Meera Brown,meera.brown.699@example.com,United States,2022-03-08,Repeat,4418.46
CUST-00700,Sophia Reddy,sophia.reddy.700@example.com,United States,2025-04-27,One-Time,486.81
CUST-00701,Meera Wilson,meera.wilson.701@example.com,United Arab Emirates,2020-03-18,Repeat,7243.15
CUST-00702,Kavya Garcia,kavya.garcia.702@example.com,Germany,2020-01-30,Inactive,99.59
CUST-00703,Meera Kumar,meera.kumar.703@example.com,India,2019-06-13,One-Time,938.02
CUST-00704,Rohan Gupta,rohan.gupta.704@example.com,United States,2018-03-14,Inactive,54.74
CUST-00705,Liam Gupta,liam.gupta.705@example.com,India,2023-03-17,Inactive,380.92
CUST-00706,Aditi Patel,aditi.patel.706@example.com,Australia,2020-06-21,Repeat,1345.75
CUST-00707,Aditi Wilson,aditi.wilson.707@example.com,Germany,2018-08-08,High-Value,23138.61
CUST-00708,Olivia Kumar,olivia.kumar.708@example.com,Australia,2025-04-06,Repeat,7011.55
CUST-00709,Aditi Wilson,aditi.wilson.709@example.com,Canada,2022-04-01,Repeat,1197.27
CUST-00710,Meera Garcia,meera.garcia.710@example.com,United Kingdom,2024-07-02,Inactive,57.13
CUST-00711,Ishaan Reddy,ishaan.reddy.711@example.com,United Kingdom,2019-12-11,One-Time,295.82
CUST-00712,Noah Nair,noah.nair.712@example.com,Canada,2019-06-03,One-Time,533.84
CUST-00713,Neha Reddy,neha.reddy.713@example.com,Australia,2025-02-21,Inactive,186.79
CUST-00714,Emma Gupta,emma.gupta.714@example.com,India,2018-04-20,One-Time,348.31
CUST-00715,Arjun Patel,arjun.patel.715@example.com,United Kingdom,2024-05-04,Inactive,429.82
CUST-00716,Noah Nair,noah.nair.716@example.com,United Kingdom,2021-04-10,Repeat,2682.39
CUST-00717,Kavya Mehta,kavya.mehta.717@example.com,United States,2022-07-22,High-Value,15118.27
CUST-00718,Aarav Reddy,aarav.reddy.718@example.com,India,2023-02-06,One-Time,847.90
CUST-00719,Liam Brown,liam.brown.719@example.com,Germany,2021-07-10,Repeat,4102.25
CUST-00720,Aditi Kumar,aditi.kumar.720@example.com,Singapore,2020-05-05,One-Time,774.54
CUST-00721,Liam Kumar,liam.kumar.721@example.com,United Kingdom,2022-09-12,One-Time,1032.62
CUST-00722,Aditi Nair,aditi.nair.722@example.com,Canada,2018-01-27,One-Time,1042.97
CUST-00723,Liam Gupta,liam.gupta.723@example.com,Australia,2021-05-19,One-Time,738.93
CUST-00724,Sophia Mehta,sophia.mehta.724@example.com,United States,2020-03-25,One-Time,853.15
CUST-00725,Olivia Miller,olivia.miller.725@example.com,Australia,2019-10-30,Repeat,7340.99
CUST-00726,Rohan Brown,rohan.brown.726@example.com,United States,2025-11-28,Repeat,2073.79
CUST-00727,Emma Nair,emma.nair.727@example.com,United States,2022-10-18,One-Time,642.83
CUST-00728,Rohan Wilson,rohan.wilson.728@example.com,United Kingdom,2020-09-15,Repeat,2801.56
CUST-00729,Noah Brown,noah.brown.729@example.com,United States,2025-11-08,One-Time,591.61
CUST-00730,Noah Patel,noah.patel.730@example.com,United Arab Emirates,2019-05-27,Inactive,120.10
CUST-00731,Diya Sharma,diya.sharma.731@example.com,United Kingdom,2024-08-28,High-Value,19112.13
CUST-00732,Arjun Nair,arjun.nair.732@example.com,United Kingdom,2020-03-17,Repeat,1287.54
CUST-00733,Arjun Sharma,arjun.sharma.733@example.com,Germany,2024-04-14,High-Value,13125.20
CUST-00734,Kavya Reddy,kavya.reddy.734@example.com,United Kingdom,2023-06-15,High-Value,14418.69
CUST-00735,Arjun Singh,arjun.singh.735@example.com,United States,2023-08-25,One-Time,1195.08
CUST-00736,Emma Reddy,emma.reddy.736@example.com,United States,2021-06-07,One-Time,247.10
CUST-00737,Rohan Wilson,rohan.wilson.737@example.com,Australia,2023-02-28,One-Time,435.76
CUST-00738,Kavya Kumar,kavya.kumar.738@example.com,Canada,2018-12-07,Repeat,1889.34
CUST-00739,Aditi Singh,aditi.singh.739@example.com,Singapore,2023-03-20,Repeat,4778.68
CUST-00740,Olivia Gupta,olivia.gupta.740@example.com,United Kingdom,2020-10-12,One-Time,748.88
CUST-00741,Aditi Brown,aditi.brown.741@example.com,Australia,2025-06-20,High-Value,17771.79
CUST-00742,Vikram Singh,vikram.singh.742@example.com,India,2019-07-08,One-Time,899.62
CUST-00743,Meera Singh,meera.singh.743@example.com,Singapore,2022-10-01,Repeat,6612.91
CUST-00744,Ishaan Singh,ishaan.singh.744@example.com,Singapore,2022-11-12,One-Time,878.78
CUST-00745,Olivia Sharma,olivia.sharma.745@example.com,Australia,2021-03-09,Repeat,1804.13
CUST-00746,Emma Singh,,United Arab Emirates,2025-02-26,Repeat,2737.39
CUST-00747,Sophia Patel,sophia.patel.747@example.com,Australia,2020-08-02,One-Time,529.59
CUST-00748,Liam Singh,liam.singh.748@example.com,Canada,2019-04-22,One-Time,588.94
CUST-00749,Kavya Brown,kavya.brown.749@example.com,United Arab Emirates,2020-09-15,One-Time,671.31
CUST-00750,Noah Mehta,noah.mehta.750@example.com,United States,2019-09-22,Inactive,38.61
CUST-00751,Rohan Patel,rohan.patel.751@example.com,United Kingdom,2020-09-10,Repeat,3014.98
CUST-00752,Ishaan Nair,ishaan.nair.752@example.com,United Kingdom,2021-05-06,One-Time,470.37
CUST-00753,Kavya Garcia,kavya.garcia.753@example.com,Germany,2018-09-20,Repeat,1563.43
CUST-00754,Neha Miller,neha.miller.754@example.com,Canada,2022-07-21,One-Time,213.97
CUST-00755,Diya Nair,diya.nair.755@example.com,United Arab Emirates,2021-04-10,Repeat,5784.61
CUST-00756,Emma Nair,emma.nair.756@example.com,Australia,2018-09-17,One-Time,741.05
CUST-00757,Sophia Patel,sophia.patel.757@example.com,Germany,2022-05-11,One-Time,237.67
CUST-00758,Meera Brown,meera.brown.758@example.com,Australia,2021-07-25,Inactive,286.86
CUST-00759,Neha Nair,neha.nair.759@example.com,Singapore,2025-08-01,Repeat,865.90
CUST-00760,Olivia Garcia,olivia.garcia.760@example.com,India,2024-02-02,One-Time,91.05
CUST-00761,Diya Mehta,diya.mehta.761@example.com,Singapore,2021-10-15,One-Time,753.31
CUST-00762,Aarav Brown,aarav.brown.762@example.com,Australia,2020-06-15,High-Value,19806.74
CUST-00763,Ishaan Reddy,ishaan.reddy.763@example.com,Singapore,2022-11-19,One-Time,641.46
CUST-00764,Rohan Reddy,rohan.reddy.764@example.com,Australia,2023-10-25,One-Time,912.03
CUST-00765,Olivia Nair,olivia.nair.765@example.com,United Arab Emirates,2023-08-18,Repeat,5165.30
CUST-00766,Sophia Brown,sophia.brown.766@example.com,Singapore,2024-01-14,Repeat,5418.84
CUST-00767,Rohan Nair,rohan.nair.767@example.com,Canada,2018-04-09,One-Time,637.77
CUST-00768,Rohan Garcia,rohan.garcia.768@example.com,Germany,2022-02-19,High-Value,11402.44
CUST-00769,Ishaan Mehta,ishaan.mehta.769@example.com,Australia,2021-08-14,Repeat,1574.32
CUST-00770,Meera Brown,meera.brown.770@example.com,Canada,2022-11-20,High-Value,16110.88
CUST-00771,Vikram Nair,vikram.nair.771@example.com,Germany,2025-12-30,One-Time,587.41
CUST-00772,Vikram Brown,vikram.brown.772@example.com,Canada,2021-05-21,Repeat,4332.43
CUST-00773,Vikram Wilson,vikram.wilson.773@example.com,Singapore,2021-04-02,Repeat,6289.53
CUST-00774,Olivia Kumar,olivia.kumar.774@example.com,United States,2020-07-03,Repeat,4420.86
CUST-00775,Aarav Mehta,aarav.mehta.775@example.com,Singapore,2021-01-11,High-Value,15267.87
CUST-00776,Sophia Brown,sophia.brown.776@example.com,Germany,2024-12-04,One-Time,942.33
CUST-00777,Neha Wilson,neha.wilson.777@example.com,Germany,2020-10-08,One-Time,747.47
CUST-00778,Olivia Kumar,olivia.kumar.778@example.com,United Arab Emirates,2018-08-28,Inactive,63.49
CUST-00779,Meera Gupta,meera.gupta.779@example.com,India,2021-06-02,Repeat,1405.82
CUST-00780,Vikram Mehta,vikram.mehta.780@example.com,United Arab Emirates,2025-10-20,Repeat,1458.90
CUST-00781,Neha Reddy,neha.reddy.781@example.com,Australia,2020-04-11,High-Value,13768.01
CUST-00782,Meera Garcia,meera.garcia.782@example.com,United Arab Emirates,2023-08-03,One-Time,428.23
CUST-00783,Aarav Gupta,aarav.gupta.783@example.com,United Kingdom,2018-12-07,Repeat,2276.13
CUST-00784,Vikram Singh,vikram.singh.784@example.com,United States,2020-07-29,One-Time,667.26
CUST-00785,Emma Garcia,emma.garcia.785@example.com,India,2020-04-10,One-Time,1057.18
CUST-00786,Rohan Singh,rohan.singh.786@example.com,Canada,2025-07-02,One-Time,1192.07
CUST-00787,Noah Mehta,noah.mehta.787@example.com,Australia,2025-01-01,Repeat,4844.89
CUST-00788,Ishaan Miller,ishaan.miller.788@example.com,United Kingdom,2020-07-30,Repeat,7414.03
CUST-00789,Diya Brown,diya.brown.789@example.com,India,2024-02-03,One-Time,642.41
CUST-00790,Liam Brown,liam.brown.790@example.com,Singapore,2018-04-17,Repeat,3874.36
CUST-00791,Rohan Brown,rohan.brown.791@example.com,United States,2022-05-18,Repeat,7178.60
CUST-00792,Neha Nair,neha.nair.792@example.com,Australia,2023-04-19,Inactive,449.70
CUST-00793,Emma Miller,emma.miller.793@example.com,Australia,2022-12-08,High-Value,5535.79
CUST-00794,Aarav Brown,aarav.brown.794@example.com,Australia,2020-01-14,Repeat,3096.93
CUST-00795,Rohan Wilson,rohan.wilson.795@example.com,United Kingdom,2025-03-26,High-Value,18736.19
CUST-00796,Neha Brown,neha.brown.796@example.com,Canada,2020-06-25,Repeat,2640.53
CUST-00797,Kavya Mehta,kavya.mehta.797@example.com,United Kingdom,2019-07-05,High-Value,18586.28
CUST-00798,Emma Patel,emma.patel.798@example.com,Germany,2019-05-09,Repeat,2643.20
CUST-00799,Neha Singh,neha.singh.799@example.com,United Arab Emirates,2025-11-19,One-Time,366.98
CUST-00800,Liam Sharma,liam.sharma.800@example.com,United Arab Emirates,2018-02-21,High-Value,20733.90
CUST-00801,Liam Miller,liam.miller.801@example.com,India,2025-06-09,One-Time,81.75
CUST-00802,Kavya Nair,kavya.nair.802@example.com,United Kingdom,2023-05-11,One-Time,1161.42
CUST-00803,Emma Brown,emma.brown.803@example.com,United States,2018-02-21,Inactive,442.09
CUST-00804,Sophia Sharma,sophia.sharma.804@example.com,United Kingdom,2025-08-26,One-Time,179.23
CUST-00805,Aditi Nair,aditi.nair.805@example.com,Canada,2021-12-29,Inactive,410.51
CUST-00806,Vikram Brown,vikram.brown.806@example.com,Singapore,2023-06-09,Inactive,211.30
CUST-00807,Meera Brown,meera.brown.807@example.com,Canada,2018-12-21,Inactive,386.99
CUST-00808,Vikram Brown,vikram.brown.808@example.com,Singapore,2022-05-06,Repeat,6895.94
CUST-00809,Noah Sharma,noah.sharma.809@example.com,Germany,2021-05-30,One-Time,397.83
CUST-00810,Aditi Gupta,aditi.gupta.810@example.com,Germany,2020-12-25,Inactive,322.77
CUST-00811,Neha Mehta,neha.mehta.811@example.com,United Arab Emirates,2022-02-25,Repeat,3663.48
CUST-00812,Emma Mehta,emma.mehta.812@example.com,United States,2020-08-18,Inactive,360.89
CUST-00813,Sophia Garcia,sophia.garcia.813@example.com,United Kingdom,2020-12-23,Repeat,5191.21
CUST-00814,Diya Nair,diya.nair.814@example.com,Australia,2020-07-04,Repeat,6470.39
CUST-00815,Aditi Sharma,aditi.sharma.815@example.com,Australia,2018-12-02,One-Time,249.59
CUST-00816,Rohan Gupta,rohan.gupta.816@example.com,Australia,2021-06-14,One-Time,336.48
CUST-00817,Vikram Sharma,vikram.sharma.817@example.com,Germany,2025-08-25,Inactive,230.86
CUST-00818,Diya Nair,diya.nair.818@example.com,Canada,2022-03-28,Inactive,139.35
CUST-00819,Neha Reddy,neha.reddy.819@example.com,Germany,2024-02-02,Repeat,4125.10
CUST-00820,Kavya Singh,kavya.singh.820@example.com,United States,2021-12-24,One-Time,1169.28
CUST-00821,Diya Nair,diya.nair.821@example.com,Singapore,2018-04-20,One-Time,843.17
CUST-00822,Aarav Garcia,aarav.garcia.822@example.com,United States,2022-03-31,Inactive,416.40
CUST-00823,Olivia Sharma,olivia.sharma.823@example.com,Canada,2020-01-27,High-Value,8617.74
CUST-00824,Noah Wilson,noah.wilson.824@example.com,United Arab Emirates,2023-12-02,Repeat,4992.53
CUST-00825,Vikram Gupta,vikram.gupta.825@example.com,India,2020-08-05,Repeat,4607.97
CUST-00826,Meera Reddy,meera.reddy.826@example.com,United Kingdom,2023-04-01,Inactive,226.80
CUST-00827,Ishaan Nair,ishaan.nair.827@example.com,Singapore,2023-10-01,One-Time,803.97
CUST-00828,Aditi Nair,aditi.nair.828@example.com,United Kingdom,2022-03-03,Repeat,4242.66
CUST-00829,Emma Nair,emma.nair.829@example.com,United Kingdom,2021-06-24,One-Time,369.95
CUST-00830,Arjun Sharma,arjun.sharma.830@example.com,United Arab Emirates,2022-02-16,Repeat,6163.03
CUST-00831,Arjun Garcia,arjun.garcia.831@example.com,Singapore,2018-12-31,High-Value,5403.83
CUST-00832,Kavya Kumar,kavya.kumar.832@example.com,United States,2025-12-21,High-Value,5518.40
CUST-00833,Arjun Reddy,arjun.reddy.833@example.com,United Arab Emirates,2021-03-18,Repeat,2405.32
CUST-00834,Aditi Gupta,aditi.gupta.834@example.com,India,2021-06-04,Repeat,5279.32
CUST-00835,Arjun Brown,arjun.brown.835@example.com,Singapore,2022-01-10,Inactive,389.02
CUST-00836,Sophia Mehta,sophia.mehta.836@example.com,Singapore,2022-08-13,Repeat,6103.65
CUST-00837,Vikram Nair,vikram.nair.837@example.com,Singapore,2023-08-14,Repeat,2351.27
CUST-00838,Sophia Reddy,sophia.reddy.838@example.com,Germany,2024-10-03,One-Time,841.87
CUST-00839,Emma Singh,emma.singh.839@example.com,United Kingdom,2022-04-19,One-Time,604.15
CUST-00840,Ishaan Singh,ishaan.singh.840@example.com,Germany,2021-09-16,Repeat,7362.91
CUST-00841,Olivia Miller,olivia.miller.841@example.com,Australia,2021-03-09,Inactive,349.21
CUST-00842,Emma Gupta,emma.gupta.842@example.com,India,2021-05-16,One-Time,508.71
CUST-00843,Emma Kumar,emma.kumar.843@example.com,United Kingdom,2025-02-05,Repeat,2100.76
CUST-00844,Emma Kumar,emma.kumar.844@example.com,United Kingdom,2020-04-13,One-Time,421.43
CUST-00845,Rohan Garcia,rohan.garcia.845@example.com,United States,2019-03-10,One-Time,1178.13
CUST-00846,Kavya Reddy,kavya.reddy.846@example.com,Australia,2022-06-02,Inactive,325.78
CUST-00847,Aditi Nair,aditi.nair.847@example.com,United Kingdom,2019-09-09,Repeat,6281.17
CUST-00848,Arjun Sharma,arjun.sharma.848@example.com,Canada,2019-11-13,One-Time,531.10
CUST-00849,Meera Brown,meera.brown.849@example.com,United Arab Emirates,2023-05-03,One-Time,366.86
CUST-00850,Meera Brown,meera.brown.850@example.com,United Kingdom,2020-03-16,High-Value,16691.95
CUST-00851,Diya Gupta,diya.gupta.851@example.com,Singapore,2019-10-01,Repeat,4484.26
CUST-00852,Ishaan Brown,ishaan.brown.852@example.com,Singapore,2019-07-21,One-Time,1068.72
CUST-00853,Arjun Miller,arjun.miller.853@example.com,United Kingdom,2018-06-10,One-Time,491.89
CUST-00854,Aarav Nair,aarav.nair.854@example.com,Canada,2018-09-10,Repeat,2046.17
CUST-00855,Aarav Wilson,aarav.wilson.855@example.com,Singapore,2021-01-10,Repeat,6354.58
CUST-00856,Emma Miller,emma.miller.856@example.com,United States,2022-11-02,Repeat,6024.31
CUST-00857,Ishaan Gupta,ishaan.gupta.857@example.com,United States,2023-06-24,Repeat,3607.48
CUST-00858,Meera Sharma,meera.sharma.858@example.com,Germany,2021-04-21,High-Value,18195.38
CUST-00859,Sophia Brown,sophia.brown.859@example.com,Australia,2019-06-12,One-Time,1006.99
CUST-00860,Sophia Singh,sophia.singh.860@example.com,United Arab Emirates,2022-02-07,Repeat,3744.24
CUST-00861,Rohan Mehta,rohan.mehta.861@example.com,Singapore,2021-04-17,Repeat,4786.90
CUST-00862,Vikram Kumar,vikram.kumar.862@example.com,Singapore,2021-01-26,Repeat,6353.39
CUST-00863,Diya Reddy,diya.reddy.863@example.com,Singapore,2019-08-08,One-Time,1106.79
CUST-00864,Aarav Sharma,aarav.sharma.864@example.com,United Kingdom,2019-03-02,High-Value,12536.98
CUST-00865,Ishaan Nair,ishaan.nair.865@example.com,United Arab Emirates,2025-02-05,Repeat,6065.87
CUST-00866,Rohan Miller,rohan.miller.866@example.com,India,2024-12-20,One-Time,299.28
CUST-00867,Meera Garcia,meera.garcia.867@example.com,United Arab Emirates,2022-03-08,One-Time,472.36
CUST-00868,Arjun Garcia,arjun.garcia.868@example.com,Australia,2020-05-18,Repeat,1061.65
CUST-00869,Neha Gupta,neha.gupta.869@example.com,Canada,2021-12-30,One-Time,964.37
CUST-00870,Diya Mehta,diya.mehta.870@example.com,Canada,2020-03-10,Repeat,4465.89
CUST-00871,Noah Wilson,noah.wilson.871@example.com,Singapore,2023-01-21,One-Time,631.08
CUST-00872,Liam Sharma,liam.sharma.872@example.com,Germany,2020-06-20,One-Time,324.42
CUST-00873,Noah Brown,noah.brown.873@example.com,Germany,2019-09-18,High-Value,5110.93
CUST-00874,Olivia Wilson,olivia.wilson.874@example.com,Singapore,2023-05-13,High-Value,14840.08
CUST-00875,Liam Gupta,liam.gupta.875@example.com,India,2021-03-26,High-Value,19737.63
CUST-00876,Olivia Wilson,olivia.wilson.876@example.com,Canada,2022-04-01,Inactive,499.41
CUST-00877,Arjun Gupta,arjun.gupta.877@example.com,Australia,2024-12-13,One-Time,690.28
CUST-00878,Neha Singh,neha.singh.878@example.com,United Arab Emirates,2022-06-10,Inactive,440.43
CUST-00879,Noah Reddy,noah.reddy.879@example.com,Singapore,2023-11-14,Repeat,1120.01
CUST-00880,Rohan Reddy,rohan.reddy.880@example.com,Canada,2018-12-10,Repeat,877.08
CUST-00881,Noah Mehta,noah.mehta.881@example.com,India,2023-06-16,One-Time,1138.97
CUST-00882,Noah Nair,noah.nair.882@example.com,Canada,2022-01-20,One-Time,761.46
CUST-00883,Olivia Brown,olivia.brown.883@example.com,United Arab Emirates,2024-08-01,High-Value,13444.54
CUST-00884,Emma Kumar,emma.kumar.884@example.com,United States,2025-03-09,One-Time,153.88
CUST-00885,Sophia Garcia,sophia.garcia.885@example.com,Canada,2022-07-19,Repeat,1333.56
CUST-00886,Arjun Reddy,arjun.reddy.886@example.com,Singapore,2018-05-05,Repeat,5858.55
CUST-00887,Arjun Patel,arjun.patel.887@example.com,India,2019-11-18,One-Time,164.87
CUST-00888,Noah Brown,noah.brown.888@example.com,United Kingdom,2023-06-22,Repeat,1307.71
CUST-00889,Liam Garcia,liam.garcia.889@example.com,Canada,2023-12-27,Repeat,7312.55
CUST-00890,Neha Gupta,neha.gupta.890@example.com,United Kingdom,2019-09-10,One-Time,596.50
CUST-00891,Aditi Patel,aditi.patel.891@example.com,India,2021-06-02,Inactive,74.93
CUST-00892,Noah Kumar,noah.kumar.892@example.com,United States,2023-01-23,One-Time,760.10
CUST-00893,Olivia Brown,olivia.brown.893@example.com,Singapore,2019-02-03,One-Time,210.14
CUST-00894,Aditi Nair,aditi.nair.894@example.com,Australia,2025-08-19,Repeat,6239.35
CUST-00895,Diya Wilson,diya.wilson.895@example.com,India,2025-01-24,Repeat,2161.34
CUST-00896,Noah Sharma,noah.sharma.896@example.com,United Arab Emirates,2022-10-23,Repeat,3376.95
CUST-00897,Aarav Kumar,aarav.kumar.897@example.com,Canada,2021-11-11,High-Value,16807.27
CUST-00898,Liam Miller,liam.miller.898@example.com,Canada,2023-03-11,Repeat,2576.29
CUST-00899,Diya Miller,diya.miller.899@example.com,Singapore,2024-10-02,Repeat,4722.06
CUST-00900,Liam Patel,liam.patel.900@example.com,United Arab Emirates,2022-07-17,Inactive,15.84
CUST-00901,Diya Garcia,diya.garcia.901@example.com,Germany,2020-12-13,One-Time,428.02
CUST-00902,Neha Kumar,neha.kumar.902@example.com,Singapore,2024-05-17,Repeat,1752.45
CUST-00903,Meera Kumar,meera.kumar.903@example.com,United Kingdom,2024-07-10,One-Time,726.61
CUST-00904,Diya Singh,diya.singh.904@example.com,United Kingdom,2021-09-18,One-Time,1170.86
CUST-00905,Arjun Kumar,arjun.kumar.905@example.com,Australia,2023-04-23,One-Time,565.50
CUST-00906,Meera Kumar,meera.kumar.906@example.com,United Arab Emirates,2020-09-21,Repeat,6860.64
CUST-00907,Arjun Miller,arjun.miller.907@example.com,Australia,2021-07-21,Inactive,352.92
CUST-00908,Arjun Miller,arjun.miller.908@example.com,Canada,2024-11-13,Repeat,7318.06
CUST-00909,Vikram Singh,vikram.singh.909@example.com,United States,2020-05-29,One-Time,113.86
CUST-00910,Aarav Garcia,aarav.garcia.910@example.com,Germany,2020-08-05,One-Time,216.43
CUST-00911,Neha Nair,neha.nair.911@example.com,Singapore,2019-09-04,Inactive,191.77
CUST-00912,Arjun Brown,arjun.brown.912@example.com,Singapore,2018-08-26,One-Time,884.96
CUST-00913,Olivia Miller,olivia.miller.913@example.com,Canada,2021-06-05,One-Time,745.05
CUST-00914,Diya Gupta,diya.gupta.914@example.com,Australia,2024-11-18,Repeat,7055.69
CUST-00915,Vikram Singh,vikram.singh.915@example.com,Singapore,2022-07-01,High-Value,16042.31
CUST-00916,Olivia Kumar,olivia.kumar.916@example.com,Singapore,2021-03-19,High-Value,15786.24
CUST-00917,Emma Miller,emma.miller.917@example.com,Singapore,2019-03-30,Repeat,6175.93
CUST-00918,Kavya Miller,kavya.miller.918@example.com,Germany,2020-03-18,Inactive,447.04
CUST-00919,Ishaan Brown,ishaan.brown.919@example.com,United Kingdom,2020-05-29,One-Time,929.22
CUST-00920,Kavya Patel,kavya.patel.920@example.com,India,2025-04-02,Repeat,858.04
CUST-00921,Aarav Miller,aarav.miller.921@example.com,Singapore,2018-03-28,Repeat,3365.76
CUST-00922,Ishaan Nair,ishaan.nair.922@example.com,India,2021-01-20,One-Time,1065.65
CUST-00923,Meera Miller,,United States,2021-06-21,One-Time,268.91
CUST-00924,Neha Kumar,neha.kumar.924@example.com,Germany,2019-06-23,Repeat,5342.43
CUST-00925,Neha Brown,neha.brown.925@example.com,Singapore,2023-02-01,Repeat,5425.28
CUST-00926,Arjun Mehta,arjun.mehta.926@example.com,Canada,2024-05-21,One-Time,653.58
CUST-00927,Meera Patel,meera.patel.927@example.com,United States,2022-09-22,Repeat,6539.45
CUST-00928,Rohan Wilson,rohan.wilson.928@example.com,Germany,2025-04-24,Repeat,1199.11
CUST-00929,Ishaan Wilson,ishaan.wilson.929@example.com,Germany,2023-09-07,High-Value,22061.70
CUST-00930,Liam Mehta,liam.mehta.930@example.com,Germany,2018-03-12,Repeat,1969.58
CUST-00931,Aditi Sharma,aditi.sharma.931@example.com,Canada,2019-03-29,Repeat,4687.32
CUST-00932,Aarav Garcia,aarav.garcia.932@example.com,Germany,2024-03-24,Repeat,6939.41
CUST-00933,Sophia Sharma,sophia.sharma.933@example.com,Australia,2020-04-13,Repeat,2697.02
CUST-00934,Kavya Patel,kavya.patel.934@example.com,United States,2021-05-21,One-Time,945.44
CUST-00935,Aditi Wilson,aditi.wilson.935@example.com,Canada,2019-12-13,One-Time,629.45
CUST-00936,Rohan Mehta,rohan.mehta.936@example.com,Australia,2020-08-03,One-Time,973.93
CUST-00937,Diya Nair,diya.nair.937@example.com,Australia,2024-06-14,One-Time,926.25
CUST-00938,Sophia Gupta,sophia.gupta.938@example.com,Canada,2024-03-02,Repeat,838.06
CUST-00939,Aarav Patel,aarav.patel.939@example.com,Singapore,2020-10-25,One-Time,426.84
CUST-00940,Neha Kumar,neha.kumar.940@example.com,United Kingdom,2022-05-17,Inactive,482.03
CUST-00941,Kavya Wilson,kavya.wilson.941@example.com,Canada,2021-01-16,Repeat,4093.78
CUST-00942,Noah Mehta,noah.mehta.942@example.com,Australia,2021-11-15,One-Time,298.21
CUST-00943,Liam Patel,liam.patel.943@example.com,Australia,2023-01-21,Repeat,2310.10
CUST-00944,Olivia Nair,olivia.nair.944@example.com,United Kingdom,2025-07-17,High-Value,16523.44
CUST-00945,Ishaan Sharma,ishaan.sharma.945@example.com,United States,2022-01-04,One-Time,507.45
CUST-00946,Emma Patel,emma.patel.946@example.com,Canada,2020-11-13,Repeat,5549.87
CUST-00947,Meera Singh,meera.singh.947@example.com,Canada,2018-01-14,One-Time,824.44
CUST-00948,Kavya Gupta,kavya.gupta.948@example.com,India,2018-01-29,One-Time,487.68
CUST-00949,Kavya Singh,kavya.singh.949@example.com,Singapore,2019-03-10,One-Time,459.40
CUST-00950,Ishaan Sharma,ishaan.sharma.950@example.com,Germany,2018-04-23,Inactive,306.21
CUST-00951,Aarav Gupta,aarav.gupta.951@example.com,Canada,2020-07-26,One-Time,1113.18
CUST-00952,Arjun Garcia,arjun.garcia.952@example.com,United Kingdom,2023-09-19,One-Time,1178.08
CUST-00953,Noah Reddy,noah.reddy.953@example.com,United Arab Emirates,2025-06-28,Inactive,341.19
CUST-00954,Rohan Garcia,rohan.garcia.954@example.com,United Kingdom,2019-03-18,Repeat,5952.45
CUST-00955,Arjun Singh,arjun.singh.955@example.com,Singapore,2023-01-06,Repeat,6538.82
CUST-00956,Neha Brown,neha.brown.956@example.com,Germany,2020-04-04,Repeat,5016.31
CUST-00957,Liam Garcia,liam.garcia.957@example.com,Australia,2025-11-21,One-Time,226.35
CUST-00958,Olivia Gupta,olivia.gupta.958@example.com,Canada,2022-06-14,Repeat,3298.07
CUST-00959,Aarav Kumar,aarav.kumar.959@example.com,India,2020-06-18,Inactive,296.46
CUST-00960,Olivia Patel,olivia.patel.960@example.com,United Kingdom,2021-08-29,One-Time,275.52
CUST-00961,Rohan Sharma,rohan.sharma.961@example.com,Singapore,2020-02-22,One-Time,1075.07
CUST-00962,Emma Singh,emma.singh.962@example.com,United Arab Emirates,2024-11-18,Repeat,7030.99
CUST-00963,Aditi Brown,aditi.brown.963@example.com,United Arab Emirates,2022-02-12,Repeat,5911.90
CUST-00964,Olivia Wilson,olivia.wilson.964@example.com,United Arab Emirates,2024-07-12,One-Time,584.52
CUST-00965,Aarav Miller,aarav.miller.965@example.com,Germany,2024-08-27,One-Time,789.87
CUST-00966,Liam Garcia,liam.garcia.966@example.com,Canada,2018-10-30,Repeat,6469.61
CUST-00967,Kavya Patel,kavya.patel.967@example.com,United Arab Emirates,2025-03-04,Inactive,153.00
CUST-00968,Noah Gupta,noah.gupta.968@example.com,Canada,2025-06-18,Repeat,6998.64
CUST-00969,Ishaan Sharma,ishaan.sharma.969@example.com,India,2025-06-22,Repeat,3128.34
CUST-00970,Emma Nair,emma.nair.970@example.com,India,2021-08-25,One-Time,537.43
CUST-00971,Aarav Wilson,aarav.wilson.971@example.com,Canada,2019-09-06,Repeat,6981.02
CUST-00972,Kavya Gupta,kavya.gupta.972@example.com,United States,2021-07-28,High-Value,21712.50
CUST-00973,Aditi Brown,aditi.brown.973@example.com,United Kingdom,2025-11-16,Inactive,403.85
CUST-00974,Vikram Gupta,vikram.gupta.974@example.com,United States,2019-05-25,One-Time,954.95
CUST-00975,Arjun Wilson,arjun.wilson.975@example.com,Germany,2019-09-13,One-Time,792.53
CUST-00976,Vikram Sharma,vikram.sharma.976@example.com,India,2024-02-02,One-Time,860.75
CUST-00977,Vikram Sharma,vikram.sharma.977@example.com,Singapore,2024-01-08,Repeat,5231.36
CUST-00978,Aarav Reddy,aarav.reddy.978@example.com,United Arab Emirates,2024-01-13,Repeat,3557.32
CUST-00979,Aditi Brown,aditi.brown.979@example.com,Germany,2018-11-20,Repeat,7236.11
CUST-00980,Aarav Gupta,aarav.gupta.980@example.com,Germany,2023-12-16,High-Value,20357.84
CUST-00981,Olivia Kumar,olivia.kumar.981@example.com,India,2021-12-28,High-Value,24458.74
CUST-00982,Sophia Nair,sophia.nair.982@example.com,Singapore,2020-09-17,Repeat,3185.51
CUST-00983,Aarav Singh,aarav.singh.983@example.com,United States,2024-12-12,Repeat,2890.12
CUST-00984,Emma Garcia,emma.garcia.984@example.com,India,2019-03-02,Inactive,492.14
CUST-00985,Sophia Singh,sophia.singh.985@example.com,United Arab Emirates,2021-01-23,Inactive,103.93
CUST-00986,Vikram Singh,vikram.singh.986@example.com,India,2025-02-05,Inactive,96.89
CUST-00987,Aditi Nair,aditi.nair.987@example.com,India,2025-07-24,Repeat,2087.30
CUST-00988,Emma Wilson,emma.wilson.988@example.com,Canada,2023-09-11,High-Value,5826.86
CUST-00989,Rohan Patel,rohan.patel.989@example.com,United Kingdom,2023-08-14,One-Time,305.33
CUST-00990,Liam Nair,liam.nair.990@example.com,United States,2021-09-08,Inactive,101.58
CUST-00991,Liam Nair,liam.nair.991@example.com,Australia,2019-09-19,One-Time,559.57
CUST-00992,Neha Brown,neha.brown.992@example.com,Germany,2023-07-16,Repeat,6290.61
CUST-00993,Diya Wilson,diya.wilson.993@example.com,Germany,2024-08-27,One-Time,980.16
CUST-00994,Emma Nair,emma.nair.994@example.com,United Arab Emirates,2019-05-11,Repeat,6278.05
CUST-00995,Liam Nair,liam.nair.995@example.com,United Kingdom,2022-08-27,Repeat,6400.59
CUST-00996,Sophia Mehta,sophia.mehta.996@example.com,Germany,2023-09-29,One-Time,832.72
CUST-00997,Aditi Singh,aditi.singh.997@example.com,Canada,2019-11-19,Repeat,7289.71
CUST-00998,Diya Wilson,diya.wilson.998@example.com,United Kingdom,2021-05-05,Repeat,7196.73
CUST-00999,Meera Reddy,meera.reddy.999@example.com,United Arab Emirates,2023-04-03,Repeat,3997.17
CUST-01000,Kavya Gupta,kavya.gupta.1000@example.com,India,2021-10-23,Repeat,2449.14
CUST-01001,Meera Wilson,meera.wilson.1001@example.com,United Arab Emirates,2021-07-15,Repeat,6589.37
CUST-01002,Sophia Kumar,sophia.kumar.1002@example.com,United Kingdom,2023-05-08,Repeat,4818.21
CUST-01003,Meera Nair,meera.nair.1003@example.com,Germany,2025-01-27,Repeat,5390.73
CUST-01004,Diya Reddy,diya.reddy.1004@example.com,Australia,2024-11-13,Repeat,5412.00
CUST-01005,Sophia Brown,sophia.brown.1005@example.com,United Kingdom,2023-04-30,Repeat,2191.24
CUST-01006,Liam Miller,liam.miller.1006@example.com,Singapore,2021-02-06,Repeat,6643.37
CUST-01007,Aditi Brown,aditi.brown.1007@example.com,United Arab Emirates,2020-09-11,One-Time,427.37
CUST-01008,Meera Garcia,meera.garcia.1008@example.com,Canada,2019-12-08,One-Time,1164.01
CUST-01009,Noah Brown,noah.brown.1009@example.com,Canada,2020-08-08,One-Time,939.00
CUST-01010,Noah Kumar,noah.kumar.1010@example.com,United States,2018-02-03,One-Time,1003.60
CUST-01011,Sophia Kumar,sophia.kumar.1011@example.com,United Kingdom,2020-01-06,One-Time,131.55
CUST-01012,Emma Singh,emma.singh.1012@example.com,India,2018-10-20,Repeat,6544.53
CUST-01013,Diya Miller,diya.miller.1013@example.com,Australia,2023-01-11,High-Value,24874.77
CUST-01014,Aditi Patel,aditi.patel.1014@example.com,United Arab Emirates,2019-06-13,One-Time,746.42
CUST-01015,Noah Miller,noah.miller.1015@example.com,Canada,2024-06-30,One-Time,140.63
CUST-01016,Aarav Mehta,aarav.mehta.1016@example.com,United Arab Emirates,2025-10-14,One-Time,753.54
CUST-01017,Meera Kumar,meera.kumar.1017@example.com,Germany,2022-07-30,Repeat,7213.59
CUST-01018,Rohan Patel,rohan.patel.1018@example.com,Australia,2020-12-01,Repeat,5215.16
CUST-01019,Sophia Kumar,sophia.kumar.1019@example.com,India,2021-09-01,High-Value,11174.47
CUST-01020,Diya Singh,,Germany,2024-02-11,Repeat,3539.70
CUST-01021,Meera Sharma,meera.sharma.1021@example.com,United Kingdom,2021-04-26,One-Time,440.62
CUST-01022,Vikram Patel,vikram.patel.1022@example.com,United Kingdom,2021-06-17,Repeat,5312.35
CUST-01023,Noah Garcia,noah.garcia.1023@example.com,United States,2018-05-16,Inactive,243.46
CUST-01024,Noah Miller,noah.miller.1024@example.com,United Arab Emirates,2021-08-26,High-Value,9899.75
CUST-01025,Neha Kumar,neha.kumar.1025@example.com,United Arab Emirates,2023-01-20,High-Value,5086.71
CUST-01026,Kavya Garcia,kavya.garcia.1026@example.com,Germany,2020-06-20,High-Value,23523.01
CUST-01027,Olivia Patel,olivia.patel.1027@example.com,United States,2022-04-30,One-Time,730.72
CUST-01028,Liam Singh,liam.singh.1028@example.com,India,2018-10-12,Inactive,109.77
CUST-01029,Ishaan Reddy,ishaan.reddy.1029@example.com,Germany,2020-03-28,Repeat,7379.65
CUST-01030,Ishaan Nair,ishaan.nair.1030@example.com,Canada,2019-07-03,One-Time,296.39
CUST-01031,Aarav Miller,aarav.miller.1031@example.com,United Kingdom,2025-04-03,One-Time,892.58
CUST-01032,Olivia Reddy,olivia.reddy.1032@example.com,Australia,2021-04-10,Inactive,160.84
CUST-01033,Vikram Brown,vikram.brown.1033@example.com,United Kingdom,2018-09-06,One-Time,20.62
CUST-01034,Noah Reddy,noah.reddy.1034@example.com,Australia,2018-12-27,Repeat,4261.48
CUST-01035,Aditi Singh,aditi.singh.1035@example.com,India,2019-01-19,One-Time,1143.18
CUST-01036,Rohan Garcia,rohan.garcia.1036@example.com,India,2019-05-15,Repeat,6341.39
CUST-01037,Noah Miller,noah.miller.1037@example.com,Canada,2025-08-02,Repeat,1045.53
CUST-01038,Kavya Sharma,kavya.sharma.1038@example.com,Germany,2019-11-30,Repeat,2479.39
CUST-01039,Olivia Patel,olivia.patel.1039@example.com,India,2025-04-03,Inactive,225.61
CUST-01040,Aditi Miller,aditi.miller.1040@example.com,Singapore,2024-03-19,Repeat,5576.03
CUST-01041,Vikram Garcia,vikram.garcia.1041@example.com,United States,2022-02-04,Inactive,58.82
CUST-01042,Aditi Wilson,aditi.wilson.1042@example.com,Australia,2020-05-22,Repeat,2174.51
CUST-01043,Vikram Kumar,vikram.kumar.1043@example.com,United Kingdom,2020-08-31,Repeat,817.67
CUST-01044,Ishaan Nair,ishaan.nair.1044@example.com,India,2018-10-24,Repeat,4689.94
CUST-01045,Noah Reddy,noah.reddy.1045@example.com,Germany,2025-09-20,Repeat,6311.65
CUST-01046,Meera Reddy,meera.reddy.1046@example.com,Singapore,2024-12-15,One-Time,745.90
CUST-01047,Emma Garcia,emma.garcia.1047@example.com,United Arab Emirates,2020-03-12,Repeat,3514.98
CUST-01048,Kavya Reddy,kavya.reddy.1048@example.com,United Arab Emirates,2024-09-16,One-Time,586.17
CUST-01049,Sophia Kumar,sophia.kumar.1049@example.com,United States,2020-07-08,One-Time,154.59
CUST-01050,Noah Wilson,noah.wilson.1050@example.com,United Arab Emirates,2021-11-15,One-Time,829.45
CUST-01051,Aditi Garcia,aditi.garcia.1051@example.com,Singapore,2018-07-17,Inactive,374.65
CUST-01052,Ishaan Garcia,ishaan.garcia.1052@example.com,United Kingdom,2019-08-21,Repeat,2690.04
CUST-01053,Vikram Miller,vikram.miller.1053@example.com,United Kingdom,2024-01-01,Repeat,5809.50
CUST-01054,Sophia Gupta,sophia.gupta.1054@example.com,India,2023-05-23,One-Time,1094.36
CUST-01055,Aditi Kumar,aditi.kumar.1055@example.com,Australia,2025-01-23,Repeat,3577.65
CUST-01056,Meera Garcia,meera.garcia.1056@example.com,United Arab Emirates,2024-09-19,Repeat,1837.85
CUST-01057,Rohan Reddy,rohan.reddy.1057@example.com,United States,2019-04-05,Repeat,2083.01
CUST-01058,Sophia Singh,sophia.singh.1058@example.com,Canada,2018-11-01,One-Time,425.44
CUST-01059,Kavya Kumar,kavya.kumar.1059@example.com,India,2024-07-08,High-Value,12315.85
CUST-01060,Noah Patel,noah.patel.1060@example.com,Germany,2022-05-20,High-Value,7190.05
CUST-01061,Aditi Wilson,aditi.wilson.1061@example.com,United Arab Emirates,2021-10-29,Repeat,983.98
CUST-01062,Arjun Sharma,arjun.sharma.1062@example.com,India,2021-01-29,One-Time,631.29
CUST-01063,Neha Wilson,neha.wilson.1063@example.com,United Kingdom,2025-08-02,Inactive,458.19
CUST-01064,Arjun Kumar,arjun.kumar.1064@example.com,Australia,2018-10-21,One-Time,718.01
CUST-01065,Ishaan Sharma,ishaan.sharma.1065@example.com,United Arab Emirates,2024-01-30,Repeat,2304.98
CUST-01066,Arjun Sharma,arjun.sharma.1066@example.com,United Kingdom,2020-03-29,Inactive,83.99
CUST-01067,Diya Gupta,diya.gupta.1067@example.com,Singapore,2019-11-14,Repeat,2480.58
CUST-01068,Liam Patel,liam.patel.1068@example.com,Australia,2019-07-05,Repeat,5265.99
CUST-01069,Rohan Singh,rohan.singh.1069@example.com,Germany,2020-04-05,One-Time,1183.90
CUST-01070,Noah Reddy,noah.reddy.1070@example.com,India,2025-12-03,Inactive,388.10
CUST-01071,Aarav Singh,aarav.singh.1071@example.com,Germany,2022-02-05,Repeat,6229.04
CUST-01072,Aarav Sharma,aarav.sharma.1072@example.com,United Arab Emirates,2025-10-28,Inactive,270.45
CUST-01073,Ishaan Reddy,ishaan.reddy.1073@example.com,United States,2024-06-07,High-Value,23257.91
CUST-01074,Arjun Wilson,arjun.wilson.1074@example.com,Germany,2020-08-02,Inactive,195.84
CUST-01075,Aarav Kumar,aarav.kumar.1075@example.com,Germany,2023-06-21,Repeat,6267.64
CUST-01077,Rohan Patel,rohan.patel.1077@example.com,United Kingdom,2023-06-29,High-Value,11371.53
CUST-01078,Emma Nair,emma.nair.1078@example.com,United Kingdom,2024-03-27,One-Time,610.41
CUST-01079,Aditi Mehta,aditi.mehta.1079@example.com,United Kingdom,2018-10-25,One-Time,526.98
CUST-01080,Vikram Brown,vikram.brown.1080@example.com,India,2022-06-13,Repeat,4896.76
CUST-01081,Aditi Garcia,aditi.garcia.1081@example.com,Australia,2018-04-27,Inactive,218.10
CUST-01082,Rohan Sharma,rohan.sharma.1082@example.com,United Arab Emirates,2019-09-19,Inactive,256.90
CUST-01083,Aditi Reddy,aditi.reddy.1083@example.com,United Kingdom,2019-10-31,Repeat,2840.13
CUST-01084,Meera Brown,meera.brown.1084@example.com,Germany,2021-01-08,Repeat,2474.35
CUST-01085,Aarav Gupta,aarav.gupta.1085@example.com,United Kingdom,2024-07-28,Repeat,7156.14
CUST-01086,Noah Kumar,noah.kumar.1086@example.com,Singapore,2019-10-01,One-Time,345.55
CUST-01087,Emma Garcia,emma.garcia.1087@example.com,India,2024-12-26,Repeat,3963.73
CUST-01088,Noah Reddy,noah.reddy.1088@example.com,Germany,2018-01-24,Inactive,10.98
CUST-01089,Noah Sharma,noah.sharma.1089@example.com,Canada,2024-03-29,Repeat,3651.54
CUST-01090,Noah Kumar,noah.kumar.1090@example.com,Canada,2019-11-08,One-Time,560.81
CUST-01091,Kavya Sharma,kavya.sharma.1091@example.com,Canada,2018-05-19,Repeat,5306.75
CUST-01092,Arjun Brown,arjun.brown.1092@example.com,Singapore,2021-05-19,Repeat,5497.40
CUST-01093,Arjun Wilson,arjun.wilson.1093@example.com,United Arab Emirates,2023-02-26,Repeat,3248.37
CUST-01094,Ishaan Sharma,ishaan.sharma.1094@example.com,Australia,2022-11-29,Inactive,311.68
CUST-01095,Arjun Reddy,arjun.reddy.1095@example.com,Australia,2024-08-13,Inactive,498.44
CUST-01096,Aarav Miller,aarav.miller.1096@example.com,Germany,2023-09-26,One-Time,662.40
CUST-01097,Arjun Singh,arjun.singh.1097@example.com,United States,2025-08-01,One-Time,432.56
CUST-01098,Olivia Miller,olivia.miller.1098@example.com,India,2020-02-24,One-Time,691.32
CUST-01099,Ishaan Wilson,ishaan.wilson.1099@example.com,United States,2020-07-22,One-Time,1116.96
CUST-01100,Aditi Wilson,aditi.wilson.1100@example.com,Singapore,2020-11-21,Inactive,397.93
CUST-01101,Kavya Patel,kavya.patel.1101@example.com,United Arab Emirates,2020-06-22,One-Time,710.91
CUST-01102,Olivia Reddy,olivia.reddy.1102@example.com,Germany,2025-06-21,High-Value,19572.81
CUST-01103,Emma Brown,emma.brown.1103@example.com,United Arab Emirates,2018-06-05,High-Value,5615.48
CUST-01104,Arjun Gupta,arjun.gupta.1104@example.com,India,2023-11-02,High-Value,6186.84
CUST-01105,Aditi Brown,aditi.brown.1105@example.com,United Kingdom,2020-08-31,High-Value,24971.81
CUST-01106,Neha Garcia,neha.garcia.1106@example.com,India,2020-02-21,One-Time,650.78
CUST-01107,Noah Wilson,noah.wilson.1107@example.com,Australia,2024-08-14,One-Time,154.25
CUST-01108,Rohan Miller,rohan.miller.1108@example.com,United Arab Emirates,2020-01-12,Repeat,2593.93
CUST-01109,Diya Sharma,diya.sharma.1109@example.com,Australia,2019-07-22,Inactive,218.16
CUST-01110,Liam Singh,liam.singh.1110@example.com,Australia,2024-07-22,One-Time,798.09
CUST-01111,Noah Reddy,noah.reddy.1111@example.com,United States,2019-01-03,Repeat,3966.20
CUST-01112,Kavya Miller,kavya.miller.1112@example.com,United Arab Emirates,2018-11-03,Inactive,477.04
CUST-01113,Olivia Singh,olivia.singh.1113@example.com,United Kingdom,2020-06-13,Repeat,4572.94
CUST-01114,Aditi Kumar,aditi.kumar.1114@example.com,United Kingdom,2018-06-29,One-Time,234.62
CUST-01115,Olivia Miller,olivia.miller.1115@example.com,Australia,2019-06-24,Repeat,5266.67
CUST-01116,Rohan Singh,rohan.singh.1116@example.com,Germany,2022-04-29,One-Time,264.01
CUST-01117,Diya Brown,diya.brown.1117@example.com,Singapore,2019-04-29,One-Time,87.16
CUST-01118,Olivia Wilson,olivia.wilson.1118@example.com,India,2019-12-07,Repeat,5459.85
CUST-01119,Noah Mehta,noah.mehta.1119@example.com,Singapore,2024-02-23,Repeat,1886.84
CUST-01120,Arjun Patel,arjun.patel.1120@example.com,Singapore,2023-02-24,Inactive,387.80
CUST-01121,Neha Reddy,neha.reddy.1121@example.com,India,2022-06-03,Repeat,2542.47
CUST-01122,Emma Reddy,emma.reddy.1122@example.com,India,2025-10-13,High-Value,15937.73
CUST-01123,Liam Kumar,liam.kumar.1123@example.com,United Arab Emirates,2022-10-04,High-Value,21728.48
CUST-01124,Vikram Nair,vikram.nair.1124@example.com,Germany,2023-06-22,One-Time,929.74
CUST-01125,Noah Gupta,noah.gupta.1125@example.com,United Arab Emirates,2023-02-07,Repeat,3344.81
CUST-01126,Rohan Kumar,rohan.kumar.1126@example.com,United States,2022-01-13,Repeat,3353.40
CUST-01127,Rohan Miller,rohan.miller.1127@example.com,India,2025-02-19,Inactive,311.41
CUST-01128,Olivia Nair,olivia.nair.1128@example.com,United States,2019-05-01,High-Value,16511.24
CUST-01129,Emma Reddy,emma.reddy.1129@example.com,United Kingdom,2021-04-06,High-Value,17205.74
CUST-01130,Aditi Garcia,aditi.garcia.1130@example.com,Canada,2019-07-26,High-Value,6720.59
CUST-01131,Vikram Patel,vikram.patel.1131@example.com,United Kingdom,2020-04-25,Inactive,83.24
CUST-01132,Diya Nair,diya.nair.1132@example.com,India,2018-12-19,One-Time,1161.32
CUST-01133,Liam Reddy,liam.reddy.1133@example.com,Germany,2023-07-04,High-Value,22975.99
CUST-01134,Aditi Reddy,aditi.reddy.1134@example.com,India,2022-02-25,Inactive,410.03
CUST-01135,Neha Patel,neha.patel.1135@example.com,Australia,2018-04-20,Inactive,369.19
CUST-01136,Noah Miller,noah.miller.1136@example.com,India,2021-11-16,Repeat,4422.48
CUST-01137,Noah Gupta,noah.gupta.1137@example.com,Canada,2018-08-09,One-Time,709.56
CUST-01138,Ishaan Kumar,,United Kingdom,2018-07-19,One-Time,387.06
CUST-01139,Aarav Singh,aarav.singh.1139@example.com,United Arab Emirates,2022-08-25,Repeat,5786.12
CUST-01140,Meera Kumar,meera.kumar.1140@example.com,United Arab Emirates,2024-01-16,One-Time,614.58
CUST-01141,Aarav Kumar,aarav.kumar.1141@example.com,India,2021-05-16,Inactive,409.79
CUST-01142,Emma Garcia,emma.garcia.1142@example.com,Germany,2023-12-19,Repeat,4336.62
CUST-01143,Diya Reddy,diya.reddy.1143@example.com,Germany,2021-10-18,Repeat,4471.52
CUST-01144,Neha Gupta,neha.gupta.1144@example.com,United Arab Emirates,2023-02-16,Repeat,5313.77
CUST-01145,Aarav Nair,aarav.nair.1145@example.com,Singapore,2023-07-06,High-Value,14547.05
CUST-01146,Olivia Kumar,olivia.kumar.1146@example.com,United Kingdom,2018-09-27,One-Time,1112.97
CUST-01147,Neha Miller,neha.miller.1147@example.com,Australia,2019-06-24,Repeat,5692.71
CUST-01148,Sophia Patel,sophia.patel.1148@example.com,United Kingdom,2020-12-23,One-Time,327.57
CUST-01149,Emma Sharma,emma.sharma.1149@example.com,Germany,2022-09-18,Repeat,4105.15
CUST-01150,Sophia Miller,sophia.miller.1150@example.com,United States,2020-10-17,Inactive,145.30
CUST-01151,Liam Wilson,liam.wilson.1151@example.com,Singapore,2018-12-19,One-Time,972.23
CUST-01152,Aarav Sharma,aarav.sharma.1152@example.com,United States,2023-02-16,Repeat,3929.98
CUST-01153,Olivia Singh,olivia.singh.1153@example.com,India,2020-08-07,Repeat,5009.39
CUST-01154,Liam Reddy,,Singapore,2024-08-11,Repeat,7124.02
CUST-01155,Ishaan Kumar,ishaan.kumar.1155@example.com,United States,2018-06-22,High-Value,14040.00
CUST-01156,Meera Gupta,meera.gupta.1156@example.com,Singapore,2025-11-11,Repeat,4474.29
CUST-01157,Vikram Patel,vikram.patel.1157@example.com,Singapore,2024-03-22,Inactive,430.01
CUST-01158,Emma Garcia,emma.garcia.1158@example.com,United States,2021-07-17,Repeat,6899.58
CUST-01159,Arjun Singh,arjun.singh.1159@example.com,Germany,2019-05-02,Inactive,292.87
CUST-01160,Aditi Nair,aditi.nair.1160@example.com,Australia,2023-07-30,One-Time,567.06
CUST-01161,Olivia Singh,olivia.singh.1161@example.com,Canada,2021-12-16,High-Value,6788.00
CUST-01162,Olivia Garcia,olivia.garcia.1162@example.com,United States,2020-07-03,Inactive,390.24
CUST-01163,Diya Sharma,diya.sharma.1163@example.com,United Kingdom,2025-04-17,Repeat,3973.23
CUST-01164,Arjun Kumar,arjun.kumar.1164@example.com,United States,2022-03-29,Inactive,340.55
CUST-01165,Liam Singh,liam.singh.1165@example.com,Germany,2024-01-06,High-Value,8069.11
CUST-01166,Emma Wilson,emma.wilson.1166@example.com,United States,2019-12-08,One-Time,873.29
CUST-01167,Aditi Nair,aditi.nair.1167@example.com,India,2021-03-08,Repeat,6436.98
CUST-01168,Meera Patel,meera.patel.1168@example.com,United States,2020-08-26,Repeat,6728.74
CUST-01169,Vikram Patel,vikram.patel.1169@example.com,Australia,2019-07-05,One-Time,899.38
CUST-01170,Kavya Miller,kavya.miller.1170@example.com,United States,2018-05-23,One-Time,164.78
CUST-01171,Ishaan Reddy,ishaan.reddy.1171@example.com,Germany,2023-12-22,Inactive,270.65
CUST-01172,Rohan Garcia,rohan.garcia.1172@example.com,India,2024-04-26,High-Value,10329.72
CUST-01173,Aditi Miller,aditi.miller.1173@example.com,Canada,2019-04-08,One-Time,388.07
CUST-01174,Ishaan Reddy,ishaan.reddy.1174@example.com,Canada,2020-09-26,Repeat,6685.84
CUST-01175,Meera Wilson,meera.wilson.1175@example.com,United States,2024-03-28,One-Time,1090.47
CUST-01176,Kavya Sharma,kavya.sharma.1176@example.com,United States,2022-03-17,High-Value,17684.93
CUST-01177,Arjun Miller,arjun.miller.1177@example.com,United States,2022-04-28,Inactive,263.40
CUST-01178,Ishaan Mehta,ishaan.mehta.1178@example.com,Singapore,2018-10-23,One-Time,1148.01
CUST-01179,Rohan Brown,rohan.brown.1179@example.com,Singapore,2025-01-21,Repeat,7069.80
CUST-01180,Sophia Reddy,sophia.reddy.1180@example.com,United Arab Emirates,2021-04-19,One-Time,783.39
CUST-01181,Meera Patel,meera.patel.1181@example.com,Canada,2019-07-01,Repeat,5741.91
CUST-01182,Rohan Wilson,rohan.wilson.1182@example.com,Australia,2023-10-16,Repeat,1438.90
CUST-01183,Rohan Singh,rohan.singh.1183@example.com,United Kingdom,2025-05-29,High-Value,9846.57
CUST-01184,Arjun Brown,arjun.brown.1184@example.com,United States,2020-05-09,Repeat,3345.88
CUST-01185,Olivia Wilson,olivia.wilson.1185@example.com,Australia,2023-09-23,Repeat,2482.68
CUST-01186,Aditi Kumar,aditi.kumar.1186@example.com,Singapore,2022-07-18,One-Time,90.94
CUST-01187,Neha Patel,neha.patel.1187@example.com,United Arab Emirates,2020-05-23,Repeat,7482.51
CUST-01188,Emma Garcia,emma.garcia.1188@example.com,United States,2025-12-27,Inactive,300.09
CUST-01189,Diya Nair,diya.nair.1189@example.com,Canada,2025-09-15,One-Time,617.81
CUST-01190,Noah Sharma,noah.sharma.1190@example.com,India,2025-08-31,Repeat,1046.78
CUST-01191,Sophia Brown,sophia.brown.1191@example.com,Australia,2022-06-16,Repeat,4811.63
CUST-01192,Ishaan Nair,ishaan.nair.1192@example.com,India,2018-05-03,Repeat,3489.18
CUST-01193,Noah Mehta,noah.mehta.1193@example.com,Canada,2022-09-07,High-Value,5131.19
CUST-01194,Arjun Reddy,arjun.reddy.1194@example.com,Canada,2020-05-16,One-Time,1099.20
CUST-01195,Arjun Mehta,arjun.mehta.1195@example.com,United Kingdom,2024-03-02,One-Time,461.66
CUST-01196,Kavya Nair,kavya.nair.1196@example.com,India,2023-07-11,One-Time,483.73
CUST-01197,Vikram Wilson,vikram.wilson.1197@example.com,Australia,2025-09-20,Repeat,6179.40
CUST-01198,Aditi Kumar,aditi.kumar.1198@example.com,United States,2025-02-21,Repeat,5766.83
CUST-01199,Aarav Miller,aarav.miller.1199@example.com,United States,2024-03-26,Repeat,2362.62
CUST-01200,Aarav Kumar,aarav.kumar.1200@example.com,Germany,2021-06-02,One-Time,828.09
CUST-01201,Rohan Sharma,rohan.sharma.1201@example.com,United Kingdom,2022-09-01,High-Value,20616.76
CUST-01202,Noah Mehta,noah.mehta.1202@example.com,India,2024-11-27,Repeat,6271.11
CUST-01203,Olivia Sharma,olivia.sharma.1203@example.com,United Kingdom,2020-02-22,Repeat,2809.51
CUST-01204,Neha Garcia,neha.garcia.1204@example.com,Singapore,2019-08-29,Repeat,2004.51
CUST-01205,Arjun Singh,arjun.singh.1205@example.com,Germany,2022-06-14,Inactive,169.84
CUST-01206,Neha Singh,neha.singh.1206@example.com,United Arab Emirates,2018-07-09,High-Value,21630.40
CUST-01207,Noah Brown,noah.brown.1207@example.com,Singapore,2020-08-28,Repeat,3954.85
CUST-01208,Aarav Gupta,aarav.gupta.1208@example.com,United Arab Emirates,2019-12-06,Repeat,4304.05
CUST-01209,Kavya Wilson,kavya.wilson.1209@example.com,Australia,2025-10-02,Repeat,2835.31
CUST-01210,Aarav Nair,aarav.nair.1210@example.com,Germany,2020-06-09,Repeat,3991.21
CUST-01211,Ishaan Singh,ishaan.singh.1211@example.com,India,2020-04-05,Repeat,7082.91
CUST-01212,Neha Nair,neha.nair.1212@example.com,United Kingdom,2024-02-07,One-Time,434.59
CUST-01213,Meera Kumar,meera.kumar.1213@example.com,Australia,2025-06-03,Repeat,1757.50
CUST-01214,Olivia Gupta,olivia.gupta.1214@example.com,Germany,2022-07-13,Inactive,321.97
CUST-01215,Diya Sharma,diya.sharma.1215@example.com,Australia,2024-03-29,One-Time,369.82
CUST-01216,Olivia Mehta,olivia.mehta.1216@example.com,Singapore,2018-11-23,One-Time,329.13
CUST-01217,Rohan Nair,rohan.nair.1217@example.com,Australia,2023-02-11,Repeat,2483.32
CUST-01218,Aditi Nair,aditi.nair.1218@example.com,Singapore,2019-07-04,Repeat,6493.88
CUST-01219,Olivia Miller,olivia.miller.1219@example.com,United Kingdom,2021-06-18,Inactive,32.65
CUST-01220,Aarav Patel,aarav.patel.1220@example.com,Australia,2023-01-16,Repeat,2571.12
CUST-01221,Arjun Kumar,arjun.kumar.1221@example.com,Germany,2023-03-17,Repeat,1122.43
CUST-01222,Rohan Patel,rohan.patel.1222@example.com,Germany,2021-12-27,One-Time,39.43
CUST-01223,Kavya Wilson,kavya.wilson.1223@example.com,United Arab Emirates,2021-04-18,One-Time,1053.34
CUST-01224,Aditi Brown,aditi.brown.1224@example.com,Australia,2019-02-21,Repeat,7488.32
CUST-01225,Kavya Singh,kavya.singh.1225@example.com,India,2020-07-09,Inactive,450.10
CUST-01226,Meera Sharma,meera.sharma.1226@example.com,United Arab Emirates,2021-04-07,Repeat,6633.26
CUST-01227,Noah Patel,noah.patel.1227@example.com,Australia,2018-12-27,Repeat,4675.31
CUST-01228,Vikram Miller,vikram.miller.1228@example.com,Canada,2019-05-01,Repeat,6089.97
CUST-01229,Diya Garcia,diya.garcia.1229@example.com,United Kingdom,2025-07-07,Repeat,7444.32
CUST-01230,Emma Brown,emma.brown.1230@example.com,Australia,2021-12-25,Repeat,6948.91
CUST-01231,Rohan Reddy,rohan.reddy.1231@example.com,Canada,2025-01-22,High-Value,21525.02
CUST-01232,Kavya Miller,kavya.miller.1232@example.com,India,2023-02-27,One-Time,433.75
CUST-01233,Aarav Brown,aarav.brown.1233@example.com,Germany,2020-05-29,High-Value,17600.52
CUST-01234,Sophia Kumar,sophia.kumar.1234@example.com,Canada,2022-01-31,High-Value,21902.24
CUST-01235,Rohan Singh,rohan.singh.1235@example.com,United Kingdom,2024-01-21,Repeat,7161.15
CUST-01236,Emma Gupta,emma.gupta.1236@example.com,United Kingdom,2023-12-30,Repeat,2364.89
CUST-01237,Sophia Garcia,sophia.garcia.1237@example.com,Singapore,2019-05-28,Inactive,155.90
CUST-01238,Aditi Mehta,aditi.mehta.1238@example.com,Canada,2022-02-15,Repeat,2820.55
CUST-01239,Rohan Mehta,rohan.mehta.1239@example.com,United States,2019-02-16,One-Time,62.30
CUST-01240,Emma Mehta,emma.mehta.1240@example.com,Canada,2024-07-28,One-Time,1010.27
CUST-01241,Noah Miller,noah.miller.1241@example.com,United Arab Emirates,2025-11-05,Repeat,7264.65
CUST-01242,Vikram Patel,vikram.patel.1242@example.com,Canada,2021-07-16,Inactive,176.35
CUST-01243,Kavya Brown,kavya.brown.1243@example.com,Germany,2018-07-20,Repeat,5540.11
CUST-01244,Sophia Garcia,sophia.garcia.1244@example.com,United States,2022-11-14,One-Time,1118.36
CUST-01246,Noah Singh,noah.singh.1246@example.com,Canada,2023-09-08,Repeat,5411.13
CUST-01247,Vikram Garcia,vikram.garcia.1247@example.com,Australia,2021-04-29,One-Time,918.35
CUST-01248,Kavya Miller,kavya.miller.1248@example.com,Germany,2025-07-02,One-Time,898.54
CUST-01249,Olivia Nair,olivia.nair.1249@example.com,India,2019-08-27,Repeat,6387.34
CUST-01250,Emma Mehta,emma.mehta.1250@example.com,United Arab Emirates,2024-01-27,One-Time,838.92
CUST-01251,Liam Brown,liam.brown.1251@example.com,United Arab Emirates,2022-10-08,Repeat,2502.31
CUST-01252,Ishaan Reddy,ishaan.reddy.1252@example.com,Canada,2018-11-15,Repeat,1219.37
CUST-01253,Meera Reddy,meera.reddy.1253@example.com,Canada,2024-03-04,Repeat,7347.27
CUST-01254,Arjun Mehta,arjun.mehta.1254@example.com,India,2019-04-27,Repeat,6306.30
CUST-01255,Vikram Reddy,vikram.reddy.1255@example.com,United Kingdom,2018-07-24,Repeat,3517.76
CUST-01256,Vikram Mehta,vikram.mehta.1256@example.com,United States,2021-04-17,One-Time,1036.39
CUST-01257,Olivia Kumar,olivia.kumar.1257@example.com,Australia,2020-09-19,One-Time,176.42
CUST-01258,Noah Brown,noah.brown.1258@example.com,Canada,2024-06-15,One-Time,493.96
CUST-01259,Aditi Nair,aditi.nair.1259@example.com,United States,2022-02-10,Repeat,4052.45
CUST-01260,Kavya Reddy,kavya.reddy.1260@example.com,United Arab Emirates,2019-10-16,Repeat,2823.68
CUST-01261,Olivia Mehta,olivia.mehta.1261@example.com,Australia,2021-03-07,Repeat,2792.54
CUST-01262,Kavya Sharma,kavya.sharma.1262@example.com,United Arab Emirates,2018-04-23,Repeat,2072.13
CUST-01263,Emma Brown,emma.brown.1263@example.com,India,2021-07-23,Repeat,3128.20
CUST-01264,Meera Miller,meera.miller.1264@example.com,Australia,2025-06-28,One-Time,1195.89
CUST-01265,Noah Patel,noah.patel.1265@example.com,Canada,2020-12-04,One-Time,85.21
CUST-01266,Rohan Kumar,rohan.kumar.1266@example.com,United Arab Emirates,2023-04-22,Repeat,2415.79
CUST-01267,Kavya Gupta,kavya.gupta.1267@example.com,Singapore,2022-11-13,Repeat,5864.41
CUST-01268,Emma Sharma,emma.sharma.1268@example.com,Germany,2023-03-13,High-Value,18970.22
CUST-01269,Kavya Garcia,kavya.garcia.1269@example.com,India,2019-01-07,One-Time,526.66
CUST-01270,Rohan Miller,rohan.miller.1270@example.com,Singapore,2025-03-02,One-Time,442.69
CUST-01271,Ishaan Singh,ishaan.singh.1271@example.com,United Arab Emirates,2025-04-22,One-Time,925.60
CUST-01272,Aarav Wilson,aarav.wilson.1272@example.com,Singapore,2018-11-14,One-Time,20.82
CUST-01273,Sophia Kumar,sophia.kumar.1273@example.com,United States,2025-07-18,One-Time,92.11
CUST-01274,Ishaan Gupta,ishaan.gupta.1274@example.com,India,2023-05-05,Repeat,2167.93
CUST-01275,Vikram Brown,,India,2025-06-28,Repeat,4951.96
CUST-01276,Sophia Sharma,sophia.sharma.1276@example.com,India,2025-03-15,High-Value,8050.88
CUST-01277,Ishaan Wilson,ishaan.wilson.1277@example.com,United Kingdom,2020-10-19,Inactive,385.86
CUST-01278,Aditi Miller,aditi.miller.1278@example.com,Germany,2025-03-09,One-Time,565.78
CUST-01279,Neha Wilson,neha.wilson.1279@example.com,United States,2018-04-24,One-Time,744.22
CUST-01280,Kavya Garcia,kavya.garcia.1280@example.com,India,2018-11-06,Repeat,2295.72
CUST-01281,Aditi Wilson,aditi.wilson.1281@example.com,United Kingdom,2025-09-04,One-Time,975.27
CUST-01282,Vikram Garcia,vikram.garcia.1282@example.com,India,2023-02-19,Repeat,3005.43
CUST-01283,Diya Nair,diya.nair.1283@example.com,United States,2018-10-16,High-Value,22748.24
CUST-01284,Aditi Kumar,aditi.kumar.1284@example.com,Germany,2021-08-22,Repeat,4529.12
CUST-01285,Noah Mehta,noah.mehta.1285@example.com,United Arab Emirates,2025-12-29,Inactive,294.83
CUST-01286,Sophia Reddy,sophia.reddy.1286@example.com,Singapore,2019-01-23,Repeat,5089.76
CUST-01287,Olivia Reddy,olivia.reddy.1287@example.com,Singapore,2019-07-22,Inactive,245.09
CUST-01288,Noah Nair,noah.nair.1288@example.com,United Arab Emirates,2021-10-13,Repeat,2232.96
CUST-01289,Aarav Miller,aarav.miller.1289@example.com,United Arab Emirates,2022-10-16,One-Time,177.18
CUST-01290,Neha Wilson,neha.wilson.1290@example.com,India,2019-02-04,Inactive,16.34
CUST-01291,Aditi Mehta,aditi.mehta.1291@example.com,United Arab Emirates,2023-01-04,Repeat,3807.75
CUST-01292,Noah Wilson,noah.wilson.1292@example.com,Australia,2025-07-03,One-Time,329.57
CUST-01293,Neha Patel,neha.patel.1293@example.com,United States,2018-09-16,One-Time,124.53
CUST-01294,Arjun Miller,arjun.miller.1294@example.com,Australia,2024-09-23,One-Time,1046.81
CUST-01295,Aarav Miller,aarav.miller.1295@example.com,Singapore,2021-05-08,Inactive,434.91
CUST-01296,Rohan Singh,rohan.singh.1296@example.com,Australia,2024-01-31,One-Time,468.32
CUST-01297,Neha Garcia,neha.garcia.1297@example.com,Germany,2025-11-14,Repeat,3859.02
CUST-01298,Kavya Miller,kavya.miller.1298@example.com,Germany,2024-02-16,Repeat,4339.38
CUST-01299,Ishaan Brown,ishaan.brown.1299@example.com,Singapore,2018-03-28,One-Time,424.96
CUST-01300,Aditi Gupta,aditi.gupta.1300@example.com,United Arab Emirates,2024-06-05,Repeat,2209.21
CUST-01301,Rohan Reddy,rohan.reddy.1301@example.com,United States,2020-06-22,High-Value,22740.27
CUST-01302,Kavya Singh,kavya.singh.1302@example.com,India,2023-11-17,Repeat,1894.31
CUST-01303,Kavya Singh,kavya.singh.1303@example.com,India,2021-05-01,One-Time,809.96
CUST-01304,Rohan Mehta,rohan.mehta.1304@example.com,Germany,2020-03-19,One-Time,40.14
CUST-01305,Rohan Patel,rohan.patel.1305@example.com,Australia,2024-11-13,One-Time,319.74
CUST-01306,Meera Wilson,meera.wilson.1306@example.com,India,2024-01-01,High-Value,6929.53
CUST-01307,Ishaan Mehta,ishaan.mehta.1307@example.com,Germany,2022-09-05,Inactive,415.30
CUST-01308,Meera Sharma,meera.sharma.1308@example.com,Germany,2023-09-04,One-Time,733.69
CUST-01309,Meera Garcia,meera.garcia.1309@example.com,United Kingdom,2022-12-10,Repeat,2877.37
CUST-01310,Kavya Singh,kavya.singh.1310@example.com,United Arab Emirates,2023-03-16,Inactive,224.33
CUST-01311,Liam Patel,liam.patel.1311@example.com,Germany,2019-09-27,Repeat,6337.79
CUST-01312,Olivia Singh,olivia.singh.1312@example.com,Singapore,2025-01-10,One-Time,354.80
CUST-01313,Aarav Patel,aarav.patel.1313@example.com,India,2021-06-27,High-Value,10397.21
CUST-01314,Kavya Mehta,kavya.mehta.1314@example.com,Canada,2025-03-12,One-Time,1045.95
CUST-01315,Olivia Gupta,olivia.gupta.1315@example.com,Canada,2018-05-14,Inactive,171.09
CUST-01316,Arjun Miller,arjun.miller.1316@example.com,Singapore,2021-05-21,One-Time,304.63
CUST-01317,Rohan Miller,rohan.miller.1317@example.com,United States,2019-04-11,Repeat,5431.27
CUST-01318,Ishaan Miller,ishaan.miller.1318@example.com,Singapore,2019-01-13,Repeat,6980.21
CUST-01319,Liam Gupta,liam.gupta.1319@example.com,United Arab Emirates,2019-05-18,Repeat,6989.31
CUST-01320,Vikram Mehta,vikram.mehta.1320@example.com,India,2018-09-18,Repeat,4596.54
CUST-01321,Aditi Brown,aditi.brown.1321@example.com,Canada,2019-06-26,One-Time,1019.36
CUST-01322,Vikram Mehta,vikram.mehta.1322@example.com,United Arab Emirates,2020-01-15,One-Time,907.88
CUST-01323,Emma Kumar,emma.kumar.1323@example.com,Australia,2020-12-10,Inactive,455.93
CUST-01324,Neha Mehta,neha.mehta.1324@example.com,Canada,2023-03-13,Inactive,43.24
CUST-01325,Emma Nair,emma.nair.1325@example.com,Singapore,2022-09-20,Inactive,76.65
CUST-01326,Neha Kumar,neha.kumar.1326@example.com,Canada,2023-05-29,High-Value,13347.37
CUST-01327,Aditi Reddy,aditi.reddy.1327@example.com,United States,2023-08-21,Repeat,906.35
CUST-01328,Emma Patel,emma.patel.1328@example.com,Germany,2021-12-01,Repeat,1428.69
CUST-01329,Kavya Gupta,kavya.gupta.1329@example.com,United States,2022-08-25,Repeat,6106.07
CUST-01330,Liam Nair,liam.nair.1330@example.com,United Arab Emirates,2021-06-26,Inactive,462.98
CUST-01331,Aditi Brown,aditi.brown.1331@example.com,Australia,2023-05-28,One-Time,564.40
CUST-01332,Ishaan Wilson,ishaan.wilson.1332@example.com,Canada,2025-02-13,Inactive,331.40
CUST-01333,Aarav Singh,aarav.singh.1333@example.com,Australia,2019-04-04,Inactive,429.48
CUST-01334,Ishaan Mehta,ishaan.mehta.1334@example.com,Germany,2023-04-18,Inactive,14.20
CUST-01335,Aditi Sharma,aditi.sharma.1335@example.com,United Kingdom,2024-08-17,One-Time,1193.53
CUST-01336,Aditi Mehta,aditi.mehta.1336@example.com,United States,2023-05-25,Repeat,5180.63
CUST-01337,Diya Reddy,diya.reddy.1337@example.com,Canada,2024-03-10,One-Time,359.26
CUST-01338,Sophia Miller,sophia.miller.1338@example.com,Singapore,2022-09-16,One-Time,305.71
CUST-01339,Liam Nair,liam.nair.1339@example.com,Singapore,2024-12-05,One-Time,241.05
CUST-01340,Meera Gupta,meera.gupta.1340@example.com,Germany,2019-10-10,High-Value,9682.00
CUST-01341,Aarav Miller,aarav.miller.1341@example.com,Singapore,2019-11-25,One-Time,1011.65
CUST-01342,Meera Patel,meera.patel.1342@example.com,Canada,2022-04-17,Repeat,6140.60
CUST-01343,Aditi Miller,aditi.miller.1343@example.com,Singapore,2018-06-03,High-Value,13824.99
CUST-01344,Liam Gupta,liam.gupta.1344@example.com,Singapore,2023-02-07,Repeat,1122.69
CUST-01345,Sophia Singh,sophia.singh.1345@example.com,Canada,2021-04-01,Inactive,34.93
CUST-01346,Rohan Mehta,rohan.mehta.1346@example.com,United Arab Emirates,2019-10-19,Repeat,3863.18
CUST-01347,Arjun Patel,arjun.patel.1347@example.com,India,2019-07-24,Repeat,1462.13
CUST-01348,Sophia Nair,sophia.nair.1348@example.com,United States,2022-10-23,High-Value,18788.75
CUST-01349,Rohan Garcia,rohan.garcia.1349@example.com,Singapore,2023-04-12,Repeat,6763.25
CUST-01350,Vikram Sharma,vikram.sharma.1350@example.com,United Arab Emirates,2021-07-25,Inactive,452.53
CUST-01351,Arjun Gupta,arjun.gupta.1351@example.com,Singapore,2021-02-22,One-Time,76.55
CUST-01352,Diya Kumar,diya.kumar.1352@example.com,Germany,2022-02-26,Inactive,355.39
CUST-01353,Diya Singh,diya.singh.1353@example.com,United Kingdom,2018-02-16,Repeat,4638.31
CUST-01354,Rohan Wilson,rohan.wilson.1354@example.com,Singapore,2024-07-28,Repeat,901.56
CUST-01355,Noah Brown,noah.brown.1355@example.com,Singapore,2025-03-11,Repeat,5596.81
CUST-01356,Ishaan Miller,ishaan.miller.1356@example.com,India,2018-05-02,One-Time,1064.11
CUST-01357,Arjun Patel,arjun.patel.1357@example.com,India,2023-10-09,One-Time,1150.16
CUST-01358,Arjun Sharma,arjun.sharma.1358@example.com,Singapore,2021-07-29,One-Time,543.12
CUST-01359,Emma Brown,emma.brown.1359@example.com,Australia,2023-03-03,One-Time,579.62
CUST-01360,Neha Garcia,neha.garcia.1360@example.com,India,2024-09-13,Repeat,3726.58
CUST-01361,Aarav Garcia,aarav.garcia.1361@example.com,Canada,2018-05-25,Repeat,4618.78
CUST-01362,Neha Reddy,neha.reddy.1362@example.com,Singapore,2021-07-03,Repeat,6182.47
CUST-01363,Meera Gupta,meera.gupta.1363@example.com,United States,2020-06-30,One-Time,1066.14
CUST-01364,Rohan Reddy,rohan.reddy.1364@example.com,United Arab Emirates,2025-12-08,One-Time,723.89
CUST-01365,Kavya Garcia,kavya.garcia.1365@example.com,United Arab Emirates,2018-07-13,Inactive,333.02
CUST-01366,Arjun Singh,arjun.singh.1366@example.com,United States,2018-11-11,Repeat,1981.31
CUST-01367,Aarav Singh,aarav.singh.1367@example.com,United States,2021-07-11,One-Time,1198.86
CUST-01368,Liam Patel,liam.patel.1368@example.com,Australia,2019-05-03,One-Time,157.35
CUST-01369,Neha Gupta,neha.gupta.1369@example.com,Australia,2025-12-03,High-Value,24525.82
CUST-01370,Neha Mehta,neha.mehta.1370@example.com,Singapore,2022-02-16,Inactive,215.61
CUST-01371,Emma Nair,emma.nair.1371@example.com,India,2018-06-17,Repeat,5705.67
CUST-01372,Kavya Patel,kavya.patel.1372@example.com,Singapore,2023-06-22,High-Value,10090.74
CUST-01373,Kavya Gupta,kavya.gupta.1373@example.com,United Kingdom,2025-11-16,Repeat,7442.33
CUST-01374,Noah Sharma,noah.sharma.1374@example.com,Singapore,2021-04-20,Repeat,3223.85
CUST-01375,Aditi Kumar,aditi.kumar.1375@example.com,Canada,2025-02-14,One-Time,1162.06
CUST-01376,Rohan Miller,rohan.miller.1376@example.com,United Arab Emirates,2022-05-10,High-Value,9440.11
CUST-01377,Emma Gupta,emma.gupta.1377@example.com,Germany,2019-11-26,One-Time,1152.66
CUST-01378,Sophia Kumar,sophia.kumar.1378@example.com,Canada,2024-02-04,Inactive,234.27
CUST-01379,Meera Reddy,meera.reddy.1379@example.com,United Kingdom,2025-06-07,One-Time,659.66
CUST-01380,Rohan Sharma,rohan.sharma.1380@example.com,Germany,2022-03-29,Inactive,465.84
CUST-01381,Sophia Garcia,sophia.garcia.1381@example.com,India,2022-08-05,High-Value,5327.57
CUST-01382,Emma Singh,emma.singh.1382@example.com,Canada,2021-02-13,Repeat,4983.37
CUST-01383,Liam Nair,liam.nair.1383@example.com,United States,2018-03-06,Inactive,316.14
CUST-01384,Olivia Brown,olivia.brown.1384@example.com,United Kingdom,2020-10-24,Repeat,868.24
CUST-01385,Olivia Garcia,olivia.garcia.1385@example.com,Australia,2022-01-11,Inactive,257.02
CUST-01386,Neha Brown,neha.brown.1386@example.com,Singapore,2020-02-20,High-Value,10686.76
CUST-01387,Kavya Nair,kavya.nair.1387@example.com,Singapore,2019-08-09,Inactive,25.29
CUST-01388,Vikram Reddy,vikram.reddy.1388@example.com,United States,2025-05-02,Inactive,93.60
CUST-01389,Kavya Kumar,kavya.kumar.1389@example.com,United Arab Emirates,2018-12-11,Repeat,4306.27
CUST-01390,Ishaan Miller,ishaan.miller.1390@example.com,Australia,2023-02-05,Repeat,3158.68
CUST-01391,Noah Reddy,noah.reddy.1391@example.com,Australia,2025-08-30,Repeat,4384.64
CUST-01392,Meera Wilson,meera.wilson.1392@example.com,Australia,2020-07-19,Repeat,6078.91
CUST-01393,Neha Kumar,neha.kumar.1393@example.com,United States,2023-07-26,Repeat,5174.23
CUST-01394,Vikram Sharma,vikram.sharma.1394@example.com,Germany,2022-10-28,One-Time,1128.15
CUST-01395,Liam Gupta,liam.gupta.1395@example.com,Germany,2025-03-13,Inactive,240.36
CUST-01396,Sophia Mehta,sophia.mehta.1396@example.com,United Arab Emirates,2019-04-22,Repeat,3547.41
CUST-01397,Sophia Nair,sophia.nair.1397@example.com,Germany,2025-12-22,High-Value,9335.38
CUST-01398,Kavya Singh,kavya.singh.1398@example.com,United Arab Emirates,2020-03-18,Repeat,1867.98
CUST-01399,Emma Wilson,emma.wilson.1399@example.com,Australia,2020-06-05,High-Value,24824.75
CUST-01400,Kavya Miller,kavya.miller.1400@example.com,Singapore,2024-02-10,Inactive,239.91
CUST-01401,Noah Nair,noah.nair.1401@example.com,Australia,2018-03-31,Repeat,2532.13
CUST-01402,Ishaan Gupta,ishaan.gupta.1402@example.com,Australia,2022-08-22,Repeat,3946.12
CUST-01403,Aarav Patel,aarav.patel.1403@example.com,United Kingdom,2019-06-13,Repeat,6046.90
CUST-01404,Vikram Nair,vikram.nair.1404@example.com,India,2023-02-15,Repeat,4950.05
CUST-01405,Ishaan Gupta,ishaan.gupta.1405@example.com,United Arab Emirates,2023-11-29,High-Value,12261.44
CUST-01406,Emma Kumar,emma.kumar.1406@example.com,Singapore,2019-05-20,Inactive,422.68
CUST-01407,Liam Mehta,liam.mehta.1407@example.com,India,2019-06-30,One-Time,1045.47
CUST-01408,Noah Brown,noah.brown.1408@example.com,India,2020-04-03,Repeat,1902.62
CUST-01409,Aarav Nair,aarav.nair.1409@example.com,Australia,2025-05-27,One-Time,101.26
CUST-01410,Rohan Nair,rohan.nair.1410@example.com,Singapore,2018-02-12,High-Value,8674.22
CUST-01411,Olivia Mehta,olivia.mehta.1411@example.com,Canada,2025-01-13,Inactive,361.75
CUST-01412,Emma Gupta,emma.gupta.1412@example.com,India,2022-09-29,Repeat,1265.09
CUST-01413,Rohan Miller,rohan.miller.1413@example.com,Australia,2021-08-10,Repeat,3741.33
CUST-01414,Neha Brown,neha.brown.1414@example.com,Germany,2022-01-05,One-Time,1014.17
CUST-01415,Sophia Reddy,sophia.reddy.1415@example.com,Singapore,2021-05-26,One-Time,1018.65
CUST-01416,Sophia Reddy,sophia.reddy.1416@example.com,Canada,2024-03-29,Repeat,3636.39
CUST-01417,Aarav Mehta,aarav.mehta.1417@example.com,India,2023-08-03,One-Time,291.28
CUST-01418,Noah Singh,noah.singh.1418@example.com,India,2024-05-08,Inactive,311.12
CUST-01419,Meera Nair,meera.nair.1419@example.com,United States,2022-08-01,Inactive,283.72
CUST-01420,Noah Brown,noah.brown.1420@example.com,India,2024-11-28,One-Time,355.94
CUST-01421,Emma Gupta,emma.gupta.1421@example.com,Canada,2019-11-19,One-Time,933.36
CUST-01422,Aditi Kumar,aditi.kumar.1422@example.com,United Kingdom,2021-11-18,One-Time,1012.89
CUST-01423,Meera Singh,meera.singh.1423@example.com,United Kingdom,2025-07-13,One-Time,69.48
CUST-01424,Neha Singh,neha.singh.1424@example.com,Canada,2022-06-30,One-Time,322.58
CUST-01425,Noah Singh,noah.singh.1425@example.com,Germany,2018-04-15,One-Time,773.02
CUST-01426,Arjun Sharma,arjun.sharma.1426@example.com,United Arab Emirates,2018-11-08,Repeat,5438.04
CUST-01427,Rohan Garcia,rohan.garcia.1427@example.com,United Kingdom,2020-06-27,Repeat,1820.58
CUST-01428,Olivia Wilson,olivia.wilson.1428@example.com,Singapore,2019-09-28,One-Time,781.56
CUST-01429,Aarav Singh,aarav.singh.1429@example.com,United Arab Emirates,2019-11-26,Repeat,2475.53
CUST-01430,Liam Miller,liam.miller.1430@example.com,United States,2018-03-18,Repeat,1481.56
CUST-01431,Noah Reddy,noah.reddy.1431@example.com,United Kingdom,2021-12-28,High-Value,10156.92
CUST-01432,Aarav Mehta,aarav.mehta.1432@example.com,United Arab Emirates,2023-01-20,Repeat,3319.67
CUST-01433,Rohan Sharma,rohan.sharma.1433@example.com,Singapore,2021-10-17,Repeat,3187.37
CUST-01434,Sophia Garcia,sophia.garcia.1434@example.com,United States,2021-11-30,High-Value,5338.84
CUST-01435,Aarav Nair,aarav.nair.1435@example.com,Germany,2021-06-13,Repeat,2204.96
CUST-01436,Diya Nair,diya.nair.1436@example.com,Singapore,2018-08-12,Inactive,264.49
CUST-01437,Noah Sharma,noah.sharma.1437@example.com,India,2021-01-01,Inactive,129.50
CUST-01438,Diya Brown,diya.brown.1438@example.com,Germany,2021-09-07,High-Value,13110.97
CUST-01439,Diya Miller,diya.miller.1439@example.com,India,2020-05-08,Repeat,2210.96
CUST-01440,Emma Wilson,emma.wilson.1440@example.com,United Arab Emirates,2021-09-03,Repeat,5958.03
CUST-01441,Noah Patel,noah.patel.1441@example.com,United Kingdom,2023-03-05,One-Time,828.29
CUST-01442,Emma Mehta,emma.mehta.1442@example.com,Germany,2018-06-24,Repeat,3913.77
CUST-01443,Olivia Gupta,olivia.gupta.1443@example.com,India,2024-11-06,Repeat,6871.22
CUST-01444,Ishaan Patel,ishaan.patel.1444@example.com,Canada,2025-09-25,One-Time,41.49
CUST-01445,Kavya Wilson,kavya.wilson.1445@example.com,Australia,2021-08-23,Repeat,4811.52
CUST-01446,Rohan Mehta,rohan.mehta.1446@example.com,India,2018-04-10,One-Time,799.22
CUST-01447,Kavya Miller,kavya.miller.1447@example.com,Germany,2019-10-18,Inactive,212.76
CUST-01448,Aditi Singh,aditi.singh.1448@example.com,Germany,2021-08-22,One-Time,1015.03
CUST-01449,Arjun Patel,arjun.patel.1449@example.com,India,2022-05-30,One-Time,937.62
CUST-01450,Vikram Gupta,vikram.gupta.1450@example.com,United Arab Emirates,2023-07-22,Repeat,6964.85
CUST-01451,Aditi Brown,aditi.brown.1451@example.com,United States,2020-08-20,One-Time,1046.69
CUST-01452,Emma Garcia,emma.garcia.1452@example.com,Singapore,2021-01-15,One-Time,1055.57
CUST-01453,Meera Singh,meera.singh.1453@example.com,United States,2025-12-19,One-Time,358.52
CUST-01454,Liam Mehta,liam.mehta.1454@example.com,United Kingdom,2020-10-10,Repeat,6142.64
CUST-01455,Ishaan Brown,ishaan.brown.1455@example.com,Australia,2023-12-13,Repeat,6079.32
CUST-01456,Aditi Reddy,aditi.reddy.1456@example.com,Singapore,2020-02-15,One-Time,1057.75
CUST-01457,Ishaan Brown,ishaan.brown.1457@example.com,United Arab Emirates,2020-07-30,Inactive,360.15
CUST-01458,Kavya Miller,kavya.miller.1458@example.com,Germany,2019-10-04,One-Time,867.13
CUST-01459,Aditi Singh,aditi.singh.1459@example.com,Canada,2022-06-01,Repeat,2860.20
CUST-01460,Vikram Reddy,vikram.reddy.1460@example.com,United States,2022-08-19,Repeat,1700.09
CUST-01461,Diya Gupta,diya.gupta.1461@example.com,Singapore,2023-06-06,One-Time,1083.65
CUST-01462,Vikram Wilson,vikram.wilson.1462@example.com,Singapore,2020-10-02,One-Time,767.40
CUST-01463,Sophia Patel,sophia.patel.1463@example.com,Canada,2018-03-28,Inactive,53.83
CUST-01464,Liam Reddy,liam.reddy.1464@example.com,Germany,2025-08-01,Inactive,246.68
CUST-01465,Arjun Gupta,arjun.gupta.1465@example.com,Canada,2023-10-02,One-Time,267.58
CUST-01466,Vikram Brown,vikram.brown.1466@example.com,India,2023-02-22,Inactive,74.76
CUST-01467,Ishaan Brown,ishaan.brown.1467@example.com,United Kingdom,2020-10-28,Repeat,4754.94
CUST-01468,Neha Brown,neha.brown.1468@example.com,United States,2019-05-24,Repeat,5118.72
CUST-01469,Sophia Singh,sophia.singh.1469@example.com,United Arab Emirates,2020-10-20,Repeat,5428.57
CUST-01470,Kavya Singh,kavya.singh.1470@example.com,Singapore,2018-11-05,Repeat,4047.84
CUST-01471,Neha Garcia,neha.garcia.1471@example.com,United Kingdom,2025-02-09,One-Time,831.42
CUST-01472,Liam Gupta,liam.gupta.1472@example.com,United Arab Emirates,2022-10-01,One-Time,102.03
CUST-01473,Rohan Singh,rohan.singh.1473@example.com,United Kingdom,2023-12-04,High-Value,8041.76
CUST-01474,Kavya Brown,kavya.brown.1474@example.com,United Kingdom,2023-09-19,One-Time,919.88
CUST-01475,Olivia Reddy,olivia.reddy.1475@example.com,United Arab Emirates,2025-02-11,One-Time,1066.80
CUST-01476,Aditi Wilson,aditi.wilson.1476@example.com,United States,2018-01-09,Repeat,6829.43
CUST-01477,Emma Gupta,emma.gupta.1477@example.com,United States,2020-05-10,Repeat,4806.85
CUST-01478,Emma Miller,emma.miller.1478@example.com,United Kingdom,2019-07-13,Inactive,179.60
CUST-01479,Ishaan Sharma,ishaan.sharma.1479@example.com,Singapore,2020-07-18,High-Value,17724.70
CUST-01480,Noah Garcia,noah.garcia.1480@example.com,United States,2021-08-22,Inactive,407.16
CUST-01481,Ishaan Wilson,ishaan.wilson.1481@example.com,United Arab Emirates,2022-12-25,Repeat,5710.75
CUST-01482,Olivia Brown,olivia.brown.1482@example.com,United Arab Emirates,2020-10-24,One-Time,620.48
CUST-01483,Kavya Singh,kavya.singh.1483@example.com,Australia,2020-09-03,One-Time,348.78
CUST-01484,Noah Wilson,noah.wilson.1484@example.com,United States,2025-11-10,Repeat,6929.70
CUST-01485,Arjun Patel,arjun.patel.1485@example.com,Germany,2020-09-20,One-Time,664.28
CUST-01486,Neha Singh,neha.singh.1486@example.com,United States,2021-07-31,Inactive,12.18
CUST-01487,Olivia Wilson,olivia.wilson.1487@example.com,United States,2024-03-06,Repeat,2673.55
CUST-01488,Neha Reddy,neha.reddy.1488@example.com,Australia,2022-12-04,One-Time,845.58
CUST-01489,Vikram Brown,vikram.brown.1489@example.com,Australia,2018-07-20,Inactive,423.74
CUST-01490,Aarav Miller,aarav.miller.1490@example.com,United States,2018-02-21,Inactive,330.51
CUST-01491,Aarav Gupta,aarav.gupta.1491@example.com,United Kingdom,2022-10-23,One-Time,141.55
CUST-01492,Vikram Gupta,vikram.gupta.1492@example.com,United Kingdom,2024-02-12,One-Time,351.79
CUST-01493,Noah Wilson,noah.wilson.1493@example.com,United Kingdom,2021-01-12,Inactive,113.65
CUST-01494,Aarav Garcia,aarav.garcia.1494@example.com,Australia,2018-07-03,One-Time,462.99
CUST-01495,Emma Nair,emma.nair.1495@example.com,United Arab Emirates,2023-08-31,Repeat,3559.72
CUST-01496,Aditi Sharma,aditi.sharma.1496@example.com,Australia,2024-08-13,Repeat,6893.56
CUST-01497,Neha Wilson,neha.wilson.1497@example.com,Australia,2024-01-04,Repeat,6479.94
CUST-01498,Vikram Gupta,vikram.gupta.1498@example.com,Singapore,2023-06-19,One-Time,1115.11
CUST-01499,Liam Singh,liam.singh.1499@example.com,Germany,2024-03-04,Repeat,4260.69
CUST-01500,Ishaan Reddy,ishaan.reddy.1500@example.com,United Arab Emirates,2022-03-06,Inactive,388.61
CUST-01501,Vikram Kumar,vikram.kumar.1501@example.com,United Kingdom,2018-03-21,Repeat,6844.22
CUST-01502,Kavya Patel,kavya.patel.1502@example.com,India,2024-01-19,Repeat,962.84
CUST-01503,Liam Kumar,liam.kumar.1503@example.com,Canada,2021-04-29,Repeat,2302.68
CUST-01504,Noah Brown,noah.brown.1504@example.com,United States,2018-09-14,Repeat,6360.20
CUST-01505,Rohan Garcia,rohan.garcia.1505@example.com,Canada,2020-12-19,Repeat,6873.63
CUST-01506,Arjun Reddy,arjun.reddy.1506@example.com,United States,2019-12-01,Repeat,2845.93
CUST-01507,Ishaan Reddy,ishaan.reddy.1507@example.com,Canada,2021-08-15,Repeat,5682.90
CUST-01508,Emma Singh,emma.singh.1508@example.com,United Arab Emirates,2018-12-05,Repeat,4351.90
CUST-01509,Liam Nair,liam.nair.1509@example.com,United Arab Emirates,2025-03-15,Repeat,2432.12
CUST-01510,Emma Sharma,emma.sharma.1510@example.com,Singapore,2018-12-14,High-Value,15800.00
CUST-01511,Emma Mehta,emma.mehta.1511@example.com,Germany,2024-06-13,Repeat,6770.91
CUST-01512,Rohan Brown,rohan.brown.1512@example.com,India,2023-09-30,Inactive,476.43
CUST-01513,Liam Singh,liam.singh.1513@example.com,India,2018-10-31,Inactive,464.65
CUST-01514,Meera Mehta,meera.mehta.1514@example.com,United Kingdom,2021-02-22,Repeat,3425.30
CUST-01515,Aditi Garcia,aditi.garcia.1515@example.com,United Arab Emirates,2022-03-12,One-Time,65.83
CUST-01516,Arjun Brown,arjun.brown.1516@example.com,Germany,2022-12-27,One-Time,796.38
CUST-01517,Liam Wilson,liam.wilson.1517@example.com,Australia,2024-11-20,One-Time,703.30
CUST-01518,Olivia Nair,olivia.nair.1518@example.com,Singapore,2020-01-30,Inactive,399.31
CUST-01519,Emma Wilson,emma.wilson.1519@example.com,United States,2025-03-25,Inactive,70.32
CUST-01520,Aarav Reddy,aarav.reddy.1520@example.com,United States,2024-01-28,Repeat,1769.53
CUST-01521,Aarav Miller,aarav.miller.1521@example.com,United States,2024-11-10,One-Time,391.95
CUST-01522,Aditi Patel,aditi.patel.1522@example.com,India,2019-08-03,One-Time,319.39
CUST-01523,Arjun Garcia,arjun.garcia.1523@example.com,Singapore,2019-03-24,One-Time,675.92
CUST-01524,Aarav Nair,aarav.nair.1524@example.com,United Kingdom,2025-10-09,High-Value,20481.26
CUST-01525,Kavya Singh,kavya.singh.1525@example.com,India,2022-08-17,Inactive,238.08
CUST-01526,Aditi Gupta,aditi.gupta.1526@example.com,Germany,2018-05-08,Repeat,6949.15
CUST-01527,Olivia Reddy,olivia.reddy.1527@example.com,United Kingdom,2025-06-29,Repeat,4218.75
CUST-01528,Kavya Garcia,kavya.garcia.1528@example.com,United Arab Emirates,2019-01-01,Repeat,5870.73
CUST-01529,Neha Reddy,neha.reddy.1529@example.com,United Arab Emirates,2020-01-16,One-Time,695.25
CUST-01530,Rohan Mehta,rohan.mehta.1530@example.com,Canada,2021-02-03,Repeat,3029.32
CUST-01531,Emma Miller,emma.miller.1531@example.com,United Kingdom,2019-10-23,One-Time,315.89
CUST-01532,Rohan Miller,rohan.miller.1532@example.com,United Kingdom,2023-03-05,Inactive,164.66
CUST-01533,Olivia Gupta,olivia.gupta.1533@example.com,Germany,2024-08-12,Repeat,6918.96
CUST-01534,Olivia Wilson,olivia.wilson.1534@example.com,United Arab Emirates,2021-02-11,One-Time,339.97
CUST-01535,Aditi Kumar,aditi.kumar.1535@example.com,India,2018-11-28,High-Value,17476.85
CUST-01536,Aarav Gupta,aarav.gupta.1536@example.com,Canada,2023-09-14,Repeat,3247.87
CUST-01537,Sophia Garcia,sophia.garcia.1537@example.com,United Arab Emirates,2025-03-22,High-Value,20802.67
CUST-01538,Olivia Wilson,olivia.wilson.1538@example.com,Singapore,2019-01-27,Inactive,291.53
CUST-01539,Kavya Garcia,kavya.garcia.1539@example.com,Australia,2025-10-19,Inactive,388.55
CUST-01540,Emma Singh,emma.singh.1540@example.com,United Kingdom,2019-11-18,One-Time,753.15
CUST-01541,Arjun Patel,arjun.patel.1541@example.com,Canada,2025-03-30,One-Time,631.86
CUST-01542,Diya Garcia,diya.garcia.1542@example.com,United Kingdom,2021-11-06,Inactive,406.27
CUST-01543,Olivia Garcia,olivia.garcia.1543@example.com,Canada,2025-07-19,One-Time,790.57
CUST-01544,Liam Garcia,liam.garcia.1544@example.com,Germany,2020-05-24,High-Value,8057.79
CUST-01545,Liam Reddy,liam.reddy.1545@example.com,Australia,2022-02-18,High-Value,9186.63
CUST-01546,Meera Kumar,meera.kumar.1546@example.com,United States,2019-07-20,Repeat,3120.55
CUST-01547,Arjun Singh,arjun.singh.1547@example.com,United Kingdom,2022-10-15,Repeat,6918.26
CUST-01548,Meera Gupta,meera.gupta.1548@example.com,Singapore,2023-06-10,One-Time,718.09
CUST-01549,Noah Miller,noah.miller.1549@example.com,United Kingdom,2024-07-20,One-Time,770.75
CUST-01550,Rohan Wilson,rohan.wilson.1550@example.com,Germany,2025-03-22,High-Value,9687.61
CUST-01551,Sophia Singh,sophia.singh.1551@example.com,Australia,2023-02-08,Repeat,6665.79
CUST-01552,Olivia Sharma,olivia.sharma.1552@example.com,India,2019-06-21,Repeat,7102.12
CUST-01553,Aditi Reddy,aditi.reddy.1553@example.com,United Kingdom,2018-05-27,Repeat,5956.46
CUST-01554,Vikram Gupta,vikram.gupta.1554@example.com,India,2021-10-09,Repeat,7254.92
CUST-01555,Noah Kumar,noah.kumar.1555@example.com,United Arab Emirates,2025-02-12,One-Time,499.92
CUST-01556,Rohan Sharma,rohan.sharma.1556@example.com,Singapore,2022-12-29,One-Time,528.17
CUST-01557,Vikram Kumar,vikram.kumar.1557@example.com,Germany,2024-01-14,Repeat,2304.77
CUST-01558,Ishaan Nair,ishaan.nair.1558@example.com,Singapore,2024-07-25,Inactive,409.67
CUST-01559,Meera Nair,meera.nair.1559@example.com,Germany,2022-07-28,Inactive,417.26
CUST-01560,Meera Patel,meera.patel.1560@example.com,United States,2018-10-01,One-Time,307.60
CUST-01561,Sophia Gupta,sophia.gupta.1561@example.com,United States,2020-01-05,Inactive,449.52
CUST-01562,Noah Miller,noah.miller.1562@example.com,India,2022-08-26,Repeat,2414.23
CUST-01563,Kavya Kumar,kavya.kumar.1563@example.com,Canada,2020-07-07,Inactive,394.00
CUST-01564,Ishaan Patel,ishaan.patel.1564@example.com,Germany,2023-11-22,Repeat,3125.33
CUST-01565,Emma Reddy,emma.reddy.1565@example.com,Germany,2022-07-21,One-Time,671.57
CUST-01566,Olivia Nair,olivia.nair.1566@example.com,United Kingdom,2021-05-01,Repeat,4205.69
CUST-01567,Kavya Kumar,kavya.kumar.1567@example.com,Germany,2021-05-22,Inactive,37.81
CUST-01568,Liam Wilson,liam.wilson.1568@example.com,United Kingdom,2025-06-16,Inactive,251.21
CUST-01569,Kavya Garcia,kavya.garcia.1569@example.com,Singapore,2018-05-26,Repeat,2846.97
CUST-01570,Noah Nair,noah.nair.1570@example.com,United Arab Emirates,2020-12-10,One-Time,246.69
CUST-01571,Olivia Patel,olivia.patel.1571@example.com,Singapore,2025-01-31,One-Time,168.97
CUST-01572,Rohan Reddy,rohan.reddy.1572@example.com,United Kingdom,2020-12-04,One-Time,67.25
CUST-01573,Aditi Wilson,aditi.wilson.1573@example.com,Canada,2020-01-07,Repeat,4724.06
CUST-01574,Aditi Reddy,aditi.reddy.1574@example.com,Singapore,2024-02-02,Repeat,5858.10
CUST-01575,Meera Brown,meera.brown.1575@example.com,United Arab Emirates,2025-05-10,Inactive,386.43
CUST-01576,Arjun Wilson,arjun.wilson.1576@example.com,United Arab Emirates,2023-02-01,High-Value,16360.09
CUST-01577,Diya Nair,diya.nair.1577@example.com,United Arab Emirates,2023-01-11,Repeat,1949.52
CUST-01578,Neha Reddy,neha.reddy.1578@example.com,United States,2020-11-06,Repeat,6169.21
CUST-01579,Aarav Kumar,aarav.kumar.1579@example.com,United Arab Emirates,2025-05-08,One-Time,953.49
CUST-01580,Olivia Reddy,olivia.reddy.1580@example.com,United States,2020-01-26,Inactive,121.20
CUST-01581,Olivia Gupta,olivia.gupta.1581@example.com,Australia,2018-09-02,One-Time,733.08
CUST-01582,Meera Brown,meera.brown.1582@example.com,Singapore,2019-12-23,Repeat,2086.67
CUST-01583,Aarav Sharma,aarav.sharma.1583@example.com,Canada,2022-03-08,Repeat,4404.60
CUST-01584,Rohan Garcia,rohan.garcia.1584@example.com,Australia,2020-04-26,Repeat,5245.19
CUST-01585,Aarav Garcia,aarav.garcia.1585@example.com,India,2022-08-12,One-Time,824.28
CUST-01586,Ishaan Mehta,ishaan.mehta.1586@example.com,Canada,2019-06-02,Inactive,78.19
CUST-01587,Vikram Kumar,vikram.kumar.1587@example.com,Canada,2021-04-23,One-Time,234.78
CUST-01588,Meera Nair,meera.nair.1588@example.com,Australia,2021-12-13,High-Value,11955.98
CUST-01589,Olivia Miller,olivia.miller.1589@example.com,Germany,2022-07-19,Inactive,34.08
CUST-01590,Meera Nair,meera.nair.1590@example.com,Germany,2018-03-17,One-Time,31.42
CUST-01591,Kavya Patel,kavya.patel.1591@example.com,India,2021-04-22,Repeat,6276.29
CUST-01592,Neha Patel,neha.patel.1592@example.com,Singapore,2018-04-25,One-Time,575.48
CUST-01593,Liam Gupta,liam.gupta.1593@example.com,Germany,2018-11-28,Repeat,6367.54
CUST-01594,Aarav Mehta,aarav.mehta.1594@example.com,United States,2020-12-27,One-Time,188.05
CUST-01595,Noah Gupta,noah.gupta.1595@example.com,United Arab Emirates,2025-03-23,Repeat,3465.69
CUST-01596,Emma Sharma,emma.sharma.1596@example.com,United States,2019-12-06,Repeat,5874.71
CUST-01597,Emma Gupta,emma.gupta.1597@example.com,Singapore,2019-06-04,Repeat,6961.50
CUST-01598,Kavya Wilson,kavya.wilson.1598@example.com,Singapore,2019-01-24,High-Value,13419.02
CUST-01599,Neha Nair,neha.nair.1599@example.com,Germany,2019-08-12,Repeat,956.38
CUST-01600,Aarav Singh,aarav.singh.1600@example.com,United Kingdom,2025-07-08,Repeat,3607.06
CUST-01601,Neha Wilson,neha.wilson.1601@example.com,Canada,2019-12-19,Repeat,6893.31
CUST-01602,Aarav Kumar,aarav.kumar.1602@example.com,Canada,2024-08-01,High-Value,23459.90
CUST-01603,Sophia Singh,sophia.singh.1603@example.com,Australia,2025-07-31,High-Value,6106.29
CUST-01604,Neha Nair,neha.nair.1604@example.com,United States,2021-04-07,Inactive,378.82
CUST-01605,Noah Brown,noah.brown.1605@example.com,Australia,2022-10-22,Repeat,1076.86
CUST-01606,Ishaan Reddy,ishaan.reddy.1606@example.com,Germany,2019-06-22,Repeat,1238.62
CUST-01607,Olivia Garcia,olivia.garcia.1607@example.com,Canada,2019-01-05,Inactive,380.11
CUST-01608,Aarav Garcia,aarav.garcia.1608@example.com,Singapore,2023-12-02,Repeat,6805.33
CUST-01609,Arjun Nair,arjun.nair.1609@example.com,United Kingdom,2021-01-04,Repeat,5202.31
CUST-01610,Rohan Nair,rohan.nair.1610@example.com,United States,2025-03-17,Repeat,6680.31
CUST-01611,Rohan Patel,rohan.patel.1611@example.com,India,2019-05-20,One-Time,1060.80
CUST-01612,Aarav Sharma,aarav.sharma.1612@example.com,Australia,2022-02-02,One-Time,941.10
CUST-01613,Neha Brown,neha.brown.1613@example.com,United Kingdom,2021-06-08,Repeat,5103.41
CUST-01614,Vikram Sharma,vikram.sharma.1614@example.com,United Arab Emirates,2025-01-12,Repeat,2734.60
CUST-01615,Aditi Garcia,aditi.garcia.1615@example.com,Australia,2018-06-09,Repeat,6916.34
CUST-01616,Diya Gupta,diya.gupta.1616@example.com,Germany,2020-06-26,One-Time,1098.33
CUST-01617,Diya Sharma,diya.sharma.1617@example.com,United States,2022-11-07,High-Value,16444.29
CUST-01618,Neha Reddy,neha.reddy.1618@example.com,India,2020-12-26,Repeat,7093.02
CUST-01619,Aarav Nair,aarav.nair.1619@example.com,United States,2018-03-13,Repeat,2111.02
CUST-01620,Meera Reddy,meera.reddy.1620@example.com,Canada,2021-10-15,Repeat,7219.64
CUST-01621,Noah Nair,noah.nair.1621@example.com,Singapore,2025-06-01,One-Time,578.10
CUST-01622,Kavya Miller,kavya.miller.1622@example.com,United Kingdom,2021-08-24,Repeat,5390.18
CUST-01623,Liam Patel,liam.patel.1623@example.com,Canada,2019-03-15,One-Time,1060.60
CUST-01624,Olivia Singh,olivia.singh.1624@example.com,India,2021-06-01,Repeat,3662.56
CUST-01625,Arjun Garcia,arjun.garcia.1625@example.com,Singapore,2022-09-09,One-Time,420.13
CUST-01626,Kavya Patel,kavya.patel.1626@example.com,India,2018-05-16,One-Time,347.86
CUST-01627,Kavya Garcia,kavya.garcia.1627@example.com,United Arab Emirates,2018-01-02,One-Time,1061.48
CUST-01628,Noah Singh,noah.singh.1628@example.com,Singapore,2024-08-12,One-Time,954.90
CUST-01629,Aditi Brown,aditi.brown.1629@example.com,United Kingdom,2018-12-02,One-Time,943.55
CUST-01630,Neha Brown,neha.brown.1630@example.com,United States,2018-06-14,Repeat,2958.94
CUST-01631,Diya Mehta,diya.mehta.1631@example.com,United Kingdom,2024-01-11,One-Time,702.52
CUST-01632,Meera Patel,meera.patel.1632@example.com,United Arab Emirates,2025-04-15,One-Time,1168.29
CUST-01633,Emma Singh,emma.singh.1633@example.com,Singapore,2018-04-04,One-Time,563.56
CUST-01634,Rohan Patel,rohan.patel.1634@example.com,India,2023-11-19,One-Time,488.05
CUST-01635,Kavya Patel,kavya.patel.1635@example.com,India,2023-06-03,One-Time,401.84
CUST-01636,Noah Reddy,noah.reddy.1636@example.com,Singapore,2018-12-03,High-Value,21421.63
CUST-01637,Olivia Singh,olivia.singh.1637@example.com,Canada,2021-02-24,Repeat,832.38
CUST-01638,Aditi Reddy,aditi.reddy.1638@example.com,United Kingdom,2020-08-11,Inactive,447.83
CUST-01639,Rohan Patel,rohan.patel.1639@example.com,United Kingdom,2018-04-21,Repeat,4766.69
CUST-01640,Vikram Nair,vikram.nair.1640@example.com,United Arab Emirates,2022-11-17,Repeat,6794.58
CUST-01641,Diya Sharma,diya.sharma.1641@example.com,Canada,2024-08-18,One-Time,330.51
CUST-01642,Ishaan Garcia,ishaan.garcia.1642@example.com,United Arab Emirates,2019-01-26,Repeat,3197.87
CUST-01643,Rohan Brown,rohan.brown.1643@example.com,Singapore,2025-11-07,One-Time,20.28
CUST-01644,Ishaan Nair,ishaan.nair.1644@example.com,Germany,2020-01-20,One-Time,84.75
CUST-01645,Sophia Reddy,sophia.reddy.1645@example.com,United States,2021-04-21,High-Value,17197.49
CUST-01646,Arjun Reddy,arjun.reddy.1646@example.com,Singapore,2020-08-27,Repeat,5882.19
CUST-01647,Ishaan Brown,ishaan.brown.1647@example.com,India,2018-12-25,Inactive,138.01
CUST-01648,Olivia Reddy,olivia.reddy.1648@example.com,United Kingdom,2022-03-15,One-Time,746.54
CUST-01649,Arjun Sharma,arjun.sharma.1649@example.com,Australia,2020-11-13,Repeat,5419.65
CUST-01650,Noah Singh,noah.singh.1650@example.com,Germany,2023-07-26,One-Time,1085.91
CUST-01651,Aarav Patel,aarav.patel.1651@example.com,India,2025-01-02,Repeat,937.41
CUST-01652,Diya Miller,diya.miller.1652@example.com,Australia,2018-07-17,Repeat,6489.55
CUST-01653,Noah Kumar,noah.kumar.1653@example.com,Australia,2020-08-07,Repeat,3300.16
CUST-01654,Ishaan Nair,ishaan.nair.1654@example.com,United Arab Emirates,2023-11-06,One-Time,957.29
CUST-01655,Rohan Kumar,rohan.kumar.1655@example.com,Australia,2024-01-31,One-Time,1019.66
CUST-01656,Rohan Nair,rohan.nair.1656@example.com,Singapore,2018-05-23,One-Time,858.64
CUST-01657,Diya Wilson,diya.wilson.1657@example.com,Canada,2025-09-08,Repeat,7006.68
CUST-01658,Rohan Nair,rohan.nair.1658@example.com,Singapore,2019-10-27,One-Time,1062.91
CUST-01659,Meera Singh,meera.singh.1659@example.com,United States,2025-05-11,Repeat,6424.04
CUST-01660,Olivia Wilson,olivia.wilson.1660@example.com,Canada,2024-03-09,Inactive,396.00
CUST-01661,Noah Kumar,noah.kumar.1661@example.com,United Kingdom,2023-09-05,High-Value,14349.87
CUST-01662,Vikram Brown,vikram.brown.1662@example.com,Australia,2020-07-01,Repeat,4285.33
CUST-01663,Arjun Nair,arjun.nair.1663@example.com,United Arab Emirates,2023-01-22,One-Time,684.89
CUST-01664,Diya Singh,diya.singh.1664@example.com,United States,2021-01-02,Repeat,3277.37
CUST-01665,Emma Reddy,emma.reddy.1665@example.com,Canada,2020-10-26,One-Time,1088.11
CUST-01666,Liam Brown,liam.brown.1666@example.com,United States,2021-02-05,Inactive,32.65
CUST-01667,Meera Nair,meera.nair.1667@example.com,United States,2022-09-07,One-Time,716.86
CUST-01668,Sophia Mehta,sophia.mehta.1668@example.com,Germany,2019-09-13,One-Time,935.85
CUST-01669,Arjun Kumar,arjun.kumar.1669@example.com,United Kingdom,2021-07-01,High-Value,6411.91
CUST-01670,Noah Sharma,noah.sharma.1670@example.com,Australia,2025-02-11,Inactive,74.45
CUST-01671,Diya Kumar,diya.kumar.1671@example.com,United Kingdom,2023-03-25,Repeat,2388.14
CUST-01672,Kavya Sharma,kavya.sharma.1672@example.com,Australia,2022-07-11,One-Time,1111.85
CUST-01673,Liam Nair,liam.nair.1673@example.com,United Kingdom,2021-06-11,Inactive,447.26
CUST-01674,Aarav Brown,aarav.brown.1674@example.com,Singapore,2019-12-09,Inactive,187.37
CUST-01675,Emma Gupta,emma.gupta.1675@example.com,Australia,2025-07-19,One-Time,832.76
CUST-01676,Sophia Brown,sophia.brown.1676@example.com,Canada,2020-02-14,High-Value,9266.86
CUST-01677,Ishaan Patel,ishaan.patel.1677@example.com,Singapore,2024-10-04,One-Time,664.05
CUST-01678,Kavya Miller,kavya.miller.1678@example.com,United States,2019-11-18,High-Value,16182.31
CUST-01679,Emma Miller,emma.miller.1679@example.com,United Arab Emirates,2024-11-20,Repeat,4641.89
CUST-01680,Diya Gupta,diya.gupta.1680@example.com,Canada,2020-10-02,Repeat,2320.98
CUST-01681,Aditi Miller,aditi.miller.1681@example.com,Canada,2024-09-28,One-Time,94.30
CUST-01682,Aditi Reddy,aditi.reddy.1682@example.com,Germany,2021-08-12,One-Time,1130.86
CUST-01683,Arjun Singh,arjun.singh.1683@example.com,Singapore,2023-10-05,One-Time,166.63
CUST-01684,Diya Brown,diya.brown.1684@example.com,United States,2024-09-07,One-Time,1086.41
CUST-01685,Liam Kumar,liam.kumar.1685@example.com,Singapore,2024-08-01,One-Time,189.68
CUST-01687,Diya Sharma,diya.sharma.1687@example.com,United Arab Emirates,2020-01-27,Inactive,50.57
CUST-01688,Rohan Patel,rohan.patel.1688@example.com,Singapore,2020-09-30,Repeat,6749.53
CUST-01689,Kavya Gupta,kavya.gupta.1689@example.com,Canada,2025-05-14,One-Time,900.65
CUST-01690,Aarav Garcia,aarav.garcia.1690@example.com,Canada,2023-09-01,Repeat,2636.89
CUST-01691,Rohan Reddy,rohan.reddy.1691@example.com,Canada,2022-06-28,One-Time,412.37
CUST-01692,Neha Singh,neha.singh.1692@example.com,United Arab Emirates,2023-04-19,One-Time,593.66
CUST-01693,Vikram Mehta,vikram.mehta.1693@example.com,United Arab Emirates,2022-06-12,Repeat,3647.16
CUST-01694,Diya Reddy,diya.reddy.1694@example.com,Canada,2021-04-03,High-Value,14318.10
CUST-01695,Aditi Singh,aditi.singh.1695@example.com,United Kingdom,2019-08-15,High-Value,16351.51
CUST-01696,Aditi Gupta,aditi.gupta.1696@example.com,United Arab Emirates,2022-11-13,Repeat,4216.81
CUST-01697,Aarav Singh,aarav.singh.1697@example.com,Canada,2019-05-10,Repeat,1387.65
CUST-01698,Olivia Miller,olivia.miller.1698@example.com,Singapore,2020-04-12,Repeat,1668.35
CUST-01699,Emma Garcia,emma.garcia.1699@example.com,Singapore,2019-04-21,Inactive,142.51
CUST-01700,Neha Sharma,neha.sharma.1700@example.com,Australia,2020-05-24,One-Time,867.47
CUST-01701,Rohan Mehta,rohan.mehta.1701@example.com,United Kingdom,2022-05-20,Inactive,81.53
CUST-01702,Liam Reddy,liam.reddy.1702@example.com,United Kingdom,2025-04-10,High-Value,6284.25
CUST-01703,Emma Nair,emma.nair.1703@example.com,Singapore,2021-12-13,High-Value,10848.66
CUST-01704,Liam Miller,liam.miller.1704@example.com,United Kingdom,2019-03-14,Inactive,169.44
CUST-01705,Arjun Mehta,arjun.mehta.1705@example.com,United States,2021-09-17,High-Value,22090.00
CUST-01706,Ishaan Sharma,ishaan.sharma.1706@example.com,Singapore,2018-10-02,Repeat,6578.73
CUST-01707,Aditi Singh,aditi.singh.1707@example.com,Germany,2025-01-26,One-Time,713.56
CUST-01708,Diya Wilson,diya.wilson.1708@example.com,Germany,2022-12-19,Repeat,5506.89
CUST-01709,Diya Brown,diya.brown.1709@example.com,Singapore,2024-11-01,One-Time,856.48
CUST-01710,Vikram Mehta,vikram.mehta.1710@example.com,Australia,2023-11-15,Repeat,6651.12
CUST-01711,Neha Sharma,neha.sharma.1711@example.com,United States,2018-10-15,High-Value,5007.88
CUST-01712,Kavya Nair,kavya.nair.1712@example.com,Australia,2024-01-14,Inactive,259.73
CUST-01713,Liam Singh,liam.singh.1713@example.com,United States,2023-02-05,One-Time,870.97
CUST-01714,Emma Miller,emma.miller.1714@example.com,Canada,2023-10-16,High-Value,6019.46
CUST-01715,Meera Brown,meera.brown.1715@example.com,Singapore,2021-01-15,Repeat,2662.60
CUST-01716,Olivia Reddy,olivia.reddy.1716@example.com,United Arab Emirates,2019-11-05,Inactive,36.80
CUST-01717,Neha Singh,neha.singh.1717@example.com,United Arab Emirates,2018-01-02,Inactive,337.56
CUST-01718,Olivia Gupta,olivia.gupta.1718@example.com,India,2020-04-14,Repeat,3751.85
CUST-01719,Aarav Sharma,aarav.sharma.1719@example.com,United States,2023-05-04,One-Time,148.02
CUST-01720,Neha Wilson,neha.wilson.1720@example.com,United Kingdom,2025-11-25,One-Time,389.22
CUST-01721,Aditi Nair,aditi.nair.1721@example.com,Australia,2021-11-10,Repeat,3113.56
CUST-01722,Rohan Miller,rohan.miller.1722@example.com,United Arab Emirates,2023-04-06,Inactive,166.04
CUST-01723,Olivia Kumar,olivia.kumar.1723@example.com,United States,2025-06-08,One-Time,1161.99
CUST-01724,Olivia Wilson,olivia.wilson.1724@example.com,India,2021-02-28,One-Time,951.37
CUST-01725,Noah Gupta,noah.gupta.1725@example.com,Germany,2025-11-10,High-Value,6678.43
CUST-01726,Aditi Nair,aditi.nair.1726@example.com,United Kingdom,2021-04-18,Repeat,5346.14
CUST-01727,Aditi Brown,aditi.brown.1727@example.com,United States,2024-05-06,One-Time,1038.49
CUST-01728,Meera Nair,meera.nair.1728@example.com,Singapore,2020-03-03,One-Time,1075.22
CUST-01729,Aarav Reddy,aarav.reddy.1729@example.com,Australia,2019-02-12,One-Time,24.79
CUST-01730,Vikram Brown,vikram.brown.1730@example.com,Germany,2025-12-13,One-Time,839.59
CUST-01731,Rohan Sharma,rohan.sharma.1731@example.com,United States,2020-04-15,Repeat,1286.99
CUST-01732,Sophia Mehta,sophia.mehta.1732@example.com,Australia,2022-04-09,Inactive,74.31
CUST-01733,Vikram Brown,vikram.brown.1733@example.com,Singapore,2019-11-03,One-Time,87.62
CUST-01734,Diya Sharma,diya.sharma.1734@example.com,Singapore,2022-05-30,Repeat,4422.20
CUST-01735,Rohan Singh,rohan.singh.1735@example.com,Canada,2022-04-28,One-Time,919.90
CUST-01736,Noah Patel,noah.patel.1736@example.com,Canada,2019-02-28,Inactive,53.41
CUST-01737,Diya Sharma,diya.sharma.1737@example.com,United States,2018-05-25,Inactive,481.84
CUST-01738,Aditi Patel,aditi.patel.1738@example.com,Canada,2022-08-10,High-Value,10174.27
CUST-01739,Diya Garcia,diya.garcia.1739@example.com,India,2020-02-10,Inactive,55.89
CUST-01740,Meera Mehta,meera.mehta.1740@example.com,India,2021-09-17,Repeat,6916.75
CUST-01741,Olivia Miller,olivia.miller.1741@example.com,United Arab Emirates,2025-02-24,One-Time,1197.31
CUST-01742,Kavya Miller,kavya.miller.1742@example.com,United Kingdom,2020-05-24,Repeat,5928.94
CUST-01743,Noah Nair,noah.nair.1743@example.com,Germany,2018-09-17,Repeat,6708.03
CUST-01744,Emma Sharma,emma.sharma.1744@example.com,India,2018-09-04,Repeat,7347.26
CUST-01745,Noah Sharma,noah.sharma.1745@example.com,Germany,2018-02-07,Inactive,69.38
CUST-01746,Aditi Wilson,aditi.wilson.1746@example.com,Singapore,2025-04-14,One-Time,244.85
CUST-01747,Aarav Miller,aarav.miller.1747@example.com,Singapore,2025-03-02,High-Value,24504.91
CUST-01748,Aarav Patel,aarav.patel.1748@example.com,Canada,2021-05-14,One-Time,177.73
CUST-01749,Aditi Kumar,aditi.kumar.1749@example.com,Germany,2021-08-26,Repeat,5185.24
CUST-01750,Meera Wilson,meera.wilson.1750@example.com,United Arab Emirates,2018-08-26,One-Time,981.05
CUST-01751,Meera Brown,meera.brown.1751@example.com,Germany,2025-11-30,Inactive,453.06
CUST-01752,Meera Patel,meera.patel.1752@example.com,United States,2022-11-11,One-Time,319.16
CUST-01753,Emma Singh,emma.singh.1753@example.com,United States,2019-04-15,Repeat,4132.55
CUST-01754,Vikram Gupta,vikram.gupta.1754@example.com,India,2018-05-19,One-Time,1068.29
CUST-01755,Kavya Wilson,kavya.wilson.1755@example.com,India,2019-05-30,One-Time,371.92
CUST-01756,Olivia Kumar,olivia.kumar.1756@example.com,United Arab Emirates,2020-08-06,Repeat,5988.14
CUST-01757,Diya Wilson,diya.wilson.1757@example.com,Canada,2019-10-30,One-Time,1107.95
CUST-01758,Aditi Miller,aditi.miller.1758@example.com,Australia,2019-04-07,Repeat,4400.54
CUST-01759,Diya Nair,diya.nair.1759@example.com,Germany,2020-06-23,One-Time,1104.73
CUST-01760,Aditi Reddy,aditi.reddy.1760@example.com,Germany,2021-10-21,One-Time,524.90
CUST-01761,Neha Gupta,neha.gupta.1761@example.com,India,2020-02-13,One-Time,402.66
CUST-01762,Aarav Garcia,aarav.garcia.1762@example.com,United States,2019-08-28,High-Value,17461.62
CUST-01763,Aarav Brown,aarav.brown.1763@example.com,United Arab Emirates,2021-05-10,Repeat,1151.67
CUST-01764,Rohan Patel,rohan.patel.1764@example.com,Germany,2022-07-24,Repeat,3084.23
CUST-01765,Diya Patel,diya.patel.1765@example.com,India,2021-02-04,One-Time,47.94
CUST-01766,Liam Brown,liam.brown.1766@example.com,Singapore,2022-03-06,One-Time,235.82
CUST-01767,Meera Nair,meera.nair.1767@example.com,Canada,2018-10-12,One-Time,590.10
CUST-01768,Vikram Reddy,vikram.reddy.1768@example.com,India,2019-07-20,Repeat,7211.13
CUST-01769,Kavya Gupta,kavya.gupta.1769@example.com,Australia,2020-11-17,Repeat,1230.43
CUST-01770,Noah Singh,noah.singh.1770@example.com,Germany,2024-02-15,One-Time,298.75
CUST-01771,Aditi Gupta,aditi.gupta.1771@example.com,United States,2023-02-20,Repeat,3927.45
CUST-01772,Olivia Gupta,olivia.gupta.1772@example.com,United Arab Emirates,2023-05-13,One-Time,1097.63
CUST-01773,Neha Wilson,neha.wilson.1773@example.com,India,2024-12-10,One-Time,688.65
CUST-01774,Meera Patel,meera.patel.1774@example.com,India,2024-01-20,One-Time,107.31
CUST-01775,Kavya Mehta,kavya.mehta.1775@example.com,Canada,2019-10-20,Repeat,2958.93
CUST-01776,Rohan Mehta,rohan.mehta.1776@example.com,United States,2025-02-22,Repeat,7198.51
CUST-01777,Sophia Garcia,sophia.garcia.1777@example.com,United Arab Emirates,2018-01-01,Inactive,426.33
CUST-01778,Noah Garcia,noah.garcia.1778@example.com,Canada,2019-11-16,High-Value,15358.63
CUST-01779,Olivia Reddy,olivia.reddy.1779@example.com,United Kingdom,2024-08-15,High-Value,9314.20
CUST-01780,Diya Miller,diya.miller.1780@example.com,United States,2019-07-30,One-Time,198.15
CUST-01781,Neha Garcia,neha.garcia.1781@example.com,Australia,2023-02-06,Repeat,2208.25
CUST-01782,Aarav Brown,aarav.brown.1782@example.com,United Kingdom,2020-11-06,One-Time,932.26
CUST-01783,Kavya Miller,kavya.miller.1783@example.com,Australia,2021-08-12,One-Time,665.89
CUST-01784,Noah Mehta,noah.mehta.1784@example.com,Singapore,2025-01-15,Repeat,3375.47
CUST-01785,Emma Mehta,emma.mehta.1785@example.com,United Arab Emirates,2019-07-19,Repeat,1362.92
CUST-01786,Diya Garcia,diya.garcia.1786@example.com,Canada,2024-11-11,Repeat,6794.66
CUST-01787,Liam Garcia,liam.garcia.1787@example.com,Singapore,2021-06-23,One-Time,793.54
CUST-01788,Vikram Miller,vikram.miller.1788@example.com,United States,2018-11-01,One-Time,1047.08
CUST-01789,Vikram Wilson,vikram.wilson.1789@example.com,United Arab Emirates,2020-06-19,Repeat,2063.01
CUST-01790,Emma Nair,emma.nair.1790@example.com,Singapore,2022-08-31,One-Time,1148.24
CUST-01791,Olivia Reddy,olivia.reddy.1791@example.com,Canada,2022-01-16,One-Time,632.10
CUST-01792,Sophia Nair,sophia.nair.1792@example.com,Singapore,2018-12-12,Inactive,493.22
CUST-01793,Arjun Nair,arjun.nair.1793@example.com,Germany,2025-04-06,Repeat,1078.64
CUST-01794,Rohan Nair,rohan.nair.1794@example.com,Germany,2021-03-18,Repeat,6381.89
CUST-01795,Vikram Kumar,vikram.kumar.1795@example.com,Singapore,2020-01-28,Repeat,2724.96
CUST-01796,Emma Miller,emma.miller.1796@example.com,Canada,2024-10-17,Inactive,43.60
CUST-01797,Aditi Singh,aditi.singh.1797@example.com,United Kingdom,2018-03-10,Inactive,336.39
CUST-01798,Ishaan Nair,ishaan.nair.1798@example.com,United Kingdom,2019-11-24,Inactive,109.37
CUST-01799,Meera Kumar,meera.kumar.1799@example.com,Singapore,2019-09-19,Repeat,7083.67
CUST-01800,Noah Wilson,noah.wilson.1800@example.com,India,2024-01-17,One-Time,93.97
CUST-01801,Diya Reddy,diya.reddy.1801@example.com,Canada,2020-10-09,One-Time,658.34
CUST-01802,Vikram Reddy,vikram.reddy.1802@example.com,Germany,2024-12-08,Inactive,261.45
CUST-01803,Vikram Miller,vikram.miller.1803@example.com,United Arab Emirates,2018-09-21,Repeat,3495.51
CUST-01804,Diya Garcia,diya.garcia.1804@example.com,United States,2019-07-25,Repeat,1969.58
CUST-01805,Olivia Sharma,olivia.sharma.1805@example.com,Singapore,2025-01-10,High-Value,5881.42
CUST-01806,Arjun Mehta,arjun.mehta.1806@example.com,United States,2025-05-12,One-Time,232.45
CUST-01807,Ishaan Singh,ishaan.singh.1807@example.com,Germany,2018-12-11,One-Time,1094.43
CUST-01808,Noah Mehta,noah.mehta.1808@example.com,United Arab Emirates,2022-10-07,One-Time,210.30
CUST-01809,Olivia Nair,olivia.nair.1809@example.com,Germany,2025-12-17,Inactive,221.43
CUST-01810,Sophia Wilson,sophia.wilson.1810@example.com,Germany,2021-10-29,Repeat,6096.50
CUST-01811,Vikram Singh,vikram.singh.1811@example.com,India,2019-08-27,Repeat,1910.30
CUST-01812,Liam Reddy,liam.reddy.1812@example.com,Singapore,2019-01-07,One-Time,292.33
CUST-01813,Olivia Singh,olivia.singh.1813@example.com,United States,2019-11-22,High-Value,15875.35
CUST-01814,Meera Wilson,meera.wilson.1814@example.com,Germany,2019-07-11,One-Time,499.37
CUST-01815,Olivia Garcia,olivia.garcia.1815@example.com,Australia,2021-06-15,Repeat,5745.75
CUST-01816,Neha Miller,neha.miller.1816@example.com,United States,2024-08-05,One-Time,1150.28
CUST-01817,Aarav Singh,aarav.singh.1817@example.com,United Kingdom,2021-01-11,One-Time,701.17
CUST-01818,Aarav Kumar,aarav.kumar.1818@example.com,United States,2019-11-01,One-Time,412.32
CUST-01819,Aarav Gupta,aarav.gupta.1819@example.com,United Arab Emirates,2021-08-21,Repeat,2389.91
CUST-01820,Ishaan Miller,ishaan.miller.1820@example.com,United Arab Emirates,2025-09-09,One-Time,989.63
CUST-01821,Kavya Kumar,kavya.kumar.1821@example.com,India,2021-03-01,Repeat,6178.61
CUST-01822,Emma Kumar,emma.kumar.1822@example.com,United Arab Emirates,2018-04-10,Repeat,1462.01
CUST-01823,Meera Miller,meera.miller.1823@example.com,United Kingdom,2024-07-23,One-Time,1029.41
CUST-01824,Neha Mehta,neha.mehta.1824@example.com,Singapore,2019-10-17,Repeat,2633.95
CUST-01825,Vikram Miller,vikram.miller.1825@example.com,India,2019-12-02,Repeat,2140.82
CUST-01826,Ishaan Brown,ishaan.brown.1826@example.com,Germany,2025-06-19,One-Time,97.35
CUST-01827,Ishaan Reddy,ishaan.reddy.1827@example.com,Australia,2024-10-10,One-Time,430.87
CUST-01828,Ishaan Patel,ishaan.patel.1828@example.com,United States,2023-03-18,Repeat,3812.94
CUST-01829,Noah Miller,noah.miller.1829@example.com,United Arab Emirates,2023-07-10,One-Time,1080.16
CUST-01830,Meera Miller,meera.miller.1830@example.com,Australia,2024-12-16,Inactive,96.77
CUST-01831,Diya Patel,diya.patel.1831@example.com,Australia,2025-10-18,One-Time,847.68
CUST-01832,Kavya Brown,kavya.brown.1832@example.com,India,2021-06-21,One-Time,953.24
CUST-01833,Aarav Garcia,aarav.garcia.1833@example.com,Singapore,2022-07-07,Repeat,929.97
CUST-01834,Vikram Miller,vikram.miller.1834@example.com,Canada,2021-07-07,One-Time,200.15
CUST-01835,Emma Singh,emma.singh.1835@example.com,Canada,2023-06-19,High-Value,6569.45
CUST-01836,Ishaan Singh,ishaan.singh.1836@example.com,Singapore,2025-02-14,Repeat,4571.84
CUST-01837,Ishaan Gupta,ishaan.gupta.1837@example.com,Canada,2023-11-16,Repeat,3153.79
CUST-01838,Liam Brown,liam.brown.1838@example.com,Germany,2021-04-03,Inactive,466.65
CUST-01839,Sophia Kumar,sophia.kumar.1839@example.com,United States,2019-01-15,One-Time,573.13
CUST-01840,Aarav Reddy,aarav.reddy.1840@example.com,Australia,2021-10-24,Repeat,1204.31
CUST-01841,Diya Patel,diya.patel.1841@example.com,United States,2018-04-26,One-Time,603.68
CUST-01842,Aarav Reddy,aarav.reddy.1842@example.com,Germany,2025-05-14,One-Time,1199.19
CUST-01843,Meera Singh,meera.singh.1843@example.com,Germany,2021-01-20,One-Time,475.74
CUST-01844,Kavya Garcia,kavya.garcia.1844@example.com,United States,2025-11-15,One-Time,982.93
CUST-01845,Olivia Wilson,olivia.wilson.1845@example.com,United Kingdom,2020-11-25,Repeat,5089.57
CUST-01846,Olivia Wilson,olivia.wilson.1846@example.com,Canada,2025-04-20,One-Time,185.14
CUST-01847,Kavya Brown,kavya.brown.1847@example.com,United Kingdom,2023-12-22,One-Time,915.06
CUST-01848,Diya Patel,diya.patel.1848@example.com,United Kingdom,2024-01-11,Repeat,3479.81
CUST-01849,Sophia Singh,sophia.singh.1849@example.com,Canada,2020-10-25,One-Time,526.48
CUST-01850,Arjun Singh,arjun.singh.1850@example.com,United Kingdom,2024-08-06,Inactive,163.31
CUST-01851,Diya Brown,diya.brown.1851@example.com,Canada,2023-06-21,High-Value,5795.34
CUST-01852,Aditi Reddy,aditi.reddy.1852@example.com,Canada,2019-11-05,One-Time,1017.33
CUST-01853,Emma Singh,emma.singh.1853@example.com,United States,2025-11-15,Repeat,4663.72
CUST-01854,Vikram Garcia,vikram.garcia.1854@example.com,United States,2021-01-31,Repeat,5629.09
CUST-01855,Vikram Nair,vikram.nair.1855@example.com,India,2020-02-05,High-Value,23339.66
CUST-01856,Rohan Sharma,rohan.sharma.1856@example.com,Singapore,2020-10-02,High-Value,20231.41
CUST-01857,Arjun Gupta,arjun.gupta.1857@example.com,United States,2020-07-05,One-Time,1149.36
CUST-01858,Sophia Garcia,sophia.garcia.1858@example.com,United States,2020-12-02,Repeat,2545.88
CUST-01859,Kavya Brown,kavya.brown.1859@example.com,Germany,2020-03-22,Inactive,72.49
CUST-01860,Liam Miller,liam.miller.1860@example.com,Canada,2021-07-20,One-Time,752.07
CUST-01861,Arjun Sharma,arjun.sharma.1861@example.com,United Arab Emirates,2021-12-13,Repeat,3250.95
CUST-01862,Diya Brown,diya.brown.1862@example.com,United Kingdom,2019-06-27,Repeat,2055.05
CUST-01863,Kavya Kumar,kavya.kumar.1863@example.com,United States,2019-01-01,Inactive,270.84
CUST-01864,Liam Garcia,liam.garcia.1864@example.com,United States,2020-11-17,Inactive,390.00
CUST-01865,Ishaan Miller,ishaan.miller.1865@example.com,India,2025-04-23,Repeat,5622.30
CUST-01866,Liam Garcia,liam.garcia.1866@example.com,Germany,2019-06-06,Inactive,186.61
CUST-01867,Olivia Brown,olivia.brown.1867@example.com,Singapore,2025-01-26,Repeat,6584.53
CUST-01868,Ishaan Mehta,ishaan.mehta.1868@example.com,Germany,2023-07-01,High-Value,14642.62
CUST-01869,Kavya Mehta,kavya.mehta.1869@example.com,Germany,2022-06-21,High-Value,9756.02
CUST-01870,Neha Sharma,neha.sharma.1870@example.com,Canada,2023-09-18,Repeat,5550.97
CUST-01871,Rohan Reddy,rohan.reddy.1871@example.com,United Kingdom,2020-04-11,Inactive,217.88
CUST-01872,Rohan Sharma,rohan.sharma.1872@example.com,India,2023-08-11,One-Time,614.42
CUST-01873,Aditi Gupta,aditi.gupta.1873@example.com,Australia,2022-10-19,One-Time,851.52
CUST-01874,Noah Garcia,noah.garcia.1874@example.com,Canada,2019-07-23,One-Time,475.54
CUST-01875,Diya Miller,diya.miller.1875@example.com,United Kingdom,2022-09-22,High-Value,8866.27
CUST-01876,Ishaan Wilson,ishaan.wilson.1876@example.com,United Kingdom,2019-01-17,One-Time,1195.95
CUST-01877,Arjun Singh,arjun.singh.1877@example.com,United Arab Emirates,2021-08-04,High-Value,22019.61
CUST-01878,Meera Miller,meera.miller.1878@example.com,Canada,2019-01-15,Repeat,5246.74
CUST-01879,Aarav Mehta,aarav.mehta.1879@example.com,United Arab Emirates,2024-10-27,One-Time,696.68
CUST-01880,Ishaan Nair,ishaan.nair.1880@example.com,Singapore,2022-06-06,Repeat,7374.60
CUST-01881,Aarav Patel,aarav.patel.1881@example.com,United Arab Emirates,2021-09-20,High-Value,22466.11
CUST-01882,Ishaan Sharma,ishaan.sharma.1882@example.com,Germany,2023-02-13,One-Time,930.43
CUST-01883,Kavya Singh,kavya.singh.1883@example.com,United Arab Emirates,2024-12-10,One-Time,110.63
CUST-01884,Neha Wilson,neha.wilson.1884@example.com,United Arab Emirates,2020-03-03,High-Value,11393.24
CUST-01885,Rohan Kumar,rohan.kumar.1885@example.com,Singapore,2023-05-27,Repeat,2786.21
CUST-01886,Liam Sharma,liam.sharma.1886@example.com,United Kingdom,2018-03-19,High-Value,16055.68
CUST-01887,Rohan Wilson,rohan.wilson.1887@example.com,India,2024-12-01,Inactive,57.37
CUST-01888,Aditi Mehta,aditi.mehta.1888@example.com,Australia,2025-10-02,Repeat,4735.07
CUST-01889,Liam Gupta,liam.gupta.1889@example.com,United Arab Emirates,2019-06-23,Repeat,1370.71
CUST-01890,Neha Garcia,neha.garcia.1890@example.com,India,2019-09-30,One-Time,163.45
CUST-01891,Arjun Nair,arjun.nair.1891@example.com,Canada,2018-01-12,High-Value,5758.66
CUST-01892,Arjun Kumar,arjun.kumar.1892@example.com,United Kingdom,2025-11-26,Inactive,200.61
CUST-01893,Rohan Nair,rohan.nair.1893@example.com,Canada,2022-04-13,High-Value,15306.61
CUST-01894,Liam Singh,liam.singh.1894@example.com,Australia,2023-04-12,High-Value,16095.95
CUST-01895,Noah Wilson,noah.wilson.1895@example.com,United Arab Emirates,2025-10-22,One-Time,1048.91
CUST-01896,Vikram Wilson,vikram.wilson.1896@example.com,Australia,2023-02-17,Repeat,5238.09
CUST-01897,Ishaan Wilson,ishaan.wilson.1897@example.com,Canada,2024-10-25,Repeat,5813.82
CUST-01898,Noah Singh,noah.singh.1898@example.com,United Kingdom,2024-09-01,One-Time,1040.41
CUST-01899,Neha Singh,neha.singh.1899@example.com,Singapore,2021-05-19,Repeat,4436.67
CUST-01900,Arjun Mehta,arjun.mehta.1900@example.com,Australia,2025-09-30,One-Time,1148.89
CUST-01901,Olivia Sharma,olivia.sharma.1901@example.com,United Arab Emirates,2021-02-28,Inactive,90.88
CUST-01902,Vikram Kumar,vikram.kumar.1902@example.com,Germany,2018-01-31,One-Time,146.90
CUST-01903,Aarav Reddy,aarav.reddy.1903@example.com,India,2022-09-03,Repeat,1604.10
CUST-01904,Olivia Gupta,olivia.gupta.1904@example.com,India,2018-09-13,One-Time,165.31
CUST-01905,Arjun Miller,arjun.miller.1905@example.com,United Kingdom,2022-09-01,Inactive,101.36
CUST-01906,Diya Nair,diya.nair.1906@example.com,Canada,2018-05-05,Inactive,147.51
CUST-01907,Ishaan Kumar,ishaan.kumar.1907@example.com,Australia,2021-12-23,One-Time,428.58
CUST-01908,Meera Singh,meera.singh.1908@example.com,Germany,2018-11-02,Inactive,91.27
CUST-01909,Liam Nair,liam.nair.1909@example.com,Germany,2024-10-29,Repeat,1246.76
CUST-01910,Meera Mehta,meera.mehta.1910@example.com,United Arab Emirates,2019-11-14,High-Value,21220.00
CUST-01911,Meera Nair,meera.nair.1911@example.com,India,2023-03-24,Repeat,3454.36
CUST-01912,Sophia Kumar,sophia.kumar.1912@example.com,Canada,2018-06-09,Repeat,7323.96
CUST-01913,Neha Brown,neha.brown.1913@example.com,United States,2023-03-18,High-Value,21936.56
CUST-01914,Arjun Patel,arjun.patel.1914@example.com,India,2020-10-16,High-Value,12422.12
CUST-01915,Liam Patel,liam.patel.1915@example.com,India,2019-12-01,Inactive,146.35
CUST-01916,Sophia Nair,sophia.nair.1916@example.com,Singapore,2020-12-14,Repeat,2218.82
CUST-01917,Noah Kumar,noah.kumar.1917@example.com,United Arab Emirates,2022-06-01,High-Value,19741.38
CUST-01918,Sophia Patel,sophia.patel.1918@example.com,United States,2024-07-10,One-Time,646.16
CUST-01919,Aditi Brown,aditi.brown.1919@example.com,Singapore,2020-07-01,Inactive,65.23
CUST-01920,Kavya Sharma,kavya.sharma.1920@example.com,United States,2019-04-03,Repeat,5928.72
CUST-01921,Kavya Reddy,kavya.reddy.1921@example.com,India,2023-06-17,One-Time,1044.83
CUST-01922,Aarav Wilson,aarav.wilson.1922@example.com,United States,2020-05-30,One-Time,817.59
CUST-01923,Noah Gupta,noah.gupta.1923@example.com,United Kingdom,2018-04-24,Repeat,1274.19
CUST-01924,Liam Mehta,liam.mehta.1924@example.com,United States,2020-09-08,Inactive,255.01
CUST-01925,Aarav Nair,aarav.nair.1925@example.com,United Kingdom,2022-09-20,One-Time,377.09
CUST-01926,Kavya Reddy,kavya.reddy.1926@example.com,Canada,2025-05-22,Repeat,3211.05
CUST-01927,Noah Reddy,noah.reddy.1927@example.com,United Arab Emirates,2018-09-03,Repeat,5470.22
CUST-01928,Rohan Miller,rohan.miller.1928@example.com,Canada,2019-06-14,Inactive,119.51
CUST-01929,Ishaan Patel,ishaan.patel.1929@example.com,Australia,2018-12-06,Repeat,6203.10
CUST-01930,Aarav Singh,aarav.singh.1930@example.com,Singapore,2025-01-02,Repeat,3029.27
CUST-01931,Kavya Reddy,kavya.reddy.1931@example.com,Singapore,2023-02-06,Repeat,1873.71
CUST-01932,Meera Garcia,meera.garcia.1932@example.com,Australia,2020-12-23,Repeat,5836.42
CUST-01933,Vikram Brown,vikram.brown.1933@example.com,United States,2021-01-03,Repeat,2908.78
CUST-01934,Diya Singh,diya.singh.1934@example.com,United Kingdom,2019-02-12,Repeat,4269.67
CUST-01935,Noah Gupta,noah.gupta.1935@example.com,United Kingdom,2020-05-27,Inactive,39.42
CUST-01936,Ishaan Mehta,ishaan.mehta.1936@example.com,Australia,2024-05-09,High-Value,5454.21
CUST-01937,Diya Miller,diya.miller.1937@example.com,Singapore,2023-02-24,Repeat,4743.17
CUST-01938,Olivia Garcia,olivia.garcia.1938@example.com,United Kingdom,2018-06-22,Repeat,4691.98
CUST-01939,Vikram Gupta,vikram.gupta.1939@example.com,India,2023-08-10,Inactive,38.64
CUST-01940,Ishaan Brown,ishaan.brown.1940@example.com,Canada,2024-11-10,One-Time,1104.15
CUST-01941,Sophia Brown,sophia.brown.1941@example.com,Singapore,2025-07-30,One-Time,227.03
CUST-01942,Meera Reddy,meera.reddy.1942@example.com,India,2023-07-02,One-Time,565.13
CUST-01943,Rohan Brown,rohan.brown.1943@example.com,United Arab Emirates,2023-12-25,One-Time,1093.06
CUST-01944,Arjun Brown,arjun.brown.1944@example.com,Canada,2022-02-20,High-Value,18135.90
CUST-01945,Diya Gupta,diya.gupta.1945@example.com,United States,2024-06-14,One-Time,399.05
CUST-01946,Vikram Kumar,vikram.kumar.1946@example.com,United Kingdom,2018-01-25,Inactive,340.58
CUST-01947,Diya Gupta,diya.gupta.1947@example.com,United Arab Emirates,2022-03-14,Repeat,7286.21
CUST-01948,Rohan Patel,rohan.patel.1948@example.com,Singapore,2024-07-04,One-Time,301.81
CUST-01949,Emma Sharma,emma.sharma.1949@example.com,Canada,2023-03-17,Repeat,5133.51
CUST-01950,Sophia Miller,sophia.miller.1950@example.com,India,2019-04-13,Inactive,263.06
CUST-01951,Aarav Miller,aarav.miller.1951@example.com,United Arab Emirates,2024-11-21,One-Time,1167.81
CUST-01952,Vikram Patel,vikram.patel.1952@example.com,Germany,2022-07-05,Repeat,5822.35
CUST-01953,Neha Garcia,neha.garcia.1953@example.com,Canada,2024-02-16,Repeat,7487.23
CUST-01954,Emma Patel,emma.patel.1954@example.com,United States,2022-10-03,One-Time,42.72
CUST-01955,Aditi Nair,aditi.nair.1955@example.com,United States,2023-07-02,One-Time,875.67
CUST-01956,Liam Sharma,liam.sharma.1956@example.com,United Arab Emirates,2019-09-11,Repeat,6917.97
CUST-01957,Aarav Nair,aarav.nair.1957@example.com,Canada,2019-02-09,One-Time,211.13
CUST-01958,Diya Kumar,diya.kumar.1958@example.com,Germany,2022-07-07,One-Time,636.46
CUST-01959,Sophia Garcia,sophia.garcia.1959@example.com,United Arab Emirates,2025-04-13,One-Time,154.72
CUST-01960,Kavya Wilson,kavya.wilson.1960@example.com,Canada,2023-06-20,High-Value,20627.54
CUST-01961,Liam Mehta,liam.mehta.1961@example.com,Canada,2020-06-08,Inactive,206.51
CUST-01962,Vikram Nair,vikram.nair.1962@example.com,United States,2020-09-28,Repeat,5152.00
CUST-01963,Emma Sharma,emma.sharma.1963@example.com,United Arab Emirates,2022-06-04,Repeat,5181.07
CUST-01964,Sophia Patel,sophia.patel.1964@example.com,Singapore,2018-03-28,Repeat,3130.48
CUST-01965,Ishaan Garcia,ishaan.garcia.1965@example.com,Australia,2019-02-14,High-Value,22545.22
CUST-01966,Olivia Sharma,olivia.sharma.1966@example.com,United States,2021-03-27,One-Time,487.74
CUST-01967,Arjun Sharma,arjun.sharma.1967@example.com,India,2024-06-28,Repeat,5685.82
CUST-01968,Neha Nair,neha.nair.1968@example.com,United States,2023-10-11,One-Time,255.47
CUST-01969,Kavya Sharma,kavya.sharma.1969@example.com,Singapore,2022-11-08,Repeat,7341.22
CUST-01970,Aditi Wilson,aditi.wilson.1970@example.com,Singapore,2024-11-09,Repeat,804.23
CUST-01971,Kavya Sharma,kavya.sharma.1971@example.com,United Arab Emirates,2018-06-14,One-Time,385.21
CUST-01972,Neha Patel,neha.patel.1972@example.com,Canada,2019-10-16,Repeat,2663.62
CUST-01973,Liam Gupta,liam.gupta.1973@example.com,United Kingdom,2018-04-22,Inactive,245.08
CUST-01974,Emma Singh,emma.singh.1974@example.com,India,2024-01-13,One-Time,48.80
CUST-01975,Meera Reddy,meera.reddy.1975@example.com,Canada,2020-02-19,One-Time,560.74
CUST-01976,Diya Kumar,diya.kumar.1976@example.com,United Arab Emirates,2025-03-05,Repeat,5221.72
CUST-01977,Emma Singh,emma.singh.1977@example.com,Canada,2024-03-11,One-Time,161.92
CUST-01978,Meera Reddy,meera.reddy.1978@example.com,India,2024-03-19,Inactive,177.21
CUST-01979,Kavya Sharma,kavya.sharma.1979@example.com,Canada,2020-09-04,Repeat,4627.78
CUST-01980,Rohan Patel,rohan.patel.1980@example.com,Germany,2019-11-20,Repeat,7167.09
CUST-01981,Sophia Miller,sophia.miller.1981@example.com,United States,2024-11-09,One-Time,440.47
CUST-01982,Emma Sharma,emma.sharma.1982@example.com,India,2024-04-04,Inactive,468.85
CUST-01983,Diya Brown,diya.brown.1983@example.com,United Kingdom,2022-05-19,One-Time,1164.48
CUST-01984,Arjun Mehta,arjun.mehta.1984@example.com,United Arab Emirates,2020-02-22,High-Value,18901.10
CUST-01985,Diya Garcia,diya.garcia.1985@example.com,Australia,2022-05-22,One-Time,786.52
CUST-01986,Emma Miller,emma.miller.1986@example.com,United Arab Emirates,2025-12-15,Repeat,879.84
CUST-01987,Aditi Wilson,aditi.wilson.1987@example.com,India,2021-10-11,Repeat,7118.96
CUST-01988,Diya Kumar,diya.kumar.1988@example.com,Australia,2019-11-02,Repeat,3400.49
CUST-01989,Vikram Brown,vikram.brown.1989@example.com,United States,2024-03-19,One-Time,924.20
CUST-01990,Kavya Patel,kavya.patel.1990@example.com,Germany,2018-07-22,High-Value,20607.11
CUST-01991,Neha Brown,neha.brown.1991@example.com,Australia,2018-04-26,One-Time,1152.04
CUST-01992,Vikram Garcia,vikram.garcia.1992@example.com,Australia,2019-06-03,Inactive,94.32
CUST-01993,Arjun Patel,arjun.patel.1993@example.com,Singapore,2024-11-16,One-Time,677.12
CUST-01994,Aarav Mehta,aarav.mehta.1994@example.com,Australia,2020-03-23,One-Time,1124.52
CUST-01995,Olivia Miller,olivia.miller.1995@example.com,India,2024-10-20,Inactive,25.10
CUST-01996,Kavya Singh,kavya.singh.1996@example.com,Canada,2024-10-21,Repeat,1828.21
CUST-01997,Neha Gupta,neha.gupta.1997@example.com,United Arab Emirates,2018-03-27,Repeat,4337.64
CUST-01998,Liam Brown,liam.brown.1998@example.com,Australia,2019-01-15,One-Time,124.98
CUST-01999,Aarav Reddy,aarav.reddy.1999@example.com,United Kingdom,2021-08-16,High-Value,13695.07
CUST-02000,Diya Gupta,diya.gupta.2000@example.com,India,2020-01-10,Inactive,196.21
CUST-02001,Emma Nair,emma.nair.2001@example.com,United States,2022-09-05,Repeat,2900.61
CUST-02002,Rohan Miller,rohan.miller.2002@example.com,United Arab Emirates,2018-07-18,One-Time,210.53
CUST-02003,Aarav Garcia,aarav.garcia.2003@example.com,Australia,2019-04-24,Inactive,499.58
CUST-02004,Meera Reddy,meera.reddy.2004@example.com,United Kingdom,2019-02-09,Inactive,126.91
CUST-02005,Aditi Sharma,aditi.sharma.2005@example.com,Canada,2024-04-06,Repeat,895.38
CUST-02006,Kavya Mehta,kavya.mehta.2006@example.com,United Kingdom,2020-12-24,Repeat,5700.18
CUST-02007,Ishaan Nair,ishaan.nair.2007@example.com,Germany,2018-02-26,Repeat,2443.20
CUST-02008,Noah Sharma,noah.sharma.2008@example.com,Australia,2024-09-29,One-Time,719.88
CUST-02009,Arjun Mehta,arjun.mehta.2009@example.com,Germany,2019-08-16,Repeat,3352.22
CUST-02010,Liam Mehta,liam.mehta.2010@example.com,Singapore,2025-12-22,Repeat,1059.83
CUST-02011,Aarav Brown,aarav.brown.2011@example.com,Germany,2019-07-27,Repeat,2819.08
CUST-02012,Ishaan Gupta,ishaan.gupta.2012@example.com,United Arab Emirates,2025-02-01,High-Value,7821.54
CUST-02013,Liam Wilson,liam.wilson.2013@example.com,United Arab Emirates,2020-08-08,Repeat,3793.97
CUST-02014,Liam Wilson,liam.wilson.2014@example.com,Singapore,2023-07-27,Repeat,3002.58
CUST-02015,Meera Singh,meera.singh.2015@example.com,India,2020-12-20,Repeat,7071.55
CUST-02016,Emma Garcia,emma.garcia.2016@example.com,Canada,2020-09-03,One-Time,273.95
CUST-02017,Ishaan Mehta,ishaan.mehta.2017@example.com,United States,2019-02-06,Repeat,1389.52
CUST-02018,Liam Kumar,liam.kumar.2018@example.com,Germany,2024-07-17,One-Time,770.98
CUST-02019,Vikram Singh,vikram.singh.2019@example.com,India,2019-01-12,Repeat,5430.65
CUST-02020,Sophia Garcia,sophia.garcia.2020@example.com,Australia,2021-01-05,One-Time,1053.38
CUST-02021,Sophia Miller,sophia.miller.2021@example.com,Canada,2024-04-25,Repeat,1673.93
CUST-02022,Ishaan Miller,ishaan.miller.2022@example.com,India,2023-10-18,Repeat,1930.06
CUST-02023,Olivia Miller,olivia.miller.2023@example.com,United Kingdom,2024-09-06,Repeat,3184.98
CUST-02024,Ishaan Nair,ishaan.nair.2024@example.com,India,2023-04-12,One-Time,890.09
CUST-02025,Kavya Singh,kavya.singh.2025@example.com,United Arab Emirates,2018-09-13,Inactive,194.36
CUST-02026,Vikram Mehta,vikram.mehta.2026@example.com,Germany,2019-07-04,Inactive,57.93
CUST-02027,Liam Nair,liam.nair.2027@example.com,United Kingdom,2024-08-03,One-Time,480.65
CUST-02028,Ishaan Nair,ishaan.nair.2028@example.com,India,2020-10-15,Inactive,284.24
CUST-02029,Sophia Wilson,sophia.wilson.2029@example.com,Australia,2020-06-04,One-Time,275.32
CUST-02030,Meera Miller,meera.miller.2030@example.com,India,2019-01-07,Repeat,1684.33
CUST-02031,Liam Brown,liam.brown.2031@example.com,United Arab Emirates,2018-09-12,One-Time,499.32
CUST-02032,Diya Singh,diya.singh.2032@example.com,United Arab Emirates,2025-08-30,High-Value,12683.10
CUST-02033,Meera Nair,meera.nair.2033@example.com,United Arab Emirates,2020-06-22,One-Time,768.53
CUST-02034,Arjun Mehta,arjun.mehta.2034@example.com,Singapore,2021-04-19,One-Time,1103.19
CUST-02035,Aditi Garcia,aditi.garcia.2035@example.com,United States,2023-01-18,Repeat,6425.59
CUST-02036,Aditi Reddy,aditi.reddy.2036@example.com,United Kingdom,2020-11-13,One-Time,1177.48
CUST-02037,Rohan Reddy,rohan.reddy.2037@example.com,Australia,2019-09-07,Repeat,4311.06
CUST-02038,Vikram Mehta,vikram.mehta.2038@example.com,Singapore,2020-08-09,One-Time,1083.68
CUST-02039,Arjun Kumar,arjun.kumar.2039@example.com,Germany,2024-08-17,Repeat,996.18
CUST-02040,Rohan Sharma,rohan.sharma.2040@example.com,United Arab Emirates,2021-11-07,Inactive,79.47
CUST-02041,Noah Mehta,noah.mehta.2041@example.com,India,2018-02-04,Repeat,1278.72
CUST-02042,Meera Garcia,meera.garcia.2042@example.com,United Arab Emirates,2018-11-21,One-Time,606.67
CUST-02043,Emma Reddy,emma.reddy.2043@example.com,India,2022-04-09,Repeat,3233.74
CUST-02044,Noah Brown,noah.brown.2044@example.com,Singapore,2025-11-13,High-Value,8987.04
CUST-02045,Diya Patel,diya.patel.2045@example.com,Canada,2018-05-11,Inactive,491.71
CUST-02046,Rohan Wilson,rohan.wilson.2046@example.com,Canada,2019-02-12,Inactive,458.53
CUST-02047,Diya Brown,diya.brown.2047@example.com,Singapore,2022-06-08,Repeat,7062.61
CUST-02048,Aditi Brown,aditi.brown.2048@example.com,India,2022-04-11,One-Time,685.08
CUST-02049,Emma Singh,emma.singh.2049@example.com,Singapore,2025-10-26,One-Time,283.39
CUST-02050,Noah Gupta,noah.gupta.2050@example.com,Germany,2018-09-12,High-Value,12536.89
CUST-02051,Sophia Mehta,sophia.mehta.2051@example.com,Singapore,2023-12-01,One-Time,98.32
CUST-02052,Noah Miller,noah.miller.2052@example.com,Canada,2024-02-14,Repeat,1019.55
CUST-02053,Ishaan Wilson,ishaan.wilson.2053@example.com,Canada,2022-12-11,One-Time,342.12
CUST-02054,Diya Reddy,diya.reddy.2054@example.com,United Kingdom,2025-03-25,One-Time,320.37
CUST-02055,Liam Garcia,liam.garcia.2055@example.com,United Arab Emirates,2022-07-18,One-Time,1106.38
CUST-02056,Meera Wilson,,Singapore,2020-04-25,High-Value,18346.35
CUST-02057,Olivia Wilson,olivia.wilson.2057@example.com,India,2023-09-19,Repeat,6692.49
CUST-02058,Sophia Reddy,sophia.reddy.2058@example.com,Australia,2025-09-27,One-Time,211.76
CUST-02059,Liam Brown,liam.brown.2059@example.com,Germany,2019-05-30,Repeat,2385.07
CUST-02060,Meera Patel,meera.patel.2060@example.com,Canada,2021-03-18,Inactive,271.92
CUST-02061,Kavya Miller,kavya.miller.2061@example.com,United States,2023-10-24,Repeat,892.55
CUST-02062,Meera Mehta,meera.mehta.2062@example.com,Singapore,2020-05-01,Repeat,7027.28
CUST-02063,Ishaan Sharma,ishaan.sharma.2063@example.com,India,2024-10-12,One-Time,320.30
CUST-02064,Meera Mehta,meera.mehta.2064@example.com,Germany,2024-04-15,Repeat,2517.00
CUST-02065,Kavya Garcia,kavya.garcia.2065@example.com,United States,2021-05-21,One-Time,721.73
CUST-02066,Diya Gupta,diya.gupta.2066@example.com,Singapore,2018-10-20,Inactive,431.45
CUST-02067,Kavya Miller,kavya.miller.2067@example.com,Singapore,2021-10-24,High-Value,12906.06
CUST-02068,Liam Sharma,liam.sharma.2068@example.com,United Arab Emirates,2018-04-13,One-Time,29.50
CUST-02069,Diya Reddy,diya.reddy.2069@example.com,Canada,2023-08-01,One-Time,1066.63
CUST-02070,Noah Kumar,noah.kumar.2070@example.com,India,2024-12-30,One-Time,160.85
CUST-02071,Emma Sharma,emma.sharma.2071@example.com,Australia,2019-12-27,Repeat,3852.44
CUST-02072,Arjun Patel,arjun.patel.2072@example.com,India,2019-01-13,Repeat,4482.58
CUST-02073,Noah Brown,noah.brown.2073@example.com,Australia,2020-01-04,High-Value,18122.04
CUST-02074,Aditi Nair,aditi.nair.2074@example.com,United Kingdom,2022-07-04,Repeat,2763.65
CUST-02075,Kavya Patel,kavya.patel.2075@example.com,United Kingdom,2018-12-14,Repeat,5594.99
CUST-02076,Ishaan Reddy,ishaan.reddy.2076@example.com,Germany,2019-05-15,One-Time,67.97
CUST-02077,Aditi Wilson,aditi.wilson.2077@example.com,United Kingdom,2024-07-18,Repeat,7398.26
CUST-02078,Sophia Singh,sophia.singh.2078@example.com,Canada,2019-05-24,Repeat,1451.97
CUST-02079,Neha Singh,neha.singh.2079@example.com,United Arab Emirates,2024-09-15,Inactive,48.18
CUST-02080,Liam Garcia,liam.garcia.2080@example.com,Germany,2025-07-01,One-Time,793.56
CUST-02081,Neha Sharma,neha.sharma.2081@example.com,India,2018-05-05,Inactive,144.77
CUST-02082,Noah Garcia,noah.garcia.2082@example.com,Canada,2018-09-23,Inactive,464.31
CUST-02083,Aarav Singh,aarav.singh.2083@example.com,United Kingdom,2020-04-16,One-Time,638.02
CUST-02084,Aditi Singh,aditi.singh.2084@example.com,Germany,2019-02-20,One-Time,910.90
CUST-02085,Arjun Nair,arjun.nair.2085@example.com,United Arab Emirates,2024-05-24,One-Time,1006.94
CUST-02086,Aarav Gupta,aarav.gupta.2086@example.com,United Kingdom,2018-08-31,Repeat,1654.35
CUST-02087,Aarav Reddy,aarav.reddy.2087@example.com,Canada,2019-07-06,One-Time,35.97
CUST-02088,Sophia Sharma,sophia.sharma.2088@example.com,Canada,2023-03-25,Repeat,2970.56
CUST-02089,Noah Kumar,noah.kumar.2089@example.com,United Kingdom,2021-03-25,Repeat,6202.79
CUST-02090,Kavya Garcia,kavya.garcia.2090@example.com,Canada,2023-03-23,One-Time,975.02
CUST-02091,Emma Wilson,emma.wilson.2091@example.com,Australia,2019-05-27,One-Time,394.06
CUST-02092,Neha Patel,neha.patel.2092@example.com,Germany,2022-07-21,One-Time,748.17
CUST-02093,Kavya Wilson,kavya.wilson.2093@example.com,India,2022-09-28,Repeat,3422.38
CUST-02094,Sophia Miller,sophia.miller.2094@example.com,Australia,2020-10-31,Repeat,1676.49
CUST-02095,Olivia Sharma,olivia.sharma.2095@example.com,Singapore,2024-02-25,One-Time,447.46
CUST-02096,Ishaan Mehta,ishaan.mehta.2096@example.com,Australia,2021-09-23,One-Time,758.14
CUST-02097,Arjun Miller,arjun.miller.2097@example.com,United Kingdom,2018-02-10,Inactive,130.73
CUST-02098,Rohan Gupta,rohan.gupta.2098@example.com,United Arab Emirates,2024-05-31,Repeat,6976.31
CUST-02099,Olivia Mehta,olivia.mehta.2099@example.com,India,2020-01-06,One-Time,1153.48
CUST-02100,Aditi Patel,aditi.patel.2100@example.com,United Kingdom,2022-02-24,One-Time,373.56
CUST-02101,Kavya Miller,kavya.miller.2101@example.com,Australia,2021-02-27,High-Value,9617.53
CUST-02102,Sophia Gupta,sophia.gupta.2102@example.com,United States,2024-08-07,One-Time,220.46
CUST-02103,Arjun Singh,arjun.singh.2103@example.com,Singapore,2018-11-03,High-Value,7090.12
CUST-02104,Vikram Singh,vikram.singh.2104@example.com,Australia,2018-03-24,One-Time,744.44
CUST-02105,Vikram Singh,vikram.singh.2105@example.com,Singapore,2022-05-09,Repeat,2368.00
CUST-02106,Arjun Miller,arjun.miller.2106@example.com,Canada,2021-02-12,Repeat,2765.95
CUST-02107,Liam Garcia,liam.garcia.2107@example.com,United Arab Emirates,2022-05-02,One-Time,75.57
CUST-02108,Liam Brown,liam.brown.2108@example.com,United Arab Emirates,2019-09-10,Repeat,4971.45
CUST-02109,Neha Brown,neha.brown.2109@example.com,Canada,2021-10-20,One-Time,909.78
CUST-02110,Emma Wilson,emma.wilson.2110@example.com,Germany,2021-02-25,Repeat,4364.30
CUST-02111,Olivia Mehta,olivia.mehta.2111@example.com,Australia,2025-11-30,One-Time,646.31
CUST-02112,Meera Kumar,meera.kumar.2112@example.com,United States,2023-06-12,Repeat,2377.36
CUST-02113,Arjun Mehta,arjun.mehta.2113@example.com,Germany,2022-03-02,One-Time,631.35
CUST-02114,Noah Nair,noah.nair.2114@example.com,United Kingdom,2018-03-11,Repeat,4463.22
CUST-02115,Arjun Garcia,arjun.garcia.2115@example.com,United Arab Emirates,2019-06-11,Inactive,321.32
CUST-02116,Meera Nair,meera.nair.2116@example.com,United States,2025-08-30,Repeat,4507.55
CUST-02117,Noah Wilson,noah.wilson.2117@example.com,United Kingdom,2018-05-12,Repeat,7148.07
CUST-02118,Arjun Mehta,arjun.mehta.2118@example.com,United Arab Emirates,2020-07-22,One-Time,620.86
CUST-02119,Arjun Nair,arjun.nair.2119@example.com,Canada,2024-10-28,Repeat,6140.29
CUST-02120,Neha Reddy,neha.reddy.2120@example.com,India,2022-12-16,One-Time,835.65
CUST-02121,Neha Miller,neha.miller.2121@example.com,Canada,2018-04-17,Repeat,5024.19
CUST-02122,Vikram Mehta,vikram.mehta.2122@example.com,India,2023-10-05,High-Value,16919.17
CUST-02123,Diya Garcia,diya.garcia.2123@example.com,India,2025-09-09,Repeat,3898.04
CUST-02124,Kavya Miller,kavya.miller.2124@example.com,United States,2023-03-17,Inactive,233.13
CUST-02125,Meera Gupta,meera.gupta.2125@example.com,Germany,2019-04-27,One-Time,143.92
CUST-02126,Kavya Nair,kavya.nair.2126@example.com,Germany,2018-12-22,Repeat,881.73
CUST-02127,Diya Sharma,diya.sharma.2127@example.com,United Kingdom,2018-09-25,Repeat,5558.70
CUST-02128,Noah Nair,noah.nair.2128@example.com,United States,2025-01-27,One-Time,1041.20
CUST-02129,Kavya Patel,kavya.patel.2129@example.com,United States,2019-08-23,Repeat,4536.05
CUST-02130,Kavya Kumar,kavya.kumar.2130@example.com,United Kingdom,2018-06-30,One-Time,686.49
CUST-02131,Diya Garcia,diya.garcia.2131@example.com,Canada,2022-09-02,Repeat,3972.76
CUST-02132,Sophia Kumar,sophia.kumar.2132@example.com,India,2018-09-30,Inactive,380.99
CUST-02133,Kavya Sharma,kavya.sharma.2133@example.com,United Kingdom,2022-07-22,Repeat,2105.68
CUST-02134,Diya Nair,diya.nair.2134@example.com,Australia,2022-06-07,Repeat,5824.15
CUST-02135,Diya Singh,diya.singh.2135@example.com,United Arab Emirates,2025-06-01,One-Time,277.60
CUST-02136,Emma Garcia,emma.garcia.2136@example.com,Canada,2021-06-03,Repeat,5091.08
CUST-02137,Vikram Sharma,vikram.sharma.2137@example.com,Australia,2020-08-17,Inactive,41.76
CUST-02138,Liam Kumar,liam.kumar.2138@example.com,Germany,2019-03-17,One-Time,935.90
CUST-02139,Arjun Mehta,arjun.mehta.2139@example.com,Australia,2024-12-18,Repeat,7030.00
CUST-02140,Aditi Sharma,aditi.sharma.2140@example.com,United Arab Emirates,2021-03-21,Repeat,6449.52
CUST-02141,Meera Wilson,meera.wilson.2141@example.com,United States,2019-05-26,High-Value,16726.36
CUST-02142,Olivia Gupta,olivia.gupta.2142@example.com,Canada,2018-02-07,Inactive,441.66
CUST-02143,Arjun Sharma,arjun.sharma.2143@example.com,Singapore,2019-10-29,One-Time,1075.80
CUST-02144,Noah Singh,noah.singh.2144@example.com,United Kingdom,2024-08-06,High-Value,10175.97
CUST-02145,Meera Singh,meera.singh.2145@example.com,Australia,2021-10-31,Repeat,1821.49
CUST-02146,Aditi Kumar,aditi.kumar.2146@example.com,United Kingdom,2024-09-02,Repeat,4905.82
CUST-02147,Meera Wilson,meera.wilson.2147@example.com,Australia,2025-11-13,Repeat,6543.90
CUST-02148,Noah Garcia,noah.garcia.2148@example.com,India,2019-03-20,One-Time,196.13
CUST-02149,Aarav Wilson,aarav.wilson.2149@example.com,United States,2022-01-15,Inactive,109.03
CUST-02150,Vikram Reddy,vikram.reddy.2150@example.com,Canada,2023-07-12,Repeat,3227.92
CUST-02151,Meera Garcia,meera.garcia.2151@example.com,India,2023-05-27,One-Time,1165.25
CUST-02152,Liam Wilson,liam.wilson.2152@example.com,India,2018-09-23,One-Time,259.05
CUST-02153,Aarav Wilson,aarav.wilson.2153@example.com,Singapore,2025-01-15,Inactive,281.24
CUST-02154,Olivia Reddy,olivia.reddy.2154@example.com,United Arab Emirates,2021-04-06,Inactive,461.83
CUST-02155,Vikram Patel,vikram.patel.2155@example.com,Germany,2019-04-08,High-Value,18819.00
CUST-02156,Emma Mehta,emma.mehta.2156@example.com,India,2025-01-21,Repeat,6871.98
CUST-02157,Olivia Gupta,olivia.gupta.2157@example.com,United Arab Emirates,2020-05-26,Inactive,10.94
CUST-02158,Aditi Reddy,aditi.reddy.2158@example.com,Germany,2024-02-08,Repeat,5999.75
CUST-02159,Vikram Wilson,vikram.wilson.2159@example.com,United States,2018-09-20,One-Time,192.80
CUST-02160,Vikram Brown,vikram.brown.2160@example.com,United States,2022-10-19,One-Time,773.21
CUST-02161,Liam Mehta,liam.mehta.2161@example.com,India,2024-01-09,Repeat,5000.98
CUST-02162,Aarav Sharma,aarav.sharma.2162@example.com,Germany,2020-05-15,Repeat,6376.65
CUST-02163,Aarav Wilson,aarav.wilson.2163@example.com,United States,2023-01-15,Repeat,1785.92
CUST-02164,Arjun Sharma,arjun.sharma.2164@example.com,Canada,2023-02-04,Inactive,54.45
CUST-02165,Sophia Mehta,sophia.mehta.2165@example.com,Canada,2025-07-10,Repeat,2421.01
CUST-02166,Kavya Nair,kavya.nair.2166@example.com,Singapore,2021-11-12,One-Time,328.68
CUST-02167,Kavya Miller,kavya.miller.2167@example.com,India,2020-03-26,Repeat,4183.89
CUST-02168,Neha Miller,neha.miller.2168@example.com,Germany,2024-02-22,Repeat,7382.39
CUST-02169,Kavya Mehta,kavya.mehta.2169@example.com,Australia,2025-05-10,Inactive,134.16
CUST-02170,Sophia Patel,sophia.patel.2170@example.com,Australia,2020-11-08,Repeat,2169.05
CUST-02171,Emma Wilson,emma.wilson.2171@example.com,India,2023-01-27,One-Time,1149.49
CUST-02172,Emma Sharma,emma.sharma.2172@example.com,Australia,2019-06-29,Repeat,6722.06
CUST-02173,Ishaan Miller,ishaan.miller.2173@example.com,United Kingdom,2024-10-11,Repeat,4330.49
CUST-02174,Sophia Patel,sophia.patel.2174@example.com,United Arab Emirates,2018-09-08,One-Time,149.46
CUST-02175,Sophia Miller,sophia.miller.2175@example.com,Singapore,2023-09-30,Repeat,1709.51
CUST-02176,Noah Garcia,noah.garcia.2176@example.com,Germany,2023-04-16,Inactive,72.54
CUST-02177,Emma Kumar,emma.kumar.2177@example.com,United Arab Emirates,2018-05-04,One-Time,709.47
CUST-02178,Liam Sharma,liam.sharma.2178@example.com,India,2025-11-06,One-Time,814.92
CUST-02179,Neha Mehta,neha.mehta.2179@example.com,Australia,2025-09-25,One-Time,910.25
CUST-02180,Meera Reddy,meera.reddy.2180@example.com,India,2019-04-14,One-Time,982.97
CUST-02181,Kavya Nair,kavya.nair.2181@example.com,India,2025-09-27,Repeat,5100.93
CUST-02182,Diya Gupta,diya.gupta.2182@example.com,Canada,2018-07-05,Repeat,6866.39
CUST-02183,Arjun Singh,arjun.singh.2183@example.com,Germany,2018-07-23,One-Time,247.77
CUST-02184,Olivia Kumar,olivia.kumar.2184@example.com,Canada,2022-05-19,Inactive,315.26
CUST-02185,Diya Gupta,diya.gupta.2185@example.com,United Arab Emirates,2020-01-23,One-Time,990.98
CUST-02186,Ishaan Kumar,ishaan.kumar.2186@example.com,United Kingdom,2022-08-03,One-Time,1188.90
CUST-02187,Liam Patel,liam.patel.2187@example.com,Canada,2019-04-08,One-Time,495.06
CUST-02188,Ishaan Kumar,ishaan.kumar.2188@example.com,India,2021-09-16,One-Time,775.89
CUST-02189,Vikram Sharma,vikram.sharma.2189@example.com,India,2021-05-16,One-Time,307.03
CUST-02190,Ishaan Sharma,ishaan.sharma.2190@example.com,United Kingdom,2020-08-05,Repeat,2354.22
CUST-02191,Sophia Kumar,sophia.kumar.2191@example.com,Germany,2020-07-07,High-Value,16884.45
CUST-02192,Liam Patel,liam.patel.2192@example.com,Australia,2023-11-16,High-Value,9493.15
CUST-02193,Ishaan Garcia,ishaan.garcia.2193@example.com,Australia,2018-05-15,Inactive,193.99
CUST-02194,Liam Kumar,liam.kumar.2194@example.com,Australia,2024-12-18,Repeat,2058.04
CUST-02195,Aditi Nair,aditi.nair.2195@example.com,United Kingdom,2018-09-12,Inactive,59.14
CUST-02196,Ishaan Brown,ishaan.brown.2196@example.com,Germany,2020-07-18,One-Time,188.89
CUST-02197,Kavya Miller,kavya.miller.2197@example.com,Australia,2019-03-17,High-Value,6598.26
CUST-02198,Diya Kumar,diya.kumar.2198@example.com,Singapore,2025-05-13,High-Value,17568.58
CUST-02199,Vikram Singh,vikram.singh.2199@example.com,United States,2024-10-25,Repeat,1688.64
CUST-02200,Noah Mehta,noah.mehta.2200@example.com,Singapore,2019-07-14,One-Time,541.22
CUST-02201,Kavya Brown,kavya.brown.2201@example.com,Germany,2019-09-28,Repeat,3350.13
CUST-02202,Diya Singh,diya.singh.2202@example.com,United Arab Emirates,2024-03-06,One-Time,35.79
CUST-02203,Rohan Wilson,rohan.wilson.2203@example.com,Australia,2018-02-01,Repeat,2908.36
CUST-02204,Aditi Patel,aditi.patel.2204@example.com,United Kingdom,2019-08-19,Repeat,3875.25
CUST-02205,Liam Brown,liam.brown.2205@example.com,Germany,2024-10-11,One-Time,717.52
CUST-02206,Aarav Kumar,aarav.kumar.2206@example.com,Singapore,2020-12-09,Repeat,6980.97
CUST-02207,Diya Garcia,diya.garcia.2207@example.com,Singapore,2022-12-02,Repeat,6621.35
CUST-02208,Emma Singh,emma.singh.2208@example.com,Canada,2021-04-28,One-Time,139.99
CUST-02209,Meera Wilson,meera.wilson.2209@example.com,United Kingdom,2022-03-13,Repeat,5848.12
CUST-02210,Diya Patel,diya.patel.2210@example.com,India,2022-12-11,Inactive,43.48
CUST-02211,Meera Garcia,meera.garcia.2211@example.com,Canada,2019-02-14,Repeat,814.09
CUST-02212,Aarav Sharma,aarav.sharma.2212@example.com,United Kingdom,2023-12-20,One-Time,510.56
CUST-02213,Aditi Kumar,aditi.kumar.2213@example.com,United Arab Emirates,2024-03-02,Repeat,7461.19
CUST-02214,Neha Garcia,neha.garcia.2214@example.com,Germany,2020-06-12,Repeat,5563.39
CUST-02215,Noah Singh,noah.singh.2215@example.com,Singapore,2021-12-30,Repeat,2095.31
CUST-02216,Olivia Wilson,olivia.wilson.2216@example.com,Australia,2023-02-03,Inactive,0.24
CUST-02217,Kavya Garcia,kavya.garcia.2217@example.com,Germany,2024-01-17,One-Time,586.26
CUST-02218,Diya Gupta,diya.gupta.2218@example.com,United Kingdom,2019-09-22,Repeat,3472.68
CUST-02219,Olivia Sharma,olivia.sharma.2219@example.com,Australia,2023-02-21,Repeat,2743.14
CUST-02220,Diya Gupta,diya.gupta.2220@example.com,Canada,2020-11-21,Inactive,79.62
CUST-02221,Noah Garcia,noah.garcia.2221@example.com,Germany,2023-09-29,One-Time,991.56
CUST-02222,Olivia Wilson,olivia.wilson.2222@example.com,Canada,2023-09-21,One-Time,577.17
CUST-02223,Neha Garcia,neha.garcia.2223@example.com,Canada,2018-08-14,One-Time,139.63
CUST-02224,Vikram Mehta,vikram.mehta.2224@example.com,United Kingdom,2023-03-07,Inactive,31.28
CUST-02225,Aarav Singh,aarav.singh.2225@example.com,United States,2025-10-02,Repeat,7052.88
CUST-02226,Diya Singh,diya.singh.2226@example.com,Germany,2023-12-11,One-Time,822.00
CUST-02227,Emma Kumar,emma.kumar.2227@example.com,United Kingdom,2019-05-24,One-Time,559.31
CUST-02228,Sophia Miller,sophia.miller.2228@example.com,Canada,2025-04-29,Repeat,6041.95
CUST-02229,Vikram Reddy,vikram.reddy.2229@example.com,United Arab Emirates,2024-03-21,One-Time,1177.38
CUST-02230,Olivia Wilson,olivia.wilson.2230@example.com,Australia,2025-11-13,One-Time,977.67
CUST-02231,Aditi Reddy,aditi.reddy.2231@example.com,Germany,2020-08-17,Inactive,434.75
CUST-02232,Aditi Kumar,aditi.kumar.2232@example.com,Singapore,2024-09-19,High-Value,9315.63
CUST-02233,Sophia Reddy,sophia.reddy.2233@example.com,United Kingdom,2018-12-09,One-Time,1060.69
CUST-02234,Rohan Singh,rohan.singh.2234@example.com,United Kingdom,2020-12-08,High-Value,21461.20
CUST-02235,Rohan Garcia,rohan.garcia.2235@example.com,Singapore,2022-07-19,Repeat,6253.53
CUST-02236,Arjun Patel,arjun.patel.2236@example.com,Australia,2021-09-20,Repeat,1323.14
CUST-02237,Noah Kumar,noah.kumar.2237@example.com,Singapore,2020-02-27,One-Time,1125.10
CUST-02238,Olivia Mehta,olivia.mehta.2238@example.com,Canada,2024-05-16,One-Time,46.29
CUST-02239,Ishaan Gupta,ishaan.gupta.2239@example.com,United States,2023-06-19,Repeat,2765.66
CUST-02240,Noah Kumar,noah.kumar.2240@example.com,United Kingdom,2025-01-28,Inactive,248.86
CUST-02241,Olivia Wilson,olivia.wilson.2241@example.com,United Kingdom,2018-02-13,Repeat,2910.90
CUST-02242,Diya Patel,diya.patel.2242@example.com,Canada,2023-07-11,One-Time,663.93
CUST-02243,Vikram Garcia,vikram.garcia.2243@example.com,Canada,2022-03-12,One-Time,175.88
CUST-02244,Rohan Mehta,rohan.mehta.2244@example.com,India,2025-12-07,Repeat,3029.99
CUST-02245,Meera Gupta,meera.gupta.2245@example.com,Singapore,2022-05-31,One-Time,724.98
CUST-02246,Ishaan Patel,ishaan.patel.2246@example.com,United Arab Emirates,2020-06-24,Inactive,417.73
CUST-02247,Ishaan Nair,ishaan.nair.2247@example.com,Singapore,2025-01-26,One-Time,48.59
CUST-02248,Olivia Miller,olivia.miller.2248@example.com,Germany,2022-09-09,High-Value,18750.85
CUST-02249,Liam Nair,liam.nair.2249@example.com,United States,2021-09-06,Inactive,498.96
CUST-02250,Noah Nair,noah.nair.2250@example.com,Singapore,2021-08-04,Repeat,3440.25
CUST-02251,Emma Brown,emma.brown.2251@example.com,Canada,2021-10-21,Inactive,224.96
CUST-02252,Diya Garcia,diya.garcia.2252@example.com,Australia,2025-09-14,One-Time,40.23
CUST-02253,Arjun Singh,arjun.singh.2253@example.com,India,2018-01-07,One-Time,168.91
CUST-02254,Arjun Wilson,arjun.wilson.2254@example.com,Australia,2020-08-24,Repeat,6812.20
CUST-02255,Aditi Brown,aditi.brown.2255@example.com,United Kingdom,2022-12-26,Repeat,2498.83
CUST-02256,Sophia Brown,sophia.brown.2256@example.com,Germany,2024-03-22,One-Time,369.42
CUST-02257,Aarav Gupta,aarav.gupta.2257@example.com,Australia,2023-08-09,High-Value,13888.23
CUST-02258,Olivia Mehta,olivia.mehta.2258@example.com,United States,2024-06-14,Inactive,261.82
CUST-02259,Liam Kumar,liam.kumar.2259@example.com,Germany,2025-07-04,One-Time,975.65
CUST-02260,Vikram Patel,vikram.patel.2260@example.com,Singapore,2022-05-04,One-Time,1168.24
CUST-02261,Aditi Reddy,aditi.reddy.2261@example.com,Germany,2024-03-26,Repeat,6461.14
CUST-02262,Arjun Mehta,arjun.mehta.2262@example.com,Germany,2020-04-25,One-Time,972.90
CUST-02263,Noah Patel,,United Arab Emirates,2024-02-11,Repeat,1567.52
CUST-02264,Vikram Miller,vikram.miller.2264@example.com,Germany,2024-10-06,Repeat,3098.84
CUST-02265,Rohan Nair,rohan.nair.2265@example.com,United Arab Emirates,2023-05-10,Repeat,6837.32
CUST-02266,Liam Patel,liam.patel.2266@example.com,United Kingdom,2022-01-01,Inactive,341.64
CUST-02267,Kavya Mehta,kavya.mehta.2267@example.com,United States,2019-05-28,High-Value,8513.01
CUST-02268,Vikram Nair,vikram.nair.2268@example.com,United Arab Emirates,2022-12-03,One-Time,592.09
CUST-02269,Vikram Wilson,vikram.wilson.2269@example.com,Germany,2019-05-29,One-Time,323.60
CUST-02270,Kavya Reddy,kavya.reddy.2270@example.com,United States,2023-10-24,Inactive,451.56
CUST-02271,Aarav Garcia,aarav.garcia.2271@example.com,Germany,2019-01-27,Repeat,1222.88
CUST-02272,Aditi Gupta,aditi.gupta.2272@example.com,Canada,2022-04-01,High-Value,17809.97
CUST-02273,Diya Sharma,diya.sharma.2273@example.com,Germany,2020-02-19,One-Time,298.66
CUST-02274,Kavya Patel,kavya.patel.2274@example.com,United Kingdom,2021-07-18,Repeat,1328.17
CUST-02275,Vikram Sharma,vikram.sharma.2275@example.com,Canada,2025-01-09,Repeat,5184.77
CUST-02276,Emma Wilson,emma.wilson.2276@example.com,United Kingdom,2025-12-17,One-Time,1072.52
CUST-02277,Rohan Sharma,rohan.sharma.2277@example.com,United Kingdom,2021-08-07,One-Time,1160.05
CUST-02278,Aarav Kumar,aarav.kumar.2278@example.com,United Arab Emirates,2018-04-09,Repeat,6653.86
CUST-02279,Neha Sharma,neha.sharma.2279@example.com,Germany,2019-04-12,High-Value,7942.21
CUST-02280,Liam Mehta,liam.mehta.2280@example.com,United Arab Emirates,2020-07-21,Repeat,1563.69
CUST-02281,Sophia Kumar,sophia.kumar.2281@example.com,Singapore,2018-05-27,One-Time,1128.59
CUST-02282,Emma Reddy,emma.reddy.2282@example.com,Germany,2025-03-16,One-Time,149.05
CUST-02283,Sophia Garcia,sophia.garcia.2283@example.com,India,2023-04-02,High-Value,9205.13
CUST-02284,Arjun Singh,arjun.singh.2284@example.com,Australia,2021-12-25,One-Time,95.84
CUST-02285,Ishaan Garcia,ishaan.garcia.2285@example.com,United Arab Emirates,2019-10-11,Repeat,6682.14
CUST-02286,Sophia Sharma,sophia.sharma.2286@example.com,Singapore,2022-11-07,Repeat,2066.18
CUST-02287,Sophia Miller,sophia.miller.2287@example.com,India,2018-07-24,Repeat,7296.11
CUST-02288,Olivia Singh,olivia.singh.2288@example.com,Germany,2019-07-28,Inactive,324.28
CUST-02289,Ishaan Wilson,ishaan.wilson.2289@example.com,India,2022-05-20,One-Time,606.10
CUST-02290,Neha Brown,neha.brown.2290@example.com,India,2018-02-27,Inactive,389.29
CUST-02291,Noah Gupta,noah.gupta.2291@example.com,Australia,2019-12-16,Repeat,2855.44
CUST-02292,Sophia Sharma,sophia.sharma.2292@example.com,Singapore,2019-03-21,Inactive,153.66
CUST-02293,Olivia Sharma,olivia.sharma.2293@example.com,Germany,2022-08-15,High-Value,9209.45
CUST-02294,Olivia Mehta,olivia.mehta.2294@example.com,United Arab Emirates,2018-10-27,One-Time,270.03
CUST-02295,Vikram Nair,vikram.nair.2295@example.com,Germany,2020-01-04,Repeat,7151.78
CUST-02296,Kavya Miller,kavya.miller.2296@example.com,United States,2025-04-04,One-Time,687.15
CUST-02297,Aditi Mehta,aditi.mehta.2297@example.com,India,2020-12-19,One-Time,858.93
CUST-02298,Neha Garcia,neha.garcia.2298@example.com,Australia,2022-08-13,Inactive,369.86
CUST-02299,Meera Patel,meera.patel.2299@example.com,United Arab Emirates,2024-10-09,Inactive,431.10
CUST-02300,Aditi Garcia,aditi.garcia.2300@example.com,India,2022-04-22,High-Value,11882.84
CUST-02301,Emma Nair,emma.nair.2301@example.com,Germany,2024-06-06,Inactive,412.10
CUST-02302,Ishaan Sharma,ishaan.sharma.2302@example.com,United Kingdom,2020-11-28,Inactive,305.46
CUST-02303,Neha Mehta,neha.mehta.2303@example.com,Australia,2021-04-20,One-Time,227.21
CUST-02304,Diya Sharma,diya.sharma.2304@example.com,United Arab Emirates,2024-06-03,One-Time,524.99
CUST-02305,Ishaan Singh,ishaan.singh.2305@example.com,United Arab Emirates,2018-03-25,One-Time,836.38
CUST-02306,Aditi Wilson,aditi.wilson.2306@example.com,Australia,2018-11-26,Inactive,435.15
CUST-02307,Kavya Wilson,kavya.wilson.2307@example.com,Canada,2021-06-29,Repeat,4475.19
CUST-02308,Neha Kumar,neha.kumar.2308@example.com,Germany,2020-02-26,Repeat,4292.87
CUST-02309,Aditi Patel,aditi.patel.2309@example.com,Australia,2020-05-12,One-Time,742.03
CUST-02310,Diya Brown,diya.brown.2310@example.com,Canada,2021-01-19,One-Time,376.48
CUST-02311,Neha Miller,neha.miller.2311@example.com,United Kingdom,2024-01-20,Repeat,5453.53
CUST-02312,Ishaan Kumar,ishaan.kumar.2312@example.com,United Kingdom,2025-05-04,Repeat,1952.46
CUST-02313,Olivia Patel,olivia.patel.2313@example.com,United Kingdom,2021-07-01,Inactive,196.30
CUST-02314,Neha Kumar,neha.kumar.2314@example.com,Germany,2021-12-15,One-Time,648.63
CUST-02315,Olivia Reddy,olivia.reddy.2315@example.com,Germany,2023-09-21,One-Time,758.73
CUST-02316,Aarav Nair,aarav.nair.2316@example.com,Singapore,2024-04-20,Repeat,5701.18
CUST-02317,Noah Nair,noah.nair.2317@example.com,Germany,2023-04-14,One-Time,830.75
CUST-02318,Noah Reddy,noah.reddy.2318@example.com,Singapore,2021-03-07,Inactive,390.28
CUST-02319,Rohan Wilson,rohan.wilson.2319@example.com,Singapore,2022-06-11,Repeat,5978.49
CUST-02320,Rohan Nair,rohan.nair.2320@example.com,United Arab Emirates,2022-09-23,One-Time,496.10
CUST-02321,Arjun Mehta,arjun.mehta.2321@example.com,United States,2021-06-01,One-Time,508.71
CUST-02322,Arjun Sharma,arjun.sharma.2322@example.com,United Kingdom,2021-02-06,One-Time,732.47
CUST-02323,Liam Sharma,liam.sharma.2323@example.com,Germany,2021-08-12,One-Time,487.04
CUST-02324,Rohan Brown,rohan.brown.2324@example.com,United States,2019-01-13,Repeat,4245.25
CUST-02325,Diya Patel,diya.patel.2325@example.com,Germany,2020-03-06,Inactive,442.17
CUST-02326,Neha Mehta,neha.mehta.2326@example.com,United Arab Emirates,2019-12-04,Inactive,96.64
CUST-02327,Olivia Garcia,olivia.garcia.2327@example.com,United States,2024-03-31,Repeat,2686.98
CUST-02328,Aditi Nair,aditi.nair.2328@example.com,Canada,2019-12-23,Repeat,6163.70
CUST-02329,Olivia Garcia,olivia.garcia.2329@example.com,Singapore,2024-08-15,Repeat,5784.86
CUST-02330,Aarav Singh,aarav.singh.2330@example.com,Australia,2024-11-11,High-Value,20672.75
CUST-02331,Diya Mehta,diya.mehta.2331@example.com,Canada,2021-09-22,Repeat,4258.14
CUST-02332,Arjun Reddy,arjun.reddy.2332@example.com,Canada,2021-06-07,Inactive,97.36
CUST-02333,Arjun Kumar,arjun.kumar.2333@example.com,United Kingdom,2020-08-18,One-Time,960.04
CUST-02334,Ishaan Sharma,ishaan.sharma.2334@example.com,United Kingdom,2018-01-12,One-Time,863.23
CUST-02335,Rohan Kumar,rohan.kumar.2335@example.com,India,2025-09-15,Repeat,6485.60
CUST-02336,Kavya Reddy,kavya.reddy.2336@example.com,Germany,2021-06-06,One-Time,114.86
CUST-02337,Vikram Kumar,vikram.kumar.2337@example.com,United Kingdom,2025-07-11,High-Value,5655.85
CUST-02338,Liam Singh,liam.singh.2338@example.com,United States,2024-04-09,Inactive,373.35
CUST-02339,Aditi Kumar,aditi.kumar.2339@example.com,India,2021-05-27,High-Value,11554.99
CUST-02340,Aditi Wilson,aditi.wilson.2340@example.com,Germany,2024-06-23,One-Time,564.66
CUST-02341,Ishaan Garcia,ishaan.garcia.2341@example.com,Singapore,2020-07-02,One-Time,697.03
CUST-02342,Meera Wilson,meera.wilson.2342@example.com,United Kingdom,2021-04-22,Repeat,2932.16
CUST-02343,Arjun Gupta,arjun.gupta.2343@example.com,Germany,2021-11-07,Repeat,2453.74
CUST-02344,Arjun Wilson,arjun.wilson.2344@example.com,Australia,2020-04-29,Repeat,846.32
CUST-02345,Liam Miller,liam.miller.2345@example.com,Germany,2021-07-14,One-Time,157.58
CUST-02346,Diya Miller,diya.miller.2346@example.com,United Arab Emirates,2021-02-21,Repeat,5782.36
CUST-02347,Liam Wilson,liam.wilson.2347@example.com,Germany,2021-09-11,Repeat,6216.49
CUST-02348,Aditi Singh,aditi.singh.2348@example.com,Canada,2019-04-01,One-Time,50.49
CUST-02349,Meera Brown,meera.brown.2349@example.com,Canada,2020-03-22,High-Value,23028.81
CUST-02350,Neha Reddy,neha.reddy.2350@example.com,Singapore,2022-08-09,Repeat,2369.47
CUST-02351,Ishaan Sharma,ishaan.sharma.2351@example.com,United Arab Emirates,2023-01-09,High-Value,24269.17
CUST-02352,Kavya Wilson,kavya.wilson.2352@example.com,United Arab Emirates,2019-01-10,Repeat,5893.19
CUST-02353,Emma Brown,emma.brown.2353@example.com,United Kingdom,2023-05-16,Inactive,196.06
CUST-02354,Meera Brown,meera.brown.2354@example.com,United Arab Emirates,2025-04-12,Repeat,2384.78
CUST-02355,Diya Sharma,diya.sharma.2355@example.com,United Arab Emirates,2023-09-20,Repeat,3502.17
CUST-02356,Kavya Mehta,kavya.mehta.2356@example.com,Germany,2024-04-07,High-Value,12782.75
CUST-02357,Neha Patel,neha.patel.2357@example.com,United Arab Emirates,2022-11-19,One-Time,826.60
CUST-02358,Aarav Singh,aarav.singh.2358@example.com,United Kingdom,2022-05-11,One-Time,405.08
CUST-02359,Olivia Gupta,olivia.gupta.2359@example.com,United Arab Emirates,2018-01-14,One-Time,834.31
CUST-02360,Meera Garcia,meera.garcia.2360@example.com,United Arab Emirates,2022-05-03,High-Value,8433.00
CUST-02361,Kavya Mehta,kavya.mehta.2361@example.com,Germany,2022-05-02,One-Time,953.38
CUST-02362,Noah Gupta,noah.gupta.2362@example.com,United Arab Emirates,2022-07-27,Repeat,6257.29
CUST-02363,Rohan Garcia,rohan.garcia.2363@example.com,India,2024-09-02,Repeat,1900.20
CUST-02364,Aarav Patel,aarav.patel.2364@example.com,Australia,2021-02-19,Repeat,3340.40
CUST-02365,Aarav Sharma,aarav.sharma.2365@example.com,Germany,2022-12-29,Repeat,802.39
CUST-02366,Aarav Garcia,aarav.garcia.2366@example.com,Australia,2018-12-15,One-Time,129.93
CUST-02367,Liam Patel,liam.patel.2367@example.com,Canada,2022-08-15,Inactive,128.47
CUST-02368,Aditi Nair,aditi.nair.2368@example.com,Australia,2024-01-30,High-Value,20011.01
CUST-02369,Aarav Miller,aarav.miller.2369@example.com,Australia,2021-03-11,High-Value,19584.60
CUST-02370,Olivia Miller,olivia.miller.2370@example.com,United Kingdom,2021-12-26,Repeat,3609.86
CUST-02371,Aarav Brown,aarav.brown.2371@example.com,Australia,2024-05-01,One-Time,360.02
CUST-02372,Arjun Sharma,arjun.sharma.2372@example.com,India,2022-12-28,High-Value,5005.38
CUST-02373,Emma Brown,emma.brown.2373@example.com,Germany,2024-01-09,Repeat,4526.81
CUST-02374,Aditi Miller,aditi.miller.2374@example.com,United Kingdom,2019-06-23,Repeat,5949.16
CUST-02375,Kavya Garcia,kavya.garcia.2375@example.com,Germany,2023-03-26,One-Time,865.90
CUST-02376,Sophia Reddy,sophia.reddy.2376@example.com,Australia,2020-06-02,Inactive,188.17
CUST-02377,Rohan Gupta,rohan.gupta.2377@example.com,United Kingdom,2025-03-29,Repeat,4003.49
CUST-02378,Diya Gupta,diya.gupta.2378@example.com,United States,2022-06-25,Repeat,5401.74
CUST-02379,Emma Reddy,emma.reddy.2379@example.com,Singapore,2020-03-27,Repeat,6640.72
CUST-02380,Neha Wilson,neha.wilson.2380@example.com,United States,2020-06-25,One-Time,726.06
CUST-02381,Sophia Gupta,sophia.gupta.2381@example.com,Canada,2025-01-18,One-Time,305.45
CUST-02382,Rohan Garcia,rohan.garcia.2382@example.com,Australia,2019-10-19,Repeat,1244.37
CUST-02383,Neha Wilson,neha.wilson.2383@example.com,India,2018-02-28,One-Time,1169.34
CUST-02384,Diya Reddy,diya.reddy.2384@example.com,United Arab Emirates,2024-08-25,High-Value,19369.67
CUST-02385,Emma Singh,emma.singh.2385@example.com,United Arab Emirates,2020-11-07,One-Time,746.79
CUST-02386,Neha Brown,neha.brown.2386@example.com,India,2022-12-08,One-Time,201.45
CUST-02387,Vikram Brown,vikram.brown.2387@example.com,India,2020-01-23,One-Time,882.07
CUST-02388,Kavya Nair,kavya.nair.2388@example.com,Canada,2023-06-11,One-Time,42.90
CUST-02389,Neha Patel,neha.patel.2389@example.com,United Kingdom,2025-11-19,Inactive,312.65
CUST-02390,Rohan Singh,rohan.singh.2390@example.com,Germany,2020-03-14,Repeat,4489.29
CUST-02391,Neha Sharma,neha.sharma.2391@example.com,India,2018-02-18,Repeat,4852.96
CUST-02392,Kavya Gupta,kavya.gupta.2392@example.com,Canada,2019-06-28,Repeat,6504.77
CUST-02393,Noah Gupta,noah.gupta.2393@example.com,India,2025-12-10,One-Time,679.04
CUST-02394,Emma Miller,emma.miller.2394@example.com,Germany,2019-06-06,Repeat,2287.17
CUST-02395,Arjun Mehta,arjun.mehta.2395@example.com,United Kingdom,2021-01-31,High-Value,21924.00
CUST-02396,Noah Nair,noah.nair.2396@example.com,Singapore,2022-06-06,Repeat,4367.01
CUST-02397,Rohan Kumar,rohan.kumar.2397@example.com,Germany,2023-07-07,Repeat,7422.76
CUST-02398,Aditi Brown,aditi.brown.2398@example.com,Singapore,2023-09-02,One-Time,1159.83
CUST-02399,Olivia Kumar,olivia.kumar.2399@example.com,United Kingdom,2018-10-10,Repeat,1801.95
CUST-02400,Kavya Kumar,kavya.kumar.2400@example.com,Germany,2023-06-24,One-Time,71.90
CUST-02401,Meera Kumar,meera.kumar.2401@example.com,Singapore,2022-11-30,High-Value,14251.84
CUST-02402,Emma Nair,emma.nair.2402@example.com,United Kingdom,2025-09-14,One-Time,112.31
CUST-02403,Aarav Singh,aarav.singh.2403@example.com,Australia,2021-01-02,One-Time,148.50
CUST-02404,Liam Brown,liam.brown.2404@example.com,Australia,2023-09-12,One-Time,142.69
CUST-02405,Aditi Nair,aditi.nair.2405@example.com,India,2024-04-17,One-Time,815.68
CUST-02406,Meera Mehta,meera.mehta.2406@example.com,Germany,2025-01-29,Repeat,4395.98
CUST-02407,Liam Reddy,liam.reddy.2407@example.com,India,2024-04-29,High-Value,17481.44
CUST-02408,Sophia Wilson,sophia.wilson.2408@example.com,India,2019-09-07,One-Time,909.03
CUST-02409,Ishaan Nair,ishaan.nair.2409@example.com,Canada,2022-03-14,High-Value,7490.79
CUST-02410,Aditi Miller,aditi.miller.2410@example.com,Singapore,2020-12-11,High-Value,23390.00
CUST-02411,Diya Patel,diya.patel.2411@example.com,United States,2018-06-22,High-Value,24731.60
CUST-02412,Noah Sharma,noah.sharma.2412@example.com,United Arab Emirates,2024-07-08,One-Time,471.36
CUST-02413,Aarav Sharma,aarav.sharma.2413@example.com,Australia,2024-08-10,Inactive,439.33
CUST-02414,Olivia Sharma,olivia.sharma.2414@example.com,United Kingdom,2020-10-08,High-Value,6449.17
CUST-02415,Diya Kumar,diya.kumar.2415@example.com,United States,2019-10-26,One-Time,330.08
CUST-02416,Rohan Wilson,rohan.wilson.2416@example.com,United Arab Emirates,2021-08-01,Repeat,1364.01
CUST-02417,Aditi Singh,aditi.singh.2417@example.com,Canada,2019-10-14,Repeat,5904.25
CUST-02418,Aarav Patel,aarav.patel.2418@example.com,India,2023-04-25,Inactive,52.23
CUST-02419,Aarav Mehta,aarav.mehta.2419@example.com,United Arab Emirates,2022-06-07,Repeat,7461.99
CUST-02420,Rohan Wilson,rohan.wilson.2420@example.com,United Kingdom,2019-06-24,Repeat,2892.54
CUST-02421,Neha Brown,neha.brown.2421@example.com,Australia,2020-05-26,Repeat,1375.68
CUST-02422,Noah Reddy,noah.reddy.2422@example.com,India,2021-04-19,Repeat,5735.72
CUST-02423,Neha Kumar,neha.kumar.2423@example.com,Singapore,2018-08-11,One-Time,221.10
CUST-02424,Emma Wilson,emma.wilson.2424@example.com,United Kingdom,2023-12-26,Inactive,261.59
CUST-02425,Diya Miller,diya.miller.2425@example.com,United Arab Emirates,2019-04-11,One-Time,961.04
CUST-02426,Emma Singh,emma.singh.2426@example.com,Australia,2020-08-28,High-Value,5416.96
CUST-02427,Kavya Garcia,kavya.garcia.2427@example.com,Germany,2021-11-17,One-Time,780.11
CUST-02428,Vikram Kumar,vikram.kumar.2428@example.com,Singapore,2020-06-23,High-Value,9474.98
CUST-02429,Vikram Sharma,vikram.sharma.2429@example.com,India,2020-01-09,Inactive,69.67
CUST-02430,Arjun Miller,arjun.miller.2430@example.com,Singapore,2024-02-06,High-Value,10278.53
CUST-02431,Sophia Mehta,sophia.mehta.2431@example.com,United Arab Emirates,2019-06-09,Inactive,154.71
CUST-02432,Aarav Gupta,aarav.gupta.2432@example.com,Australia,2021-10-26,Repeat,1109.43
CUST-02433,Ishaan Singh,ishaan.singh.2433@example.com,Germany,2018-10-27,Repeat,2921.87
CUST-02434,Ishaan Kumar,ishaan.kumar.2434@example.com,India,2025-06-24,Inactive,181.36
CUST-02435,Liam Garcia,liam.garcia.2435@example.com,Australia,2025-07-02,High-Value,7891.15
CUST-02436,Liam Garcia,liam.garcia.2436@example.com,Singapore,2019-10-25,One-Time,910.04
CUST-02437,Liam Nair,liam.nair.2437@example.com,Germany,2023-07-30,Repeat,6625.38
CUST-02438,Vikram Mehta,vikram.mehta.2438@example.com,United Kingdom,2021-01-19,One-Time,768.69
CUST-02439,Olivia Miller,olivia.miller.2439@example.com,Canada,2022-08-18,One-Time,808.40
CUST-02440,Vikram Garcia,vikram.garcia.2440@example.com,United Arab Emirates,2023-01-21,One-Time,353.38
CUST-02441,Sophia Nair,sophia.nair.2441@example.com,Canada,2024-07-11,One-Time,879.12
CUST-02442,Liam Patel,liam.patel.2442@example.com,United Kingdom,2024-07-29,One-Time,1103.85
CUST-02443,Arjun Kumar,arjun.kumar.2443@example.com,India,2025-09-25,Inactive,116.63
CUST-02444,Vikram Singh,vikram.singh.2444@example.com,United Arab Emirates,2022-07-18,One-Time,143.35
CUST-02445,Kavya Brown,kavya.brown.2445@example.com,United States,2022-11-07,One-Time,1136.53
CUST-02446,Ishaan Patel,ishaan.patel.2446@example.com,Canada,2021-05-04,High-Value,21234.75
CUST-02447,Rohan Singh,rohan.singh.2447@example.com,Australia,2018-01-01,Inactive,225.31
CUST-02448,Olivia Patel,olivia.patel.2448@example.com,United Kingdom,2025-12-31,One-Time,1161.37
CUST-02449,Emma Mehta,emma.mehta.2449@example.com,Germany,2024-02-29,Repeat,4445.99
CUST-02450,Sophia Garcia,sophia.garcia.2450@example.com,Germany,2022-06-21,Repeat,3956.25
CUST-02451,Emma Wilson,emma.wilson.2451@example.com,Canada,2021-07-12,Repeat,5000.89
CUST-02452,Liam Brown,liam.brown.2452@example.com,Singapore,2019-09-16,Repeat,6042.95
CUST-02453,Diya Wilson,diya.wilson.2453@example.com,United Arab Emirates,2020-11-10,One-Time,709.59
CUST-02454,Vikram Sharma,vikram.sharma.2454@example.com,Australia,2021-12-12,Inactive,273.36
CUST-02455,Arjun Reddy,arjun.reddy.2455@example.com,Canada,2022-04-27,Repeat,6016.05
CUST-02456,Noah Mehta,noah.mehta.2456@example.com,Germany,2022-09-06,Repeat,1864.33
CUST-02457,Emma Mehta,emma.mehta.2457@example.com,United States,2018-02-26,Repeat,7494.68
CUST-02458,Ishaan Wilson,ishaan.wilson.2458@example.com,United Arab Emirates,2019-03-26,One-Time,213.34
CUST-02459,Kavya Patel,kavya.patel.2459@example.com,Australia,2023-06-28,One-Time,571.29
CUST-02460,Emma Reddy,emma.reddy.2460@example.com,India,2023-08-30,High-Value,10317.43
CUST-02461,Emma Nair,emma.nair.2461@example.com,Australia,2019-08-18,One-Time,629.80
CUST-02462,Kavya Kumar,kavya.kumar.2462@example.com,Singapore,2025-02-22,One-Time,252.19
CUST-02463,Meera Patel,meera.patel.2463@example.com,United Arab Emirates,2021-11-05,Repeat,6818.11
CUST-02464,Neha Gupta,neha.gupta.2464@example.com,United Kingdom,2023-03-03,Repeat,6413.26
CUST-02465,Emma Garcia,emma.garcia.2465@example.com,Australia,2022-11-27,Repeat,2390.37
CUST-02466,Liam Singh,liam.singh.2466@example.com,United States,2018-03-18,Inactive,47.53
CUST-02467,Liam Kumar,liam.kumar.2467@example.com,United Kingdom,2022-08-01,One-Time,1085.05
CUST-02468,Vikram Nair,vikram.nair.2468@example.com,United States,2022-07-16,High-Value,6209.32
CUST-02469,Rohan Miller,rohan.miller.2469@example.com,United Kingdom,2022-03-04,Inactive,46.41
CUST-02470,Vikram Brown,vikram.brown.2470@example.com,Singapore,2022-03-05,One-Time,299.91
CUST-02471,Arjun Singh,arjun.singh.2471@example.com,United Kingdom,2021-05-10,Repeat,6962.02
CUST-02472,Arjun Miller,arjun.miller.2472@example.com,Australia,2025-02-14,Repeat,5056.11
CUST-02473,Aditi Reddy,aditi.reddy.2473@example.com,India,2024-07-17,Repeat,1224.73
CUST-02474,Olivia Kumar,olivia.kumar.2474@example.com,Germany,2024-02-27,Repeat,5796.87
CUST-02475,Olivia Brown,olivia.brown.2475@example.com,United Kingdom,2023-04-05,Repeat,5079.10
CUST-02476,Arjun Mehta,arjun.mehta.2476@example.com,United States,2019-02-22,Inactive,399.67
CUST-02477,Aditi Reddy,aditi.reddy.2477@example.com,India,2023-01-07,One-Time,476.58
CUST-02478,Liam Garcia,liam.garcia.2478@example.com,United Kingdom,2018-08-02,One-Time,1098.76
CUST-02479,Emma Wilson,emma.wilson.2479@example.com,Australia,2020-12-09,One-Time,383.11
CUST-02480,Aditi Wilson,aditi.wilson.2480@example.com,Canada,2021-01-18,Repeat,4166.94
CUST-02481,Olivia Sharma,olivia.sharma.2481@example.com,India,2019-03-29,One-Time,694.76
CUST-02482,Kavya Singh,kavya.singh.2482@example.com,Australia,2018-07-07,One-Time,660.02
CUST-02483,Ishaan Gupta,ishaan.gupta.2483@example.com,Singapore,2020-09-29,One-Time,893.87
CUST-02484,Diya Brown,diya.brown.2484@example.com,Australia,2023-07-04,Repeat,4892.53
CUST-02485,Kavya Mehta,kavya.mehta.2485@example.com,United Kingdom,2018-07-10,One-Time,121.02
CUST-02486,Aarav Reddy,aarav.reddy.2486@example.com,Singapore,2020-03-12,Repeat,6058.56
CUST-02487,Noah Singh,noah.singh.2487@example.com,United States,2019-04-17,Repeat,6726.25
CUST-02488,Meera Mehta,meera.mehta.2488@example.com,United States,2023-02-07,Repeat,5824.98
CUST-02489,Neha Wilson,neha.wilson.2489@example.com,Germany,2022-02-23,Inactive,231.53
CUST-02490,Sophia Reddy,sophia.reddy.2490@example.com,Australia,2021-04-09,High-Value,15786.51
CUST-02491,Emma Gupta,emma.gupta.2491@example.com,United Kingdom,2018-03-25,Repeat,3674.01
CUST-02492,Emma Reddy,emma.reddy.2492@example.com,India,2021-12-09,Repeat,3241.37
CUST-02493,Liam Garcia,liam.garcia.2493@example.com,India,2022-07-31,One-Time,1079.58
CUST-02494,Emma Miller,emma.miller.2494@example.com,Singapore,2023-01-31,High-Value,11839.44
CUST-02495,Diya Miller,diya.miller.2495@example.com,Germany,2020-11-29,High-Value,24887.59
CUST-02496,Noah Kumar,noah.kumar.2496@example.com,United Kingdom,2021-09-19,One-Time,44.77
CUST-02497,Aarav Miller,aarav.miller.2497@example.com,Australia,2023-04-19,One-Time,894.93
CUST-02498,Olivia Gupta,olivia.gupta.2498@example.com,India,2019-07-11,Repeat,3536.03
CUST-02499,Ishaan Kumar,ishaan.kumar.2499@example.com,Germany,2025-08-05,One-Time,159.74
CUST-02500,Emma Kumar,emma.kumar.2500@example.com,United Kingdom,2022-10-26,Repeat,5686.00
CUST-02501,Meera Mehta,meera.mehta.2501@example.com,United States,2020-06-29,Inactive,430.04
CUST-02502,Meera Garcia,meera.garcia.2502@example.com,Australia,2022-08-07,Repeat,2252.72
CUST-02503,Noah Patel,noah.patel.2503@example.com,Australia,2021-09-02,Repeat,1718.78
CUST-02504,Neha Singh,neha.singh.2504@example.com,Germany,2025-01-07,One-Time,1083.68
CUST-02505,Liam Gupta,liam.gupta.2505@example.com,Germany,2023-06-05,One-Time,1115.69
CUST-02506,Kavya Kumar,kavya.kumar.2506@example.com,Canada,2018-03-27,One-Time,251.86
CUST-02507,Sophia Wilson,sophia.wilson.2507@example.com,India,2021-07-29,One-Time,476.15
CUST-02508,Diya Wilson,diya.wilson.2508@example.com,Australia,2024-05-07,One-Time,425.44
CUST-02509,Ishaan Patel,ishaan.patel.2509@example.com,Canada,2018-11-07,One-Time,934.26
CUST-02510,Meera Singh,meera.singh.2510@example.com,United Kingdom,2023-03-22,One-Time,1115.56
CUST-02511,Neha Miller,neha.miller.2511@example.com,United Kingdom,2025-02-10,Repeat,7105.98
CUST-02512,Arjun Wilson,arjun.wilson.2512@example.com,Canada,2020-06-27,Repeat,5589.45
CUST-02513,Vikram Miller,vikram.miller.2513@example.com,United Kingdom,2025-09-17,Repeat,7360.96
CUST-02514,Aditi Gupta,aditi.gupta.2514@example.com,Australia,2022-08-24,Inactive,441.41
CUST-02515,Kavya Singh,kavya.singh.2515@example.com,Germany,2019-04-09,One-Time,162.77
CUST-02516,Arjun Mehta,arjun.mehta.2516@example.com,United Kingdom,2021-03-28,Repeat,1596.66
CUST-02517,Neha Brown,neha.brown.2517@example.com,Australia,2021-10-28,One-Time,1032.44
CUST-02518,Arjun Wilson,arjun.wilson.2518@example.com,United States,2020-06-01,High-Value,6643.37
CUST-02519,Noah Singh,noah.singh.2519@example.com,Australia,2021-01-29,One-Time,1064.62
CUST-02520,Olivia Nair,olivia.nair.2520@example.com,United States,2021-01-26,Repeat,1913.72
CUST-02521,Vikram Sharma,vikram.sharma.2521@example.com,United Kingdom,2021-06-25,One-Time,332.92
CUST-02522,Emma Kumar,emma.kumar.2522@example.com,Singapore,2023-05-28,High-Value,24171.46
CUST-02523,Vikram Brown,vikram.brown.2523@example.com,Germany,2022-11-10,Repeat,3018.01
CUST-02524,Aditi Kumar,aditi.kumar.2524@example.com,United Arab Emirates,2020-09-22,Inactive,352.15
CUST-02525,Aarav Nair,aarav.nair.2525@example.com,United States,2018-11-16,Inactive,64.06
CUST-02526,Vikram Wilson,vikram.wilson.2526@example.com,Canada,2020-06-23,One-Time,114.32
CUST-02527,Aditi Kumar,aditi.kumar.2527@example.com,Australia,2021-11-01,Repeat,5423.74
CUST-02528,Sophia Sharma,sophia.sharma.2528@example.com,United Arab Emirates,2024-02-12,High-Value,23837.21
CUST-02529,Neha Reddy,neha.reddy.2529@example.com,Germany,2024-04-29,High-Value,16340.69
CUST-02530,Aarav Patel,aarav.patel.2530@example.com,India,2019-01-02,One-Time,430.83
CUST-02531,Ishaan Garcia,ishaan.garcia.2531@example.com,United Arab Emirates,2025-05-23,One-Time,724.22
CUST-02532,Olivia Wilson,olivia.wilson.2532@example.com,United Arab Emirates,2025-06-17,One-Time,28.21
CUST-02533,Sophia Sharma,sophia.sharma.2533@example.com,United Arab Emirates,2021-11-21,Repeat,6561.62
CUST-02534,Arjun Wilson,arjun.wilson.2534@example.com,Singapore,2021-03-12,Repeat,1215.45
CUST-02535,Liam Reddy,liam.reddy.2535@example.com,India,2018-08-09,Inactive,4.61
CUST-02536,Liam Reddy,liam.reddy.2536@example.com,United Arab Emirates,2022-07-01,Repeat,2745.76
CUST-02537,Ishaan Reddy,ishaan.reddy.2537@example.com,Canada,2019-04-10,One-Time,670.47
CUST-02538,Sophia Nair,sophia.nair.2538@example.com,Canada,2021-05-03,One-Time,1129.42
CUST-02539,Diya Wilson,diya.wilson.2539@example.com,United States,2019-03-27,Inactive,4.22
CUST-02540,Emma Wilson,emma.wilson.2540@example.com,United Kingdom,2020-07-01,Repeat,6163.34
CUST-02541,Liam Patel,liam.patel.2541@example.com,United States,2018-06-28,One-Time,194.59
CUST-02542,Emma Brown,emma.brown.2542@example.com,Canada,2023-05-09,Inactive,307.41
CUST-02543,Diya Brown,diya.brown.2543@example.com,United Arab Emirates,2024-10-20,One-Time,790.73
CUST-02544,Diya Mehta,diya.mehta.2544@example.com,Canada,2020-02-22,Inactive,377.95
CUST-02545,Aarav Reddy,aarav.reddy.2545@example.com,Canada,2020-05-23,Repeat,6393.49
CUST-02546,Neha Garcia,neha.garcia.2546@example.com,Germany,2019-04-27,Inactive,154.04
CUST-02547,Emma Wilson,emma.wilson.2547@example.com,United Kingdom,2019-02-08,Repeat,3730.53
CUST-02548,Neha Kumar,neha.kumar.2548@example.com,Germany,2024-12-22,Repeat,3847.13
CUST-02549,Arjun Sharma,arjun.sharma.2549@example.com,Canada,2018-05-23,Inactive,269.28
CUST-02550,Emma Sharma,emma.sharma.2550@example.com,Singapore,2023-04-07,Inactive,350.82
CUST-02551,Noah Sharma,noah.sharma.2551@example.com,India,2024-07-19,One-Time,100.57
CUST-02552,Liam Patel,liam.patel.2552@example.com,India,2019-12-28,High-Value,20547.60
CUST-02553,Emma Reddy,emma.reddy.2553@example.com,United Kingdom,2022-07-11,One-Time,604.07
CUST-02554,Vikram Brown,vikram.brown.2554@example.com,United Arab Emirates,2020-12-28,One-Time,389.85
CUST-02555,Kavya Patel,kavya.patel.2555@example.com,Canada,2018-01-04,Repeat,6589.00
CUST-02556,Diya Patel,diya.patel.2556@example.com,United Arab Emirates,2024-02-09,High-Value,8332.49
CUST-02557,Ishaan Mehta,ishaan.mehta.2557@example.com,Germany,2022-01-08,Repeat,6230.80
CUST-02558,Liam Reddy,liam.reddy.2558@example.com,Canada,2019-11-24,One-Time,143.09
CUST-02559,Rohan Reddy,rohan.reddy.2559@example.com,Singapore,2022-09-30,One-Time,27.41
CUST-02560,Rohan Patel,rohan.patel.2560@example.com,Australia,2023-12-07,High-Value,7419.94
CUST-02561,Neha Garcia,neha.garcia.2561@example.com,Singapore,2018-03-27,One-Time,667.00
CUST-02562,Arjun Gupta,arjun.gupta.2562@example.com,Germany,2022-05-27,Repeat,4502.13
CUST-02563,Neha Brown,neha.brown.2563@example.com,United Kingdom,2023-04-08,One-Time,513.14
CUST-02564,Neha Reddy,neha.reddy.2564@example.com,Singapore,2021-10-02,Repeat,1557.37
CUST-02565,Neha Miller,neha.miller.2565@example.com,India,2020-12-01,One-Time,1005.31
CUST-02566,Rohan Patel,rohan.patel.2566@example.com,Australia,2021-10-03,Repeat,7163.26
CUST-02567,Olivia Patel,olivia.patel.2567@example.com,Singapore,2023-01-20,Repeat,2900.77
CUST-02568,Vikram Kumar,vikram.kumar.2568@example.com,United Arab Emirates,2018-02-01,One-Time,353.62
CUST-02569,Olivia Reddy,olivia.reddy.2569@example.com,United States,2020-03-25,Repeat,7409.35
CUST-02570,Aditi Garcia,aditi.garcia.2570@example.com,Australia,2020-04-03,Repeat,4627.62
CUST-02571,Sophia Sharma,sophia.sharma.2571@example.com,United Arab Emirates,2018-01-01,One-Time,1103.10
CUST-02572,Emma Sharma,emma.sharma.2572@example.com,United States,2025-02-28,High-Value,24156.72
CUST-02573,Diya Nair,diya.nair.2573@example.com,Australia,2022-07-03,Repeat,6616.56
CUST-02574,Emma Nair,emma.nair.2574@example.com,United States,2019-06-04,Repeat,5480.84
CUST-02575,Arjun Kumar,arjun.kumar.2575@example.com,United Arab Emirates,2021-09-29,One-Time,75.05
CUST-02576,Noah Nair,noah.nair.2576@example.com,United Arab Emirates,2019-01-30,Inactive,255.51
CUST-02577,Liam Miller,liam.miller.2577@example.com,India,2023-11-16,One-Time,305.40
CUST-02578,Arjun Singh,arjun.singh.2578@example.com,United States,2024-07-22,Repeat,2874.94
CUST-02579,Vikram Sharma,vikram.sharma.2579@example.com,Singapore,2023-11-25,Inactive,375.34
CUST-02580,Noah Mehta,noah.mehta.2580@example.com,India,2023-12-17,Inactive,373.07
CUST-02581,Meera Nair,,United Kingdom,2024-03-13,One-Time,982.92
CUST-02582,Kavya Gupta,kavya.gupta.2582@example.com,Singapore,2023-08-19,High-Value,24361.59
CUST-02583,Kavya Kumar,kavya.kumar.2583@example.com,India,2022-07-16,Inactive,232.88
CUST-02584,Ishaan Kumar,ishaan.kumar.2584@example.com,Canada,2024-01-14,One-Time,982.79
CUST-02585,Rohan Patel,rohan.patel.2585@example.com,Canada,2024-02-05,Repeat,6005.38
CUST-02586,Aditi Wilson,aditi.wilson.2586@example.com,United Kingdom,2018-04-25,Repeat,2016.76
CUST-02587,Diya Patel,diya.patel.2587@example.com,United Kingdom,2019-11-13,One-Time,596.20
CUST-02588,Aditi Kumar,aditi.kumar.2588@example.com,Germany,2021-06-03,Repeat,5411.32
CUST-02589,Rohan Garcia,rohan.garcia.2589@example.com,United States,2025-07-14,High-Value,15559.53
CUST-02590,Diya Mehta,diya.mehta.2590@example.com,United States,2020-09-02,High-Value,11050.81
CUST-02591,Neha Gupta,neha.gupta.2591@example.com,India,2019-02-10,One-Time,354.49
CUST-02592,Sophia Singh,sophia.singh.2592@example.com,Canada,2024-10-09,Inactive,351.32
CUST-02593,Noah Mehta,noah.mehta.2593@example.com,Singapore,2022-08-08,Inactive,15.55
CUST-02594,Noah Miller,noah.miller.2594@example.com,Canada,2024-09-18,Repeat,6472.62
CUST-02595,Rohan Reddy,rohan.reddy.2595@example.com,United Kingdom,2022-04-28,High-Value,7746.09
CUST-02596,Rohan Patel,rohan.patel.2596@example.com,United Kingdom,2023-06-17,High-Value,22008.33
CUST-02597,Aarav Reddy,aarav.reddy.2597@example.com,United States,2021-04-14,Repeat,4202.51
CUST-02598,Meera Gupta,meera.gupta.2598@example.com,United States,2020-02-27,One-Time,1146.05
CUST-02599,Liam Sharma,liam.sharma.2599@example.com,Australia,2020-11-27,Repeat,4009.39
CUST-02600,Sophia Patel,sophia.patel.2600@example.com,Australia,2024-02-18,Repeat,2517.51
CUST-02601,Rohan Reddy,rohan.reddy.2601@example.com,Australia,2020-10-14,One-Time,22.67
CUST-02602,Liam Garcia,liam.garcia.2602@example.com,Germany,2020-07-29,High-Value,11196.14
CUST-02603,Aarav Reddy,aarav.reddy.2603@example.com,Singapore,2018-03-06,Repeat,1747.22
CUST-02604,Aarav Reddy,aarav.reddy.2604@example.com,United Kingdom,2023-10-12,One-Time,757.24
CUST-02605,Neha Singh,neha.singh.2605@example.com,Germany,2022-06-02,Inactive,279.48
CUST-02606,Noah Sharma,noah.sharma.2606@example.com,United Kingdom,2025-11-19,Repeat,1671.71
CUST-02607,Kavya Miller,kavya.miller.2607@example.com,Canada,2020-09-26,Repeat,5112.69
CUST-02608,Emma Gupta,emma.gupta.2608@example.com,United Arab Emirates,2022-01-30,High-Value,6653.54
CUST-02609,Neha Nair,neha.nair.2609@example.com,Singapore,2025-06-26,One-Time,1183.08
CUST-02610,Olivia Wilson,olivia.wilson.2610@example.com,Singapore,2023-08-30,One-Time,567.25
CUST-02611,Ishaan Wilson,ishaan.wilson.2611@example.com,United States,2023-06-20,Repeat,6546.35
CUST-02612,Aditi Gupta,aditi.gupta.2612@example.com,Germany,2018-10-29,Inactive,398.30
CUST-02613,Arjun Mehta,arjun.mehta.2613@example.com,United Arab Emirates,2024-12-28,Inactive,314.94
CUST-02614,Rohan Kumar,rohan.kumar.2614@example.com,United Arab Emirates,2024-11-02,Repeat,7242.63
CUST-02615,Olivia Kumar,olivia.kumar.2615@example.com,India,2023-06-09,Inactive,168.18
CUST-02616,Meera Brown,meera.brown.2616@example.com,Singapore,2024-02-27,Repeat,898.94
CUST-02617,Rohan Kumar,rohan.kumar.2617@example.com,United Arab Emirates,2021-08-01,Repeat,1779.50
CUST-02618,Ishaan Singh,ishaan.singh.2618@example.com,Canada,2023-05-09,One-Time,728.34
CUST-02619,Diya Reddy,diya.reddy.2619@example.com,Germany,2025-11-10,One-Time,1158.15
CUST-02620,Vikram Kumar,vikram.kumar.2620@example.com,Canada,2025-04-29,One-Time,1077.03
CUST-02621,Ishaan Sharma,ishaan.sharma.2621@example.com,Canada,2021-06-23,Repeat,1631.70
CUST-02622,Noah Garcia,noah.garcia.2622@example.com,United Kingdom,2022-12-31,Repeat,2975.05
CUST-02623,Noah Mehta,noah.mehta.2623@example.com,Germany,2020-02-01,Inactive,391.53
CUST-02624,Olivia Sharma,olivia.sharma.2624@example.com,United States,2022-12-11,One-Time,172.48
CUST-02625,Kavya Wilson,kavya.wilson.2625@example.com,Germany,2021-04-10,Repeat,960.09
CUST-02626,Diya Kumar,diya.kumar.2626@example.com,Australia,2021-07-19,High-Value,11828.14
CUST-02627,Rohan Kumar,rohan.kumar.2627@example.com,Germany,2025-08-08,Repeat,7453.93
CUST-02628,Sophia Kumar,sophia.kumar.2628@example.com,United Arab Emirates,2025-09-01,One-Time,620.46
CUST-02629,Aarav Patel,aarav.patel.2629@example.com,Canada,2022-11-13,High-Value,18608.15
CUST-02630,Rohan Nair,rohan.nair.2630@example.com,United Arab Emirates,2020-10-03,One-Time,1114.52
CUST-02631,Sophia Nair,sophia.nair.2631@example.com,Canada,2024-04-09,Repeat,5417.31
CUST-02632,Sophia Mehta,sophia.mehta.2632@example.com,Australia,2025-11-04,One-Time,338.26
CUST-02633,Neha Gupta,neha.gupta.2633@example.com,United Kingdom,2020-08-22,Inactive,384.88
CUST-02634,Liam Wilson,liam.wilson.2634@example.com,United States,2025-11-12,One-Time,1111.20
CUST-02635,Noah Patel,noah.patel.2635@example.com,United Kingdom,2020-05-04,Inactive,322.78
CUST-02636,Neha Nair,neha.nair.2636@example.com,Australia,2020-09-29,One-Time,1121.56
CUST-02637,Emma Miller,emma.miller.2637@example.com,United States,2023-12-15,Repeat,3058.99
CUST-02638,Rohan Wilson,rohan.wilson.2638@example.com,United Kingdom,2022-10-02,Inactive,61.34
CUST-02639,Arjun Miller,arjun.miller.2639@example.com,India,2023-10-14,Inactive,64.82
CUST-02640,Sophia Brown,sophia.brown.2640@example.com,Australia,2020-11-01,Inactive,495.33
CUST-02641,Arjun Miller,arjun.miller.2641@example.com,India,2020-12-14,Repeat,3519.78
CUST-02642,Neha Nair,neha.nair.2642@example.com,Germany,2022-09-13,Inactive,407.39
CUST-02643,Aditi Brown,aditi.brown.2643@example.com,United Arab Emirates,2022-04-18,High-Value,7763.92
CUST-02644,Diya Kumar,diya.kumar.2644@example.com,India,2022-09-24,Repeat,6438.52
CUST-02645,Liam Singh,liam.singh.2645@example.com,United States,2018-12-14,Inactive,278.19
CUST-02646,Aarav Mehta,aarav.mehta.2646@example.com,Singapore,2019-02-26,Inactive,232.32
CUST-02647,Aditi Singh,aditi.singh.2647@example.com,India,2018-02-09,Repeat,3117.88
CUST-02648,Aditi Patel,aditi.patel.2648@example.com,India,2019-03-25,Repeat,6869.45
CUST-02649,Diya Wilson,diya.wilson.2649@example.com,Germany,2018-08-09,Inactive,189.30
CUST-02650,Vikram Garcia,vikram.garcia.2650@example.com,India,2021-09-07,One-Time,452.70
CUST-02651,Rohan Wilson,rohan.wilson.2651@example.com,India,2025-07-02,Inactive,55.93
CUST-02652,Emma Reddy,emma.reddy.2652@example.com,Canada,2019-12-05,High-Value,8283.42
CUST-02653,Noah Sharma,noah.sharma.2653@example.com,Germany,2024-09-27,Repeat,2353.59
CUST-02654,Neha Mehta,neha.mehta.2654@example.com,India,2024-12-29,One-Time,1171.43
CUST-02655,Olivia Miller,olivia.miller.2655@example.com,Germany,2025-10-22,Repeat,2767.93
CUST-02656,Aarav Brown,aarav.brown.2656@example.com,United States,2024-09-11,Repeat,5537.35
CUST-02657,Sophia Kumar,sophia.kumar.2657@example.com,Canada,2024-11-02,Inactive,50.92
CUST-02658,Aarav Miller,aarav.miller.2658@example.com,Germany,2024-01-26,Repeat,5440.41
CUST-02659,Noah Gupta,noah.gupta.2659@example.com,Germany,2024-04-02,Inactive,423.82
CUST-02660,Vikram Kumar,vikram.kumar.2660@example.com,United Kingdom,2020-05-17,Repeat,4153.13
CUST-02661,Meera Kumar,meera.kumar.2661@example.com,Canada,2019-10-03,Inactive,434.85
CUST-02662,Vikram Reddy,vikram.reddy.2662@example.com,Australia,2024-11-08,High-Value,11625.64
CUST-02663,Emma Reddy,emma.reddy.2663@example.com,United Kingdom,2021-04-07,Repeat,1812.13
CUST-02664,Vikram Kumar,vikram.kumar.2664@example.com,India,2024-04-18,Inactive,27.40
CUST-02665,Ishaan Kumar,ishaan.kumar.2665@example.com,India,2020-11-03,High-Value,22182.55
CUST-02666,Ishaan Singh,ishaan.singh.2666@example.com,India,2023-09-16,Repeat,5974.60
CUST-02667,Ishaan Patel,ishaan.patel.2667@example.com,Singapore,2019-09-02,One-Time,94.33
CUST-02668,Aditi Kumar,aditi.kumar.2668@example.com,India,2022-02-20,Repeat,6665.38
CUST-02669,Noah Wilson,noah.wilson.2669@example.com,Canada,2018-04-28,Repeat,1474.78
CUST-02670,Neha Garcia,neha.garcia.2670@example.com,India,2019-08-04,Inactive,478.14
CUST-02671,Aditi Patel,aditi.patel.2671@example.com,Australia,2022-05-30,Repeat,4608.29
CUST-02672,Olivia Patel,olivia.patel.2672@example.com,Germany,2020-07-16,Repeat,7382.75
CUST-02673,Rohan Nair,rohan.nair.2673@example.com,Australia,2018-05-30,Repeat,3241.66
CUST-02674,Liam Brown,liam.brown.2674@example.com,Germany,2022-05-18,One-Time,806.60
CUST-02675,Vikram Sharma,vikram.sharma.2675@example.com,Canada,2018-11-24,One-Time,474.40
CUST-02676,Aarav Miller,aarav.miller.2676@example.com,United States,2022-07-01,One-Time,261.21
CUST-02677,Arjun Reddy,arjun.reddy.2677@example.com,United States,2024-01-04,Repeat,5071.12
CUST-02678,Kavya Patel,kavya.patel.2678@example.com,United States,2022-01-09,One-Time,821.07
CUST-02679,Emma Nair,emma.nair.2679@example.com,Germany,2020-04-06,Repeat,4156.97
CUST-02680,Ishaan Singh,ishaan.singh.2680@example.com,Singapore,2024-07-02,One-Time,683.67
CUST-02681,Sophia Garcia,sophia.garcia.2681@example.com,United Arab Emirates,2018-06-12,Repeat,4687.69
CUST-02682,Aarav Garcia,aarav.garcia.2682@example.com,Germany,2022-06-16,One-Time,705.99
CUST-02683,Ishaan Brown,ishaan.brown.2683@example.com,Germany,2019-07-29,High-Value,14261.22
CUST-02684,Aditi Singh,aditi.singh.2684@example.com,United Kingdom,2019-05-13,Repeat,6087.55
CUST-02685,Neha Wilson,neha.wilson.2685@example.com,Canada,2020-10-06,Repeat,2844.67
CUST-02686,Neha Gupta,neha.gupta.2686@example.com,United Arab Emirates,2018-08-06,Repeat,2372.24
CUST-02687,Arjun Sharma,arjun.sharma.2687@example.com,United Arab Emirates,2025-03-04,Inactive,85.64
CUST-02688,Sophia Reddy,sophia.reddy.2688@example.com,United States,2025-07-01,Inactive,483.61
CUST-02689,Aditi Sharma,aditi.sharma.2689@example.com,Singapore,2024-09-30,High-Value,19896.53
CUST-02690,Kavya Reddy,kavya.reddy.2690@example.com,Germany,2025-09-29,Inactive,411.44
CUST-02691,Meera Gupta,meera.gupta.2691@example.com,United Arab Emirates,2025-06-15,One-Time,500.93
CUST-02692,Olivia Sharma,olivia.sharma.2692@example.com,Canada,2018-03-03,One-Time,857.10
CUST-02693,Rohan Singh,rohan.singh.2693@example.com,India,2025-04-23,One-Time,59.59
CUST-02694,Noah Miller,noah.miller.2694@example.com,Germany,2019-01-11,Repeat,2280.97
CUST-02695,Kavya Kumar,kavya.kumar.2695@example.com,Australia,2020-02-05,Repeat,5163.28
CUST-02696,Liam Gupta,liam.gupta.2696@example.com,United Arab Emirates,2018-08-12,Repeat,2680.51
CUST-02697,Kavya Sharma,kavya.sharma.2697@example.com,India,2023-10-09,One-Time,340.59
CUST-02698,Emma Miller,emma.miller.2698@example.com,India,2019-07-13,Repeat,5384.86
CUST-02699,Aditi Nair,aditi.nair.2699@example.com,Canada,2024-09-14,Repeat,6392.83
CUST-02700,Emma Reddy,emma.reddy.2700@example.com,Germany,2020-03-01,Inactive,0.11
CUST-02701,Vikram Mehta,vikram.mehta.2701@example.com,Germany,2019-10-29,Repeat,3063.02
CUST-02702,Ishaan Singh,ishaan.singh.2702@example.com,India,2018-09-10,Repeat,3998.31
CUST-02703,Neha Garcia,neha.garcia.2703@example.com,Singapore,2022-02-25,Inactive,120.59
CUST-02704,Liam Singh,liam.singh.2704@example.com,Germany,2023-09-02,Repeat,1291.18
CUST-02705,Arjun Sharma,arjun.sharma.2705@example.com,United States,2021-08-30,Repeat,5942.64
CUST-02706,Ishaan Wilson,ishaan.wilson.2706@example.com,Singapore,2021-04-20,One-Time,295.05
CUST-02707,Kavya Patel,kavya.patel.2707@example.com,United Arab Emirates,2019-09-30,One-Time,29.87
CUST-02708,Liam Mehta,liam.mehta.2708@example.com,Canada,2020-04-05,One-Time,873.28
CUST-02709,Diya Reddy,diya.reddy.2709@example.com,United Arab Emirates,2019-03-06,Inactive,411.20
CUST-02710,Ishaan Miller,ishaan.miller.2710@example.com,Australia,2024-09-24,Repeat,3746.37
CUST-02711,Emma Reddy,emma.reddy.2711@example.com,United Arab Emirates,2020-12-05,One-Time,435.06
CUST-02712,Noah Gupta,noah.gupta.2712@example.com,United Arab Emirates,2020-03-10,One-Time,490.57
CUST-02713,Diya Mehta,diya.mehta.2713@example.com,Canada,2023-09-30,Repeat,3320.60
CUST-02714,Kavya Brown,kavya.brown.2714@example.com,United Arab Emirates,2018-05-03,Inactive,321.25
CUST-02715,Kavya Miller,kavya.miller.2715@example.com,India,2021-10-12,One-Time,1158.77
CUST-02716,Neha Reddy,neha.reddy.2716@example.com,Singapore,2019-04-21,Inactive,283.37
CUST-02717,Aditi Mehta,aditi.mehta.2717@example.com,Canada,2024-10-22,One-Time,1003.03
CUST-02718,Aditi Singh,aditi.singh.2718@example.com,Singapore,2020-10-06,Repeat,5814.68
CUST-02719,Neha Garcia,neha.garcia.2719@example.com,India,2020-02-01,Repeat,2720.35
CUST-02720,Olivia Reddy,olivia.reddy.2720@example.com,United Kingdom,2018-01-26,One-Time,666.43
CUST-02721,Neha Brown,neha.brown.2721@example.com,Australia,2020-08-11,Repeat,7009.15
CUST-02722,Noah Brown,noah.brown.2722@example.com,United Kingdom,2024-11-30,Repeat,5200.92
CUST-02723,Diya Singh,diya.singh.2723@example.com,United States,2024-07-12,Repeat,7317.21
CUST-02724,Neha Gupta,neha.gupta.2724@example.com,United States,2020-10-22,Repeat,2109.24
CUST-02725,Noah Sharma,noah.sharma.2725@example.com,Germany,2025-11-12,One-Time,1126.49
CUST-02726,Rohan Gupta,rohan.gupta.2726@example.com,United Kingdom,2023-06-09,One-Time,450.16
CUST-02727,Meera Garcia,meera.garcia.2727@example.com,Australia,2020-02-28,Repeat,4248.03
CUST-02728,Emma Nair,emma.nair.2728@example.com,Australia,2019-03-20,One-Time,943.04
CUST-02729,Kavya Singh,kavya.singh.2729@example.com,United States,2019-10-12,Inactive,217.64
CUST-02730,Rohan Miller,rohan.miller.2730@example.com,Germany,2019-10-31,Repeat,7184.58
CUST-02731,Ishaan Patel,ishaan.patel.2731@example.com,Germany,2025-09-23,Inactive,46.93
CUST-02732,Ishaan Garcia,ishaan.garcia.2732@example.com,Singapore,2022-04-16,Inactive,124.31
CUST-02733,Noah Gupta,noah.gupta.2733@example.com,Germany,2023-07-22,Repeat,2558.90
CUST-02734,Arjun Miller,arjun.miller.2734@example.com,United Arab Emirates,2022-09-01,One-Time,49.17
CUST-02735,Aarav Garcia,aarav.garcia.2735@example.com,Germany,2019-06-22,One-Time,162.04
CUST-02736,Aarav Sharma,aarav.sharma.2736@example.com,Germany,2024-06-24,Repeat,4574.61
CUST-02737,Neha Mehta,neha.mehta.2737@example.com,United Arab Emirates,2025-09-28,Repeat,2339.91
CUST-02738,Liam Nair,liam.nair.2738@example.com,India,2021-01-23,Repeat,7259.61
CUST-02739,Rohan Gupta,rohan.gupta.2739@example.com,United States,2021-10-31,One-Time,909.56
CUST-02740,Meera Gupta,meera.gupta.2740@example.com,Singapore,2025-12-04,One-Time,618.81
CUST-02741,Emma Garcia,emma.garcia.2741@example.com,Canada,2021-02-25,High-Value,14511.02
CUST-02742,Emma Reddy,emma.reddy.2742@example.com,Canada,2022-11-17,Inactive,50.58
CUST-02743,Rohan Wilson,rohan.wilson.2743@example.com,United States,2018-10-26,Repeat,3883.02
CUST-02744,Diya Patel,diya.patel.2744@example.com,Canada,2021-09-13,Inactive,65.15
CUST-02745,Kavya Nair,kavya.nair.2745@example.com,Germany,2021-09-25,Inactive,416.43
CUST-02746,Sophia Kumar,sophia.kumar.2746@example.com,Australia,2025-05-24,Inactive,151.35
CUST-02747,Vikram Sharma,vikram.sharma.2747@example.com,United Arab Emirates,2020-07-08,Repeat,5826.46
CUST-02748,Aarav Brown,aarav.brown.2748@example.com,United Kingdom,2021-04-21,High-Value,20594.57
CUST-02749,Olivia Kumar,olivia.kumar.2749@example.com,United Kingdom,2018-03-24,One-Time,987.63
CUST-02750,Aditi Wilson,aditi.wilson.2750@example.com,United Kingdom,2022-06-24,Repeat,4512.87
CUST-02751,Noah Singh,noah.singh.2751@example.com,United Kingdom,2023-08-27,One-Time,135.90
CUST-02752,Aditi Garcia,aditi.garcia.2752@example.com,United Arab Emirates,2022-12-21,One-Time,109.66
CUST-02753,Neha Gupta,neha.gupta.2753@example.com,India,2021-12-05,One-Time,105.69
CUST-02754,Sophia Singh,sophia.singh.2754@example.com,United Arab Emirates,2025-04-10,Repeat,4513.91
CUST-02755,Diya Miller,diya.miller.2755@example.com,Australia,2019-09-12,One-Time,471.01
CUST-02756,Noah Reddy,noah.reddy.2756@example.com,United States,2025-03-10,Repeat,972.51
CUST-02757,Emma Garcia,emma.garcia.2757@example.com,United Arab Emirates,2020-10-07,Repeat,4368.17
CUST-02758,Rohan Brown,rohan.brown.2758@example.com,Canada,2023-07-25,One-Time,559.76
CUST-02759,Emma Nair,emma.nair.2759@example.com,Canada,2025-05-13,Repeat,4683.45
CUST-02760,Meera Patel,meera.patel.2760@example.com,India,2023-11-13,One-Time,117.82
CUST-02761,Emma Brown,emma.brown.2761@example.com,Germany,2021-07-05,Repeat,2570.57
CUST-02762,Aditi Gupta,aditi.gupta.2762@example.com,United Kingdom,2020-12-10,High-Value,19483.12
CUST-02763,Diya Miller,diya.miller.2763@example.com,Singapore,2018-11-10,One-Time,561.68
CUST-02764,Olivia Brown,olivia.brown.2764@example.com,United Kingdom,2023-03-01,High-Value,9371.89
CUST-02765,Diya Reddy,diya.reddy.2765@example.com,Australia,2021-05-10,Repeat,6031.73
CUST-02766,Olivia Brown,olivia.brown.2766@example.com,United Kingdom,2022-07-13,Repeat,1006.04
CUST-02767,Rohan Patel,rohan.patel.2767@example.com,Singapore,2020-09-29,Repeat,7254.27
CUST-02768,Rohan Nair,rohan.nair.2768@example.com,Singapore,2022-01-11,One-Time,824.73
CUST-02769,Kavya Garcia,kavya.garcia.2769@example.com,United Kingdom,2022-03-08,Inactive,323.40
CUST-02770,Meera Mehta,meera.mehta.2770@example.com,Canada,2020-01-25,Repeat,6537.62
CUST-02771,Rohan Garcia,rohan.garcia.2771@example.com,Canada,2025-07-18,High-Value,9844.91
CUST-02772,Rohan Singh,rohan.singh.2772@example.com,India,2024-09-08,One-Time,568.46
CUST-02773,Kavya Singh,kavya.singh.2773@example.com,Australia,2019-07-16,One-Time,213.15
CUST-02774,Ishaan Singh,ishaan.singh.2774@example.com,Singapore,2023-08-02,Inactive,28.69
CUST-02775,Kavya Wilson,kavya.wilson.2775@example.com,Germany,2021-10-13,High-Value,22751.73
CUST-02776,Kavya Wilson,kavya.wilson.2776@example.com,United Arab Emirates,2021-05-18,One-Time,1188.15
CUST-02777,Olivia Brown,olivia.brown.2777@example.com,Canada,2018-11-03,Repeat,5722.49
CUST-02778,Noah Reddy,noah.reddy.2778@example.com,Germany,2024-10-18,Repeat,5122.18
CUST-02779,Arjun Patel,arjun.patel.2779@example.com,United Arab Emirates,2018-07-03,One-Time,382.08
CUST-02780,Arjun Gupta,arjun.gupta.2780@example.com,Germany,2019-03-20,Repeat,2463.46
CUST-02781,Emma Patel,emma.patel.2781@example.com,Germany,2025-04-14,One-Time,631.96
CUST-02782,Vikram Mehta,vikram.mehta.2782@example.com,Australia,2022-01-20,One-Time,257.06
CUST-02783,Emma Gupta,emma.gupta.2783@example.com,Australia,2019-10-07,High-Value,20512.39
CUST-02784,Emma Kumar,emma.kumar.2784@example.com,United Arab Emirates,2025-02-19,Repeat,4703.94
CUST-02785,Neha Mehta,neha.mehta.2785@example.com,Australia,2022-12-16,Inactive,405.00
CUST-02786,Liam Kumar,liam.kumar.2786@example.com,Singapore,2023-02-26,High-Value,17609.54
CUST-02787,Ishaan Patel,ishaan.patel.2787@example.com,Canada,2021-12-08,Inactive,359.69
CUST-02788,Arjun Mehta,arjun.mehta.2788@example.com,Germany,2025-07-20,One-Time,76.17
CUST-02789,Aditi Singh,aditi.singh.2789@example.com,United Kingdom,2025-03-05,Repeat,4574.48
CUST-02790,Arjun Brown,arjun.brown.2790@example.com,India,2020-05-24,Repeat,1164.03
CUST-02791,Aditi Nair,aditi.nair.2791@example.com,Germany,2021-08-14,Repeat,3346.53
CUST-02792,Emma Miller,,India,2021-01-17,Repeat,6256.61
CUST-02793,Ishaan Patel,ishaan.patel.2793@example.com,Singapore,2024-06-30,Inactive,175.76
CUST-02794,Neha Nair,neha.nair.2794@example.com,Canada,2024-04-23,High-Value,8667.70
CUST-02795,Olivia Patel,olivia.patel.2795@example.com,United States,2020-11-08,Repeat,3323.88
CUST-02796,Neha Brown,neha.brown.2796@example.com,Singapore,2022-07-07,One-Time,763.29
CUST-02797,Sophia Miller,sophia.miller.2797@example.com,Germany,2025-05-24,Repeat,835.08
CUST-02798,Neha Reddy,neha.reddy.2798@example.com,United States,2021-02-03,Inactive,60.40
CUST-02799,Rohan Patel,rohan.patel.2799@example.com,United Arab Emirates,2018-08-15,Repeat,6510.48
CUST-02800,Diya Garcia,diya.garcia.2800@example.com,Canada,2020-06-12,One-Time,574.96
CUST-02801,Arjun Gupta,arjun.gupta.2801@example.com,Germany,2024-11-02,Repeat,4771.10
CUST-02802,Sophia Brown,sophia.brown.2802@example.com,Germany,2018-01-29,One-Time,810.06
CUST-02803,Emma Singh,emma.singh.2803@example.com,United States,2018-05-28,One-Time,188.96
CUST-02804,Emma Garcia,emma.garcia.2804@example.com,Australia,2019-09-25,Repeat,3206.74
CUST-02805,Olivia Nair,olivia.nair.2805@example.com,India,2021-05-18,High-Value,7086.57
CUST-02806,Aditi Sharma,aditi.sharma.2806@example.com,United Arab Emirates,2023-12-18,Repeat,3540.49
CUST-02807,Diya Nair,diya.nair.2807@example.com,Canada,2022-11-23,One-Time,305.46
CUST-02808,Aarav Nair,aarav.nair.2808@example.com,Germany,2019-11-23,Repeat,1161.52
CUST-02809,Sophia Wilson,sophia.wilson.2809@example.com,India,2022-02-21,One-Time,635.14
CUST-02810,Emma Gupta,emma.gupta.2810@example.com,United Arab Emirates,2025-09-09,One-Time,724.97
CUST-02811,Noah Singh,noah.singh.2811@example.com,United Arab Emirates,2024-11-24,One-Time,1109.91
CUST-02812,Liam Singh,liam.singh.2812@example.com,Germany,2025-05-05,One-Time,595.14
CUST-02813,Noah Kumar,noah.kumar.2813@example.com,Singapore,2025-05-03,Inactive,304.78
CUST-02814,Rohan Miller,rohan.miller.2814@example.com,Australia,2025-08-23,Repeat,1903.96
CUST-02815,Vikram Nair,vikram.nair.2815@example.com,Australia,2023-07-02,High-Value,21459.76
CUST-02816,Kavya Gupta,kavya.gupta.2816@example.com,Canada,2022-02-16,High-Value,18425.39
CUST-02817,Vikram Reddy,vikram.reddy.2817@example.com,United Kingdom,2024-05-27,Repeat,7441.83
CUST-02818,Liam Kumar,liam.kumar.2818@example.com,Australia,2019-04-16,One-Time,241.82
CUST-02819,Sophia Reddy,sophia.reddy.2819@example.com,Germany,2020-07-17,High-Value,11490.87
CUST-02820,Neha Garcia,neha.garcia.2820@example.com,India,2020-02-14,Inactive,172.81
CUST-02821,Noah Reddy,noah.reddy.2821@example.com,Canada,2023-07-30,High-Value,16198.68
CUST-02822,Emma Singh,emma.singh.2822@example.com,Singapore,2023-05-27,One-Time,458.79
CUST-02823,Liam Garcia,liam.garcia.2823@example.com,United Arab Emirates,2022-02-19,Repeat,6466.73
CUST-02824,Noah Gupta,noah.gupta.2824@example.com,United Kingdom,2020-09-30,High-Value,8730.24
CUST-02825,Ishaan Reddy,ishaan.reddy.2825@example.com,United Kingdom,2021-04-21,One-Time,1117.01
CUST-02826,Emma Reddy,emma.reddy.2826@example.com,United Arab Emirates,2025-04-14,Repeat,3011.33
CUST-02827,Meera Sharma,meera.sharma.2827@example.com,Germany,2021-08-26,Repeat,3625.49
CUST-02828,Kavya Brown,kavya.brown.2828@example.com,Singapore,2024-07-02,Repeat,3186.93
CUST-02829,Ishaan Kumar,ishaan.kumar.2829@example.com,United Kingdom,2021-06-13,One-Time,963.82
CUST-02830,Arjun Gupta,arjun.gupta.2830@example.com,United Kingdom,2022-11-02,Repeat,2572.70
CUST-02831,Ishaan Garcia,ishaan.garcia.2831@example.com,India,2023-11-05,One-Time,636.03
CUST-02832,Vikram Kumar,vikram.kumar.2832@example.com,Singapore,2021-08-08,Repeat,7133.76
CUST-02833,Neha Miller,neha.miller.2833@example.com,United Arab Emirates,2025-02-15,Repeat,3200.30
CUST-02834,Arjun Garcia,arjun.garcia.2834@example.com,Canada,2025-07-27,High-Value,23894.50
CUST-02835,Aditi Reddy,aditi.reddy.2835@example.com,Canada,2025-07-30,One-Time,505.81
CUST-02836,Diya Sharma,diya.sharma.2836@example.com,Singapore,2023-12-27,One-Time,1122.78
CUST-02837,Rohan Nair,rohan.nair.2837@example.com,Australia,2023-06-27,High-Value,18479.21
CUST-02838,Vikram Wilson,vikram.wilson.2838@example.com,United Kingdom,2021-02-15,Inactive,380.83
CUST-02839,Vikram Mehta,vikram.mehta.2839@example.com,Singapore,2019-10-05,Repeat,4938.25
CUST-02840,Olivia Miller,olivia.miller.2840@example.com,United Arab Emirates,2024-10-15,High-Value,5786.88
CUST-02841,Aarav Singh,aarav.singh.2841@example.com,Canada,2018-10-10,Repeat,4586.78
CUST-02842,Liam Wilson,liam.wilson.2842@example.com,Australia,2023-09-09,Repeat,4433.35
CUST-02843,Arjun Patel,arjun.patel.2843@example.com,United States,2023-02-07,Repeat,6365.13
CUST-02844,Vikram Miller,vikram.miller.2844@example.com,India,2019-01-01,One-Time,924.05
CUST-02845,Neha Singh,neha.singh.2845@example.com,India,2020-05-24,Repeat,7080.18
CUST-02846,Vikram Kumar,vikram.kumar.2846@example.com,United States,2020-10-11,High-Value,13078.96
CUST-02847,Diya Wilson,diya.wilson.2847@example.com,India,2020-04-05,Repeat,2481.41
CUST-02848,Diya Miller,diya.miller.2848@example.com,United States,2021-10-26,Inactive,263.17
CUST-02849,Meera Patel,meera.patel.2849@example.com,Germany,2021-12-16,Repeat,1126.56
CUST-02850,Noah Garcia,noah.garcia.2850@example.com,United Arab Emirates,2020-07-25,Repeat,6231.00
CUST-02851,Emma Patel,emma.patel.2851@example.com,Germany,2025-04-15,One-Time,521.37
CUST-02852,Meera Garcia,meera.garcia.2852@example.com,India,2024-09-07,Repeat,4589.20
CUST-02853,Olivia Patel,olivia.patel.2853@example.com,United States,2021-07-19,One-Time,452.30
CUST-02854,Sophia Reddy,sophia.reddy.2854@example.com,Singapore,2022-08-23,Repeat,3542.96
CUST-02855,Ishaan Kumar,ishaan.kumar.2855@example.com,United Kingdom,2020-01-05,Repeat,7412.14
CUST-02856,Ishaan Wilson,ishaan.wilson.2856@example.com,United States,2024-08-20,One-Time,1164.15
CUST-02857,Ishaan Patel,ishaan.patel.2857@example.com,United Arab Emirates,2019-02-06,Repeat,6971.35
CUST-02858,Olivia Gupta,olivia.gupta.2858@example.com,United Arab Emirates,2022-03-24,One-Time,695.60
CUST-02859,Vikram Sharma,vikram.sharma.2859@example.com,India,2024-10-04,Repeat,2684.48
CUST-02860,Arjun Garcia,arjun.garcia.2860@example.com,India,2022-12-17,Repeat,2854.06
CUST-02861,Kavya Wilson,kavya.wilson.2861@example.com,India,2022-11-06,High-Value,15186.04
CUST-02862,Liam Patel,liam.patel.2862@example.com,Canada,2023-11-03,High-Value,11962.15
CUST-02863,Vikram Reddy,vikram.reddy.2863@example.com,India,2022-01-17,Repeat,4441.75
CUST-02864,Olivia Nair,olivia.nair.2864@example.com,Australia,2019-03-11,One-Time,786.26
CUST-02865,Arjun Singh,arjun.singh.2865@example.com,Singapore,2025-05-23,Repeat,4040.57
CUST-02866,Rohan Sharma,rohan.sharma.2866@example.com,United States,2022-09-07,Repeat,6562.09
CUST-02867,Emma Mehta,emma.mehta.2867@example.com,Singapore,2020-08-05,One-Time,598.14
CUST-02868,Meera Miller,meera.miller.2868@example.com,Singapore,2025-07-07,One-Time,586.71
CUST-02869,Olivia Garcia,olivia.garcia.2869@example.com,United Arab Emirates,2025-11-07,Inactive,62.53
CUST-02870,Aditi Patel,aditi.patel.2870@example.com,Germany,2025-11-16,Repeat,1454.83
CUST-02871,Olivia Garcia,olivia.garcia.2871@example.com,India,2022-02-09,Repeat,4091.92
CUST-02872,Meera Miller,meera.miller.2872@example.com,United Kingdom,2019-02-17,One-Time,358.63
CUST-02873,Sophia Nair,sophia.nair.2873@example.com,United Arab Emirates,2018-09-20,Repeat,1020.09
CUST-02874,Emma Singh,emma.singh.2874@example.com,United Kingdom,2021-05-17,One-Time,57.03
CUST-02875,Aarav Mehta,aarav.mehta.2875@example.com,United Arab Emirates,2021-04-18,Repeat,2260.19
CUST-02876,Kavya Garcia,kavya.garcia.2876@example.com,United States,2021-05-07,Repeat,4495.24
CUST-02877,Olivia Brown,olivia.brown.2877@example.com,Germany,2022-09-04,One-Time,659.10
CUST-02878,Liam Garcia,liam.garcia.2878@example.com,Canada,2024-09-19,High-Value,11778.53
CUST-02879,Vikram Kumar,vikram.kumar.2879@example.com,Australia,2023-09-19,Inactive,421.00
CUST-02880,Sophia Garcia,sophia.garcia.2880@example.com,Canada,2018-03-14,One-Time,100.08
CUST-02881,Arjun Patel,arjun.patel.2881@example.com,United Kingdom,2025-07-31,High-Value,6521.08
CUST-02882,Aarav Brown,aarav.brown.2882@example.com,Germany,2022-12-14,One-Time,229.55
CUST-02883,Neha Wilson,neha.wilson.2883@example.com,United States,2022-07-20,One-Time,422.93
CUST-02884,Aarav Sharma,aarav.sharma.2884@example.com,United Kingdom,2018-01-24,High-Value,20296.85
CUST-02885,Aditi Miller,aditi.miller.2885@example.com,Germany,2018-12-08,Inactive,405.89
CUST-02886,Vikram Miller,vikram.miller.2886@example.com,Germany,2018-05-14,Repeat,5327.36
CUST-02887,Neha Brown,neha.brown.2887@example.com,United Kingdom,2024-01-13,One-Time,1044.01
CUST-02888,Arjun Reddy,arjun.reddy.2888@example.com,India,2021-03-19,Repeat,2807.33
CUST-02889,Meera Kumar,meera.kumar.2889@example.com,United Kingdom,2018-07-21,Repeat,3457.56
CUST-02890,Sophia Mehta,sophia.mehta.2890@example.com,United Arab Emirates,2022-09-24,Inactive,46.45
CUST-02891,Olivia Singh,olivia.singh.2891@example.com,United States,2018-02-07,Repeat,1430.94
CUST-02892,Sophia Garcia,sophia.garcia.2892@example.com,United Kingdom,2020-02-10,One-Time,1172.29
CUST-02893,Meera Gupta,meera.gupta.2893@example.com,United Kingdom,2019-02-10,One-Time,326.44
CUST-02894,Diya Brown,diya.brown.2894@example.com,India,2018-03-03,One-Time,230.48
CUST-02895,Noah Wilson,noah.wilson.2895@example.com,India,2023-04-06,High-Value,17806.58
CUST-02896,Ishaan Reddy,ishaan.reddy.2896@example.com,United Kingdom,2023-09-09,Repeat,4877.60
CUST-02897,Ishaan Gupta,ishaan.gupta.2897@example.com,Canada,2019-03-30,One-Time,77.41
CUST-02898,Ishaan Reddy,ishaan.reddy.2898@example.com,United Kingdom,2019-10-25,Repeat,875.95
CUST-02899,Ishaan Reddy,ishaan.reddy.2899@example.com,United Kingdom,2020-02-18,Repeat,1107.16
CUST-02900,Liam Garcia,liam.garcia.2900@example.com,Canada,2022-08-29,One-Time,1004.43
CUST-02901,Vikram Nair,vikram.nair.2901@example.com,United States,2022-05-01,Repeat,4802.99
CUST-02902,Neha Patel,neha.patel.2902@example.com,Australia,2025-12-05,Inactive,353.15
CUST-02903,Neha Reddy,neha.reddy.2903@example.com,Canada,2024-03-04,One-Time,1196.38
CUST-02904,Diya Garcia,diya.garcia.2904@example.com,United Kingdom,2020-06-05,Inactive,227.81
CUST-02905,Aarav Gupta,aarav.gupta.2905@example.com,Canada,2023-11-17,Repeat,5226.19
CUST-02906,Liam Reddy,liam.reddy.2906@example.com,United States,2020-07-08,High-Value,19398.49
CUST-02907,Meera Gupta,meera.gupta.2907@example.com,United States,2021-02-21,One-Time,666.82
CUST-02908,Olivia Nair,olivia.nair.2908@example.com,India,2024-02-19,One-Time,297.97
CUST-02909,Sophia Sharma,sophia.sharma.2909@example.com,United Kingdom,2018-02-05,High-Value,17020.21
CUST-02910,Vikram Patel,vikram.patel.2910@example.com,United Kingdom,2021-06-12,Repeat,5144.61
CUST-02911,Meera Singh,meera.singh.2911@example.com,Australia,2019-03-11,One-Time,620.29
CUST-02912,Diya Nair,diya.nair.2912@example.com,Australia,2024-10-18,Repeat,3040.88
CUST-02913,Arjun Nair,arjun.nair.2913@example.com,Australia,2022-03-11,Repeat,1802.21
CUST-02914,Liam Mehta,liam.mehta.2914@example.com,India,2023-12-19,Inactive,379.17
CUST-02915,Kavya Garcia,kavya.garcia.2915@example.com,India,2025-06-20,One-Time,707.97
CUST-02916,Vikram Sharma,vikram.sharma.2916@example.com,Canada,2022-10-29,One-Time,932.91
CUST-02917,Arjun Reddy,arjun.reddy.2917@example.com,Germany,2023-08-22,Repeat,5962.63
CUST-02918,Meera Nair,meera.nair.2918@example.com,India,2020-02-05,Inactive,30.10
CUST-02919,Aditi Singh,aditi.singh.2919@example.com,India,2021-08-23,One-Time,598.51
CUST-02920,Olivia Miller,olivia.miller.2920@example.com,United Arab Emirates,2022-03-06,One-Time,1157.47
CUST-02921,Aditi Brown,aditi.brown.2921@example.com,Singapore,2025-06-28,One-Time,270.90
CUST-02922,Arjun Mehta,arjun.mehta.2922@example.com,Australia,2018-08-10,One-Time,474.21
CUST-02923,Rohan Singh,rohan.singh.2923@example.com,Germany,2021-02-22,Repeat,1850.54
CUST-02924,Meera Brown,meera.brown.2924@example.com,Canada,2018-02-19,Repeat,2040.35
CUST-02925,Ishaan Kumar,ishaan.kumar.2925@example.com,Germany,2019-02-04,One-Time,640.29
CUST-02926,Neha Sharma,neha.sharma.2926@example.com,United States,2025-05-25,Repeat,2578.55
CUST-02927,Kavya Patel,kavya.patel.2927@example.com,United Kingdom,2022-04-05,One-Time,254.64
CUST-02928,Rohan Wilson,rohan.wilson.2928@example.com,Australia,2019-11-08,One-Time,169.40
CUST-02929,Aditi Nair,aditi.nair.2929@example.com,United States,2023-06-15,Repeat,2851.46
CUST-02930,Aditi Sharma,aditi.sharma.2930@example.com,Singapore,2018-03-09,High-Value,6573.01
CUST-02931,Diya Patel,diya.patel.2931@example.com,Canada,2022-12-20,One-Time,1054.80
CUST-02932,Sophia Nair,sophia.nair.2932@example.com,Singapore,2018-06-21,Inactive,461.17
CUST-02933,Neha Reddy,neha.reddy.2933@example.com,United States,2018-01-30,Repeat,1391.61
CUST-02934,Vikram Miller,vikram.miller.2934@example.com,United Kingdom,2023-12-15,Inactive,45.01
CUST-02935,Liam Patel,liam.patel.2935@example.com,Australia,2020-05-01,One-Time,492.46
CUST-02936,Ishaan Garcia,ishaan.garcia.2936@example.com,India,2024-01-03,One-Time,724.10
CUST-02937,Kavya Patel,kavya.patel.2937@example.com,India,2020-02-17,One-Time,270.10
CUST-02938,Noah Sharma,noah.sharma.2938@example.com,United Kingdom,2023-11-14,Repeat,2645.89
CUST-02939,Vikram Nair,vikram.nair.2939@example.com,United Arab Emirates,2018-08-01,Inactive,9.86
CUST-02940,Aarav Nair,aarav.nair.2940@example.com,United Kingdom,2022-12-23,Inactive,389.91
CUST-02941,Vikram Miller,vikram.miller.2941@example.com,Singapore,2025-04-10,Inactive,444.97
CUST-02942,Rohan Reddy,rohan.reddy.2942@example.com,India,2021-10-03,One-Time,1191.39
CUST-02943,Sophia Mehta,sophia.mehta.2943@example.com,United Arab Emirates,2024-06-13,One-Time,941.61
CUST-02944,Noah Garcia,noah.garcia.2944@example.com,United States,2020-12-30,One-Time,870.94
CUST-02945,Olivia Patel,olivia.patel.2945@example.com,Australia,2021-10-19,High-Value,6470.29
CUST-02946,Olivia Mehta,olivia.mehta.2946@example.com,United Kingdom,2019-01-31,One-Time,114.20
CUST-02947,Rohan Sharma,rohan.sharma.2947@example.com,United States,2022-04-25,Repeat,6666.82
CUST-02948,Meera Wilson,meera.wilson.2948@example.com,United States,2019-12-31,One-Time,885.86
CUST-02949,Aditi Kumar,aditi.kumar.2949@example.com,United Kingdom,2020-02-15,Repeat,2914.05
CUST-02950,Aarav Miller,aarav.miller.2950@example.com,United States,2022-12-30,Repeat,3630.62
CUST-02951,Liam Garcia,liam.garcia.2951@example.com,Germany,2024-07-23,Repeat,7152.38
CUST-02952,Aarav Patel,aarav.patel.2952@example.com,United Arab Emirates,2024-01-31,One-Time,1126.06
CUST-02953,Kavya Nair,kavya.nair.2953@example.com,Singapore,2023-09-14,Inactive,262.44
CUST-02954,Diya Reddy,diya.reddy.2954@example.com,Canada,2019-04-08,High-Value,14623.45
CUST-02955,Olivia Nair,olivia.nair.2955@example.com,United Kingdom,2022-06-21,Repeat,7003.40
CUST-02956,Emma Patel,emma.patel.2956@example.com,United States,2019-08-03,One-Time,428.37
CUST-02957,Rohan Kumar,rohan.kumar.2957@example.com,Singapore,2018-12-28,Inactive,71.22
CUST-02958,Kavya Garcia,kavya.garcia.2958@example.com,United Arab Emirates,2025-02-09,One-Time,287.35
CUST-02959,Ishaan Singh,ishaan.singh.2959@example.com,Singapore,2025-05-07,One-Time,743.36
CUST-02960,Aarav Mehta,aarav.mehta.2960@example.com,Australia,2025-08-20,One-Time,935.36
CUST-02961,Liam Patel,liam.patel.2961@example.com,Australia,2022-07-11,Repeat,4324.25
CUST-02962,Aditi Miller,aditi.miller.2962@example.com,Germany,2018-09-23,High-Value,22888.94
CUST-02963,Rohan Singh,rohan.singh.2963@example.com,India,2021-05-14,Repeat,4502.38
CUST-02964,Emma Nair,emma.nair.2964@example.com,United Arab Emirates,2022-02-12,One-Time,1045.50
CUST-02965,Arjun Nair,arjun.nair.2965@example.com,Germany,2022-03-10,Repeat,2764.99
CUST-02966,Diya Mehta,diya.mehta.2966@example.com,Germany,2019-11-11,One-Time,1061.77
CUST-02967,Arjun Sharma,arjun.sharma.2967@example.com,India,2025-01-25,Inactive,240.82
CUST-02968,Aarav Reddy,aarav.reddy.2968@example.com,United States,2025-07-16,Repeat,3240.41
CUST-02969,Sophia Reddy,sophia.reddy.2969@example.com,Canada,2022-06-10,Repeat,2665.13
CUST-02970,Diya Nair,diya.nair.2970@example.com,Germany,2018-06-04,Repeat,6154.12
CUST-02971,Ishaan Garcia,ishaan.garcia.2971@example.com,United Arab Emirates,2023-12-31,One-Time,508.09
CUST-02972,Diya Brown,diya.brown.2972@example.com,United Arab Emirates,2024-08-03,One-Time,185.96
CUST-02973,Ishaan Wilson,ishaan.wilson.2973@example.com,Australia,2018-10-20,Repeat,6725.08
CUST-02974,Rohan Mehta,rohan.mehta.2974@example.com,Canada,2020-08-19,Repeat,6551.27
CUST-02975,Noah Sharma,noah.sharma.2975@example.com,India,2022-10-18,Repeat,2981.95
CUST-02976,Olivia Sharma,olivia.sharma.2976@example.com,United Arab Emirates,2023-04-06,Repeat,7187.83
CUST-02977,Neha Miller,neha.miller.2977@example.com,United Arab Emirates,2022-06-16,One-Time,551.20
CUST-02978,Liam Reddy,liam.reddy.2978@example.com,Singapore,2025-03-07,One-Time,218.79
CUST-02979,Aditi Kumar,aditi.kumar.2979@example.com,Australia,2024-06-19,One-Time,202.79
CUST-02980,Olivia Gupta,olivia.gupta.2980@example.com,United Arab Emirates,2025-11-25,One-Time,797.58
CUST-02981,Meera Reddy,meera.reddy.2981@example.com,United Arab Emirates,2023-12-15,One-Time,1046.86
CUST-02982,Ishaan Garcia,ishaan.garcia.2982@example.com,United Arab Emirates,2025-06-04,Repeat,4827.69
CUST-02983,Olivia Miller,olivia.miller.2983@example.com,Australia,2022-10-17,Inactive,212.14
CUST-02984,Sophia Brown,sophia.brown.2984@example.com,Singapore,2020-06-12,High-Value,13832.43
CUST-02985,Arjun Kumar,arjun.kumar.2985@example.com,Australia,2022-09-18,Repeat,7481.66
CUST-02986,Olivia Patel,olivia.patel.2986@example.com,Singapore,2020-02-19,Repeat,2235.39
CUST-02987,Arjun Reddy,arjun.reddy.2987@example.com,Germany,2019-10-02,Repeat,864.54
CUST-02988,Vikram Brown,vikram.brown.2988@example.com,India,2021-09-14,One-Time,453.81
CUST-02989,Arjun Singh,arjun.singh.2989@example.com,Australia,2021-02-25,Inactive,60.45
CUST-02990,Arjun Gupta,arjun.gupta.2990@example.com,Singapore,2022-10-30,Repeat,3810.21
CUST-02991,Neha Wilson,neha.wilson.2991@example.com,Canada,2025-01-20,Repeat,6747.99
CUST-02992,Meera Brown,meera.brown.2992@example.com,Canada,2025-09-10,One-Time,281.87
CUST-02993,Arjun Garcia,arjun.garcia.2993@example.com,Singapore,2025-10-18,One-Time,393.69
CUST-02994,Olivia Wilson,,Germany,2020-05-11,Inactive,40.10
CUST-02995,Liam Brown,liam.brown.2995@example.com,India,2025-08-14,Repeat,4750.14
CUST-02996,Diya Nair,diya.nair.2996@example.com,India,2020-01-23,Repeat,2249.08
CUST-02997,Aditi Wilson,aditi.wilson.2997@example.com,Canada,2018-08-02,One-Time,633.52
CUST-02998,Sophia Brown,sophia.brown.2998@example.com,Australia,2024-05-31,High-Value,16557.00
CUST-02999,Noah Kumar,noah.kumar.2999@example.com,United Arab Emirates,2025-02-21,One-Time,1097.11
CUST-03000,Vikram Sharma,vikram.sharma.3000@example.com,India,2024-08-11,One-Time,621.57
CUST-03001,Arjun Brown,arjun.brown.3001@example.com,India,2021-04-07,Inactive,438.00
CUST-03002,Arjun Brown,arjun.brown.3002@example.com,United Arab Emirates,2022-01-17,One-Time,925.43
CUST-03003,Emma Wilson,emma.wilson.3003@example.com,Germany,2018-08-27,Repeat,1078.78
CUST-03004,Arjun Wilson,arjun.wilson.3004@example.com,India,2018-12-08,Repeat,4938.58
CUST-03005,Aditi Nair,aditi.nair.3005@example.com,India,2018-11-21,One-Time,135.62
CUST-03006,Neha Mehta,neha.mehta.3006@example.com,United Kingdom,2021-05-15,Repeat,5763.57
CUST-03007,Aditi Reddy,aditi.reddy.3007@example.com,Australia,2021-06-04,One-Time,743.46
CUST-03008,Rohan Patel,rohan.patel.3008@example.com,Germany,2023-10-14,One-Time,817.11
CUST-03009,Emma Miller,emma.miller.3009@example.com,Germany,2024-09-19,Repeat,4827.82
CUST-03010,Aarav Garcia,aarav.garcia.3010@example.com,United States,2024-12-24,Repeat,1480.94
CUST-03011,Meera Singh,meera.singh.3011@example.com,Germany,2020-12-05,One-Time,973.52
CUST-03012,Arjun Singh,arjun.singh.3012@example.com,Australia,2024-02-13,Repeat,6728.46
CUST-03013,Liam Patel,liam.patel.3013@example.com,Australia,2021-05-03,One-Time,938.95
CUST-03014,Kavya Wilson,kavya.wilson.3014@example.com,Australia,2023-10-24,One-Time,443.00
CUST-03015,Liam Singh,liam.singh.3015@example.com,Australia,2025-06-20,Repeat,6148.84
CUST-03016,Vikram Miller,vikram.miller.3016@example.com,United Kingdom,2022-10-15,One-Time,395.31
CUST-03017,Noah Patel,noah.patel.3017@example.com,Germany,2024-08-08,Repeat,2587.06
CUST-03018,Arjun Miller,arjun.miller.3018@example.com,United States,2022-03-05,Repeat,1898.03
CUST-03019,Noah Garcia,noah.garcia.3019@example.com,Canada,2021-12-20,One-Time,606.79
CUST-03020,Liam Wilson,liam.wilson.3020@example.com,United States,2023-03-18,High-Value,15119.52
CUST-03021,Rohan Mehta,rohan.mehta.3021@example.com,Singapore,2025-05-10,Repeat,5526.06
CUST-03022,Neha Brown,neha.brown.3022@example.com,Australia,2025-07-21,High-Value,6561.56
CUST-03023,Neha Kumar,neha.kumar.3023@example.com,Australia,2022-10-01,Repeat,4513.41
CUST-03024,Ishaan Brown,ishaan.brown.3024@example.com,Singapore,2018-01-02,Inactive,135.11
CUST-03025,Aditi Singh,aditi.singh.3025@example.com,Canada,2022-08-28,One-Time,167.04
CUST-03026,Kavya Patel,kavya.patel.3026@example.com,United Kingdom,2021-09-07,One-Time,998.16
CUST-03027,Meera Mehta,meera.mehta.3027@example.com,Canada,2021-10-03,Repeat,7185.18
CUST-03028,Arjun Mehta,arjun.mehta.3028@example.com,Germany,2019-07-15,One-Time,1120.94
CUST-03029,Emma Nair,emma.nair.3029@example.com,Singapore,2022-05-02,One-Time,631.71
CUST-03030,Sophia Patel,sophia.patel.3030@example.com,Canada,2020-12-20,Repeat,7379.28
CUST-03031,Vikram Nair,vikram.nair.3031@example.com,Germany,2018-01-14,Inactive,90.07
CUST-03032,Neha Mehta,neha.mehta.3032@example.com,Canada,2022-02-04,Repeat,1835.03
CUST-03033,Olivia Nair,olivia.nair.3033@example.com,Canada,2022-09-11,Repeat,3484.68
CUST-03034,Aarav Sharma,aarav.sharma.3034@example.com,Canada,2018-03-29,One-Time,961.54
CUST-03035,Vikram Singh,vikram.singh.3035@example.com,Singapore,2019-09-14,Repeat,2924.96
CUST-03036,Arjun Gupta,arjun.gupta.3036@example.com,India,2024-05-18,Repeat,5145.30
CUST-03037,Emma Reddy,emma.reddy.3037@example.com,Singapore,2022-01-04,Repeat,3272.26
CUST-03038,Meera Sharma,meera.sharma.3038@example.com,Germany,2023-01-17,Repeat,4005.28
CUST-03039,Noah Brown,noah.brown.3039@example.com,Canada,2019-09-09,One-Time,983.27
CUST-03040,Neha Kumar,neha.kumar.3040@example.com,United Kingdom,2018-06-18,One-Time,552.13
CUST-03041,Meera Kumar,meera.kumar.3041@example.com,Singapore,2019-12-18,One-Time,1025.77
CUST-03042,Vikram Wilson,vikram.wilson.3042@example.com,Germany,2021-04-02,Repeat,6591.68
CUST-03043,Arjun Nair,arjun.nair.3043@example.com,India,2021-08-03,Repeat,3550.79
CUST-03044,Noah Wilson,noah.wilson.3044@example.com,Singapore,2021-06-09,One-Time,376.71
CUST-03045,Liam Sharma,liam.sharma.3045@example.com,Singapore,2022-10-08,Inactive,341.45
CUST-03046,Aditi Kumar,aditi.kumar.3046@example.com,Australia,2024-01-19,Repeat,6398.39
CUST-03047,Ishaan Garcia,ishaan.garcia.3047@example.com,United Arab Emirates,2025-01-02,Repeat,1138.90
CUST-03048,Noah Miller,noah.miller.3048@example.com,India,2022-02-16,Repeat,3204.00
CUST-03049,Arjun Gupta,arjun.gupta.3049@example.com,Canada,2023-07-30,One-Time,1136.00
CUST-03050,Diya Reddy,diya.reddy.3050@example.com,United States,2022-06-28,One-Time,116.26
CUST-03051,Liam Gupta,liam.gupta.3051@example.com,Germany,2020-12-28,Repeat,4179.40
CUST-03052,Rohan Garcia,rohan.garcia.3052@example.com,Canada,2019-12-09,Repeat,2713.07
CUST-03053,Aditi Brown,aditi.brown.3053@example.com,India,2024-01-10,One-Time,1167.07
CUST-03054,Liam Nair,liam.nair.3054@example.com,India,2022-07-10,Inactive,212.16
CUST-03055,Aarav Kumar,aarav.kumar.3055@example.com,Singapore,2019-02-23,Repeat,2438.95
CUST-03056,Emma Wilson,emma.wilson.3056@example.com,United Arab Emirates,2024-03-13,One-Time,66.23
CUST-03057,Rohan Patel,rohan.patel.3057@example.com,India,2023-12-23,One-Time,658.74
CUST-03058,Ishaan Nair,ishaan.nair.3058@example.com,Australia,2019-12-09,Repeat,6094.26
CUST-03059,Aditi Kumar,aditi.kumar.3059@example.com,India,2019-12-01,Repeat,5963.03
CUST-03060,Neha Nair,neha.nair.3060@example.com,United States,2025-08-17,Repeat,2573.28
CUST-03061,Kavya Gupta,kavya.gupta.3061@example.com,Australia,2018-09-11,One-Time,253.16
CUST-03062,Arjun Sharma,arjun.sharma.3062@example.com,Germany,2018-09-15,Repeat,7379.15
CUST-03063,Aditi Wilson,aditi.wilson.3063@example.com,India,2025-11-12,Repeat,5042.90
CUST-03064,Ishaan Gupta,ishaan.gupta.3064@example.com,United States,2022-03-15,One-Time,610.26
CUST-03065,Kavya Nair,kavya.nair.3065@example.com,United States,2022-03-04,Repeat,5177.37
CUST-03066,Aarav Kumar,aarav.kumar.3066@example.com,United States,2025-08-03,One-Time,582.59
CUST-03067,Aditi Gupta,aditi.gupta.3067@example.com,India,2019-06-08,Repeat,956.00
CUST-03068,Ishaan Reddy,ishaan.reddy.3068@example.com,United Kingdom,2021-09-28,Repeat,1550.81
CUST-03069,Emma Miller,emma.miller.3069@example.com,United Arab Emirates,2022-01-26,Repeat,2919.88
CUST-03070,Neha Mehta,neha.mehta.3070@example.com,Australia,2025-02-28,Repeat,5835.53
CUST-03071,Ishaan Brown,ishaan.brown.3071@example.com,United Kingdom,2021-03-02,Repeat,6018.18
CUST-03072,Aditi Wilson,aditi.wilson.3072@example.com,Australia,2021-06-10,One-Time,1074.90
CUST-03073,Liam Brown,liam.brown.3073@example.com,United States,2022-02-14,Repeat,3594.05
CUST-03074,Aditi Kumar,aditi.kumar.3074@example.com,Canada,2024-08-22,Repeat,3217.88
CUST-03075,Aditi Wilson,aditi.wilson.3075@example.com,United States,2024-03-01,Repeat,4275.29
CUST-03076,Kavya Sharma,kavya.sharma.3076@example.com,United Kingdom,2023-02-05,Repeat,868.97
CUST-03077,Emma Kumar,emma.kumar.3077@example.com,Germany,2021-09-16,Repeat,4855.13
CUST-03078,Meera Kumar,meera.kumar.3078@example.com,India,2020-04-28,One-Time,713.93
CUST-03079,Aditi Singh,aditi.singh.3079@example.com,United Arab Emirates,2022-04-09,High-Value,17289.40
CUST-03080,Aarav Nair,aarav.nair.3080@example.com,India,2024-01-29,One-Time,411.50
CUST-03081,Neha Nair,neha.nair.3081@example.com,Germany,2023-01-18,One-Time,1152.72
CUST-03082,Vikram Patel,,Canada,2022-11-29,One-Time,111.17
CUST-03083,Emma Patel,emma.patel.3083@example.com,Singapore,2021-06-29,Repeat,7326.16
CUST-03084,Kavya Brown,kavya.brown.3084@example.com,Canada,2019-08-02,Repeat,6922.33
CUST-03085,Rohan Kumar,rohan.kumar.3085@example.com,United Kingdom,2023-05-07,One-Time,920.53
CUST-03086,Neha Sharma,neha.sharma.3086@example.com,Australia,2023-10-04,One-Time,1095.09
CUST-03087,Arjun Reddy,arjun.reddy.3087@example.com,Australia,2024-04-14,One-Time,664.97
CUST-03088,Olivia Kumar,olivia.kumar.3088@example.com,United Kingdom,2023-04-26,One-Time,157.73
CUST-03089,Arjun Miller,arjun.miller.3089@example.com,Germany,2023-02-23,Repeat,5413.36
CUST-03090,Noah Brown,noah.brown.3090@example.com,India,2025-05-11,High-Value,22704.32
CUST-03091,Meera Brown,meera.brown.3091@example.com,United States,2023-03-19,Repeat,4252.76
CUST-03092,Aarav Wilson,aarav.wilson.3092@example.com,Australia,2020-07-15,One-Time,402.87
CUST-03093,Arjun Nair,arjun.nair.3093@example.com,Australia,2019-11-20,One-Time,200.76
CUST-03094,Liam Brown,liam.brown.3094@example.com,Australia,2020-11-10,High-Value,12460.39
CUST-03095,Diya Mehta,diya.mehta.3095@example.com,United Kingdom,2019-07-11,One-Time,766.07
CUST-03096,Aarav Miller,aarav.miller.3096@example.com,Singapore,2024-05-25,One-Time,519.65
CUST-03097,Ishaan Wilson,ishaan.wilson.3097@example.com,Australia,2021-01-17,Repeat,5970.20
CUST-03098,Noah Mehta,noah.mehta.3098@example.com,Australia,2024-01-15,One-Time,114.03
CUST-03099,Sophia Patel,sophia.patel.3099@example.com,Australia,2022-01-22,High-Value,13316.33
CUST-03100,Aditi Nair,aditi.nair.3100@example.com,United States,2025-02-24,Inactive,395.74
CUST-03101,Aarav Miller,aarav.miller.3101@example.com,Germany,2025-10-13,Repeat,2239.76
CUST-03102,Vikram Nair,vikram.nair.3102@example.com,Canada,2024-01-28,Repeat,1291.77
CUST-03103,Liam Patel,liam.patel.3103@example.com,United Arab Emirates,2024-12-28,Repeat,6932.11
CUST-03104,Ishaan Reddy,ishaan.reddy.3104@example.com,Australia,2019-09-07,High-Value,16121.52
CUST-03105,Arjun Mehta,arjun.mehta.3105@example.com,Singapore,2022-01-18,Repeat,4766.92
CUST-03106,Kavya Sharma,kavya.sharma.3106@example.com,Germany,2019-02-28,Repeat,7416.00
CUST-03107,Liam Miller,liam.miller.3107@example.com,Canada,2024-09-08,High-Value,24208.39
CUST-03108,Neha Patel,neha.patel.3108@example.com,Australia,2022-06-08,One-Time,33.79
CUST-03109,Meera Kumar,meera.kumar.3109@example.com,Australia,2018-02-03,One-Time,854.50
CUST-03110,Aditi Brown,aditi.brown.3110@example.com,United States,2025-10-28,Repeat,3663.22
CUST-03111,Meera Sharma,meera.sharma.3111@example.com,Germany,2021-02-14,Repeat,2011.23
CUST-03112,Sophia Patel,sophia.patel.3112@example.com,Singapore,2023-03-15,High-Value,14432.50
CUST-03113,Olivia Brown,olivia.brown.3113@example.com,India,2021-09-27,Repeat,1059.73
CUST-03114,Meera Singh,meera.singh.3114@example.com,Germany,2022-06-20,Inactive,130.12
CUST-03115,Aarav Wilson,aarav.wilson.3115@example.com,Australia,2020-12-13,High-Value,17202.56
CUST-03116,Emma Sharma,emma.sharma.3116@example.com,United States,2023-04-04,Inactive,116.71
CUST-03117,Aarav Patel,aarav.patel.3117@example.com,Australia,2020-08-31,One-Time,162.23
CUST-03118,Noah Singh,noah.singh.3118@example.com,Singapore,2020-07-14,Repeat,3400.15
CUST-03119,Ishaan Garcia,ishaan.garcia.3119@example.com,United States,2019-08-16,High-Value,20091.01
CUST-03120,Diya Singh,diya.singh.3120@example.com,Singapore,2022-12-23,Repeat,3333.55
CUST-03121,Emma Gupta,,India,2022-03-22,Repeat,6654.37
CUST-03122,Aditi Nair,aditi.nair.3122@example.com,Australia,2024-04-23,One-Time,438.64
CUST-03123,Arjun Reddy,arjun.reddy.3123@example.com,India,2019-06-04,One-Time,829.30
CUST-03124,Liam Nair,liam.nair.3124@example.com,United Kingdom,2024-03-21,High-Value,23042.06
CUST-03125,Neha Kumar,neha.kumar.3125@example.com,Canada,2018-08-29,Repeat,1133.36
CUST-03126,Diya Patel,diya.patel.3126@example.com,Canada,2020-04-06,One-Time,56.71
CUST-03127,Emma Gupta,emma.gupta.3127@example.com,Singapore,2024-04-03,Repeat,3722.99
CUST-03128,Ishaan Singh,ishaan.singh.3128@example.com,United Kingdom,2020-07-03,One-Time,819.53
CUST-03129,Olivia Wilson,olivia.wilson.3129@example.com,Germany,2023-11-29,Repeat,2768.51
CUST-03130,Neha Patel,neha.patel.3130@example.com,United Kingdom,2025-08-17,High-Value,22965.19
CUST-03131,Rohan Garcia,rohan.garcia.3131@example.com,India,2023-07-25,Repeat,6848.65
CUST-03132,Aarav Mehta,aarav.mehta.3132@example.com,Canada,2024-06-17,Repeat,2387.99
CUST-03133,Olivia Gupta,olivia.gupta.3133@example.com,United Arab Emirates,2018-11-02,One-Time,247.35
CUST-03134,Aarav Kumar,aarav.kumar.3134@example.com,United States,2020-07-14,Repeat,5383.17
CUST-03135,Vikram Sharma,vikram.sharma.3135@example.com,Australia,2022-06-05,High-Value,20840.16
CUST-03136,Aarav Kumar,aarav.kumar.3136@example.com,India,2023-09-17,Repeat,5182.77
CUST-03137,Ishaan Garcia,ishaan.garcia.3137@example.com,Australia,2025-09-03,Repeat,1328.84
CUST-03138,Aditi Wilson,aditi.wilson.3138@example.com,United Kingdom,2021-12-18,One-Time,960.06
CUST-03139,Vikram Mehta,vikram.mehta.3139@example.com,Canada,2024-10-22,High-Value,10302.92
CUST-03140,Arjun Brown,arjun.brown.3140@example.com,Canada,2024-03-19,Repeat,1232.48
CUST-03141,Noah Singh,noah.singh.3141@example.com,United States,2018-11-13,Repeat,6754.56
CUST-03142,Kavya Reddy,kavya.reddy.3142@example.com,Germany,2020-01-06,Repeat,6022.22
CUST-03143,Diya Miller,diya.miller.3143@example.com,Germany,2021-07-18,Repeat,7363.75
CUST-03144,Kavya Garcia,kavya.garcia.3144@example.com,United Kingdom,2021-06-24,Repeat,7159.43
CUST-03145,Aditi Sharma,aditi.sharma.3145@example.com,Canada,2024-10-09,One-Time,47.68
CUST-03146,Liam Mehta,liam.mehta.3146@example.com,United Kingdom,2020-10-21,One-Time,1162.87
CUST-03147,Neha Brown,neha.brown.3147@example.com,United Kingdom,2022-01-06,Repeat,4796.92
CUST-03148,Meera Patel,meera.patel.3148@example.com,Australia,2023-05-06,One-Time,1153.95
CUST-03149,Aditi Brown,aditi.brown.3149@example.com,United Arab Emirates,2020-08-27,Repeat,7028.55
CUST-03150,Vikram Patel,vikram.patel.3150@example.com,United Arab Emirates,2025-01-01,One-Time,918.12
CUST-03151,Aarav Singh,aarav.singh.3151@example.com,India,2024-11-02,Repeat,4305.77
CUST-03152,Rohan Brown,rohan.brown.3152@example.com,United States,2024-11-13,Inactive,244.82
CUST-03153,Kavya Brown,kavya.brown.3153@example.com,United Arab Emirates,2021-04-20,Repeat,4854.94
CUST-03154,Ishaan Gupta,ishaan.gupta.3154@example.com,India,2023-04-06,One-Time,904.23
CUST-03155,Aarav Nair,aarav.nair.3155@example.com,United Kingdom,2025-04-13,One-Time,213.79
CUST-03156,Neha Miller,neha.miller.3156@example.com,Canada,2023-05-17,One-Time,584.38
CUST-03157,Kavya Gupta,kavya.gupta.3157@example.com,Singapore,2018-04-10,Repeat,2294.30
CUST-03158,Sophia Miller,sophia.miller.3158@example.com,Australia,2021-10-25,One-Time,104.19
CUST-03159,Emma Nair,emma.nair.3159@example.com,India,2021-06-02,Repeat,2866.84
CUST-03160,Ishaan Patel,ishaan.patel.3160@example.com,Germany,2021-04-22,Repeat,5104.10
CUST-03161,Aarav Wilson,,Australia,2020-09-05,One-Time,1144.89
CUST-03162,Arjun Sharma,arjun.sharma.3162@example.com,India,2019-06-17,One-Time,1157.21
CUST-03163,Ishaan Nair,ishaan.nair.3163@example.com,Canada,2024-12-13,Repeat,1502.61
CUST-03164,Kavya Gupta,kavya.gupta.3164@example.com,Australia,2022-11-02,Inactive,345.24
CUST-03165,Neha Wilson,neha.wilson.3165@example.com,United Arab Emirates,2025-10-18,Repeat,3348.58
CUST-03166,Neha Wilson,neha.wilson.3166@example.com,Canada,2019-06-27,One-Time,740.70
CUST-03167,Diya Mehta,diya.mehta.3167@example.com,Australia,2025-06-18,Repeat,4403.24
CUST-03168,Kavya Garcia,kavya.garcia.3168@example.com,Germany,2024-04-05,Inactive,0.76
CUST-03169,Rohan Gupta,rohan.gupta.3169@example.com,Singapore,2023-07-13,Repeat,5063.81
CUST-03170,Noah Patel,noah.patel.3170@example.com,United Arab Emirates,2021-01-28,Repeat,6023.79
CUST-03171,Neha Patel,neha.patel.3171@example.com,United Arab Emirates,2023-05-08,One-Time,573.59
CUST-03172,Aarav Patel,aarav.patel.3172@example.com,India,2020-05-22,Inactive,292.88
CUST-03173,Arjun Kumar,arjun.kumar.3173@example.com,Germany,2019-11-02,One-Time,813.37
CUST-03174,Diya Garcia,diya.garcia.3174@example.com,United Arab Emirates,2019-12-04,Repeat,2605.09
CUST-03175,Neha Nair,neha.nair.3175@example.com,Singapore,2019-12-25,One-Time,1151.01
CUST-03176,Aditi Patel,aditi.patel.3176@example.com,Canada,2023-10-17,High-Value,16467.41
CUST-03177,Arjun Mehta,arjun.mehta.3177@example.com,India,2019-03-30,One-Time,431.45
CUST-03178,Ishaan Wilson,ishaan.wilson.3178@example.com,United Arab Emirates,2024-07-24,One-Time,544.55
CUST-03179,Kavya Brown,kavya.brown.3179@example.com,United Kingdom,2018-03-16,One-Time,572.60
CUST-03180,Meera Gupta,meera.gupta.3180@example.com,United Arab Emirates,2021-11-20,One-Time,797.72
CUST-03181,Kavya Miller,kavya.miller.3181@example.com,Singapore,2019-02-22,Inactive,290.71
CUST-03182,Noah Mehta,noah.mehta.3182@example.com,Australia,2022-12-14,Repeat,2164.03
CUST-03183,Emma Singh,emma.singh.3183@example.com,United Kingdom,2019-11-07,Repeat,2282.08
CUST-03184,Meera Mehta,meera.mehta.3184@example.com,United States,2019-03-26,Repeat,3089.52
CUST-03185,Aarav Wilson,aarav.wilson.3185@example.com,Australia,2023-11-23,One-Time,866.27
CUST-03186,Neha Brown,neha.brown.3186@example.com,United States,2020-12-06,Repeat,4106.73
CUST-03187,Vikram Patel,vikram.patel.3187@example.com,United Arab Emirates,2021-12-31,Repeat,4963.94
CUST-03188,Vikram Singh,vikram.singh.3188@example.com,Singapore,2023-07-08,High-Value,20504.21
CUST-03189,Rohan Patel,rohan.patel.3189@example.com,India,2025-08-19,Repeat,3249.52
CUST-03190,Aditi Reddy,aditi.reddy.3190@example.com,India,2025-07-05,Repeat,7210.49
CUST-03191,Aarav Nair,aarav.nair.3191@example.com,Australia,2023-05-01,High-Value,10271.37
CUST-03192,Olivia Gupta,olivia.gupta.3192@example.com,United Kingdom,2018-05-07,One-Time,919.87
CUST-03193,Neha Sharma,neha.sharma.3193@example.com,Australia,2025-10-06,One-Time,636.67
CUST-03194,Kavya Nair,kavya.nair.3194@example.com,United Arab Emirates,2021-08-18,Repeat,2532.33
CUST-03195,Arjun Garcia,arjun.garcia.3195@example.com,Germany,2021-11-07,High-Value,18262.04
CUST-03196,Kavya Garcia,kavya.garcia.3196@example.com,United Arab Emirates,2020-01-27,One-Time,708.45
CUST-03197,Neha Mehta,neha.mehta.3197@example.com,United Kingdom,2018-02-15,One-Time,220.28
CUST-03198,Noah Kumar,noah.kumar.3198@example.com,Singapore,2018-10-13,One-Time,1069.43
CUST-03199,Olivia Brown,olivia.brown.3199@example.com,Singapore,2021-04-25,One-Time,813.15
CUST-03200,Ishaan Brown,ishaan.brown.3200@example.com,India,2024-08-17,High-Value,10834.71
CUST-03201,Meera Patel,meera.patel.3201@example.com,Singapore,2025-10-05,Repeat,5207.51
CUST-03202,Neha Mehta,neha.mehta.3202@example.com,United Arab Emirates,2019-02-08,Repeat,4733.83
CUST-03203,Aarav Kumar,aarav.kumar.3203@example.com,Germany,2025-11-23,Repeat,5774.34
CUST-03204,Vikram Wilson,vikram.wilson.3204@example.com,United Arab Emirates,2022-08-19,One-Time,273.50
CUST-03205,Diya Brown,diya.brown.3205@example.com,Singapore,2019-12-05,Repeat,4944.56
CUST-03206,Noah Gupta,noah.gupta.3206@example.com,India,2019-04-29,Repeat,6369.29
CUST-03207,Olivia Garcia,olivia.garcia.3207@example.com,Germany,2020-08-31,Repeat,2488.47
CUST-03208,Kavya Garcia,kavya.garcia.3208@example.com,Canada,2020-06-02,One-Time,562.93
CUST-03209,Liam Miller,liam.miller.3209@example.com,India,2020-04-15,One-Time,22.50
CUST-03210,Sophia Gupta,sophia.gupta.3210@example.com,Germany,2018-09-15,One-Time,193.09
CUST-03211,Emma Wilson,emma.wilson.3211@example.com,Germany,2025-05-20,Repeat,3271.83
CUST-03212,Sophia Sharma,sophia.sharma.3212@example.com,United States,2021-06-05,Inactive,156.94
CUST-03213,Arjun Sharma,arjun.sharma.3213@example.com,Australia,2025-09-10,Inactive,261.75
CUST-03214,Arjun Patel,arjun.patel.3214@example.com,Canada,2018-11-02,Repeat,1498.31
CUST-03215,Neha Nair,neha.nair.3215@example.com,Singapore,2022-10-18,Repeat,6498.27
CUST-03216,Vikram Garcia,vikram.garcia.3216@example.com,United Kingdom,2023-04-14,One-Time,288.24
CUST-03217,Ishaan Mehta,ishaan.mehta.3217@example.com,Canada,2018-03-30,Inactive,281.10
CUST-03218,Sophia Gupta,sophia.gupta.3218@example.com,United States,2019-10-08,Repeat,3479.07
CUST-03219,Noah Garcia,noah.garcia.3219@example.com,India,2018-02-16,Inactive,8.94
CUST-03220,Kavya Gupta,kavya.gupta.3220@example.com,Singapore,2025-05-11,Repeat,1896.18
CUST-03221,Neha Gupta,neha.gupta.3221@example.com,Singapore,2018-01-21,One-Time,229.40
CUST-03222,Noah Kumar,noah.kumar.3222@example.com,United States,2021-01-28,One-Time,1063.87
CUST-03223,Kavya Brown,kavya.brown.3223@example.com,Canada,2025-07-20,Repeat,6943.67
CUST-03224,Sophia Sharma,sophia.sharma.3224@example.com,United Kingdom,2018-10-31,High-Value,20140.73
CUST-03225,Meera Gupta,meera.gupta.3225@example.com,Singapore,2018-04-06,Inactive,223.17
CUST-03226,Arjun Mehta,arjun.mehta.3226@example.com,India,2018-08-18,Inactive,293.15
CUST-03227,Neha Patel,neha.patel.3227@example.com,Germany,2018-05-24,Inactive,165.79
CUST-03228,Rohan Patel,rohan.patel.3228@example.com,United States,2025-03-26,Inactive,392.23
CUST-03229,Neha Kumar,neha.kumar.3229@example.com,Canada,2023-05-04,Repeat,6307.03
CUST-03230,Aarav Miller,aarav.miller.3230@example.com,United Kingdom,2025-03-29,Repeat,3694.78
CUST-03231,Aarav Sharma,aarav.sharma.3231@example.com,India,2021-06-21,High-Value,20719.07
CUST-03232,Olivia Garcia,olivia.garcia.3232@example.com,India,2023-12-13,High-Value,5952.27
CUST-03233,Liam Brown,liam.brown.3233@example.com,Germany,2018-06-23,Repeat,3646.51
CUST-03234,Liam Garcia,liam.garcia.3234@example.com,Singapore,2020-04-07,One-Time,964.56
CUST-03235,Neha Brown,neha.brown.3235@example.com,India,2018-10-20,High-Value,12708.19
CUST-03236,Olivia Sharma,olivia.sharma.3236@example.com,Singapore,2023-12-23,Repeat,4549.07
CUST-03237,Ishaan Kumar,ishaan.kumar.3237@example.com,India,2019-04-24,One-Time,89.87
CUST-03238,Liam Wilson,liam.wilson.3238@example.com,Canada,2018-10-20,Repeat,1117.17
CUST-03239,Emma Singh,emma.singh.3239@example.com,United States,2021-02-02,One-Time,906.04
CUST-03240,Aditi Wilson,aditi.wilson.3240@example.com,United States,2024-06-18,One-Time,429.67
CUST-03241,Kavya Gupta,kavya.gupta.3241@example.com,India,2019-08-24,One-Time,335.55
CUST-03242,Liam Brown,liam.brown.3242@example.com,Singapore,2021-09-20,Inactive,397.65
CUST-03243,Olivia Singh,olivia.singh.3243@example.com,United Arab Emirates,2018-08-28,Inactive,287.24
CUST-03244,Noah Miller,noah.miller.3244@example.com,Canada,2021-03-07,Repeat,7359.70
CUST-03245,Noah Kumar,noah.kumar.3245@example.com,Singapore,2020-01-15,Repeat,1049.89
CUST-03246,Rohan Garcia,,United Kingdom,2020-09-23,Repeat,4864.65
CUST-03247,Neha Patel,neha.patel.3247@example.com,United Kingdom,2018-10-07,One-Time,944.80
CUST-03248,Ishaan Nair,ishaan.nair.3248@example.com,India,2020-09-08,Inactive,173.60
CUST-03249,Liam Nair,liam.nair.3249@example.com,Canada,2022-09-30,Inactive,286.48
CUST-03250,Vikram Sharma,vikram.sharma.3250@example.com,Singapore,2020-10-29,One-Time,548.72
CUST-03251,Aarav Wilson,aarav.wilson.3251@example.com,India,2018-01-04,High-Value,14390.33
CUST-03252,Arjun Gupta,arjun.gupta.3252@example.com,United Kingdom,2022-07-02,Repeat,1489.14
CUST-03253,Meera Patel,meera.patel.3253@example.com,Germany,2021-07-04,Repeat,1161.17
CUST-03254,Noah Sharma,,United Arab Emirates,2023-09-15,High-Value,8391.56
CUST-03255,Arjun Mehta,arjun.mehta.3255@example.com,Australia,2024-01-27,Repeat,6515.12
CUST-03256,Vikram Miller,vikram.miller.3256@example.com,United Arab Emirates,2021-06-24,Repeat,2692.22
CUST-03257,Neha Brown,neha.brown.3257@example.com,United Arab Emirates,2020-09-19,Repeat,5475.95
CUST-03258,Neha Kumar,neha.kumar.3258@example.com,United States,2020-09-28,One-Time,1173.75
CUST-03259,Diya Singh,diya.singh.3259@example.com,United Kingdom,2024-01-15,One-Time,467.26
CUST-03260,Aarav Gupta,aarav.gupta.3260@example.com,Singapore,2023-06-14,One-Time,814.63
CUST-03261,Vikram Garcia,vikram.garcia.3261@example.com,Canada,2022-11-08,Repeat,2032.36
CUST-03262,Liam Garcia,liam.garcia.3262@example.com,United Kingdom,2020-12-06,Repeat,4189.26
CUST-03263,Aarav Brown,aarav.brown.3263@example.com,Canada,2025-08-24,One-Time,225.65
CUST-03264,Noah Wilson,noah.wilson.3264@example.com,India,2021-08-02,Repeat,817.10
CUST-03265,Vikram Kumar,vikram.kumar.3265@example.com,India,2021-06-13,One-Time,758.81
CUST-03266,Meera Sharma,meera.sharma.3266@example.com,Australia,2023-09-01,Inactive,303.00
CUST-03267,Aarav Miller,aarav.miller.3267@example.com,Canada,2020-09-13,High-Value,8442.75
CUST-03268,Meera Wilson,meera.wilson.3268@example.com,Singapore,2024-12-05,Inactive,72.84
CUST-03269,Rohan Patel,rohan.patel.3269@example.com,India,2018-02-04,One-Time,971.60
CUST-03270,Vikram Sharma,vikram.sharma.3270@example.com,Singapore,2023-10-14,Repeat,5138.60
CUST-03271,Kavya Wilson,kavya.wilson.3271@example.com,Canada,2018-04-26,High-Value,12962.01
CUST-03272,Olivia Kumar,olivia.kumar.3272@example.com,United Arab Emirates,2018-06-13,One-Time,539.71
CUST-03273,Liam Mehta,liam.mehta.3273@example.com,Germany,2021-01-09,One-Time,852.75
CUST-03274,Emma Miller,emma.miller.3274@example.com,United States,2023-10-12,Repeat,4388.10
CUST-03275,Neha Nair,neha.nair.3275@example.com,India,2018-07-19,One-Time,839.15
CUST-03276,Noah Nair,noah.nair.3276@example.com,India,2024-08-18,One-Time,805.04
CUST-03277,Sophia Singh,sophia.singh.3277@example.com,India,2021-01-04,One-Time,490.91
CUST-03278,Vikram Singh,vikram.singh.3278@example.com,Australia,2024-05-13,Inactive,104.93
CUST-03279,Vikram Miller,vikram.miller.3279@example.com,United States,2018-10-19,One-Time,1087.56
CUST-03280,Neha Sharma,neha.sharma.3280@example.com,Germany,2024-06-28,Repeat,1250.72
CUST-03281,Olivia Sharma,olivia.sharma.3281@example.com,United Kingdom,2020-07-24,One-Time,438.91
CUST-03282,Ishaan Patel,ishaan.patel.3282@example.com,United Arab Emirates,2025-07-01,Inactive,49.78
CUST-03283,Emma Sharma,emma.sharma.3283@example.com,United States,2021-04-28,Inactive,446.26
CUST-03284,Diya Mehta,diya.mehta.3284@example.com,Australia,2024-06-20,High-Value,8205.79
CUST-03285,Ishaan Mehta,ishaan.mehta.3285@example.com,Singapore,2021-12-24,One-Time,457.65
CUST-03286,Aditi Patel,aditi.patel.3286@example.com,United Kingdom,2018-02-16,One-Time,1031.03
CUST-03287,Neha Singh,neha.singh.3287@example.com,Canada,2018-12-29,One-Time,605.14
CUST-03288,Kavya Patel,kavya.patel.3288@example.com,Germany,2018-06-16,One-Time,130.41
CUST-03289,Liam Mehta,liam.mehta.3289@example.com,United Arab Emirates,2024-10-21,Repeat,6877.70
CUST-03290,Diya Kumar,diya.kumar.3290@example.com,Canada,2023-02-12,One-Time,325.41
CUST-03291,Rohan Patel,rohan.patel.3291@example.com,United States,2020-05-12,Inactive,309.26
CUST-03292,Aarav Reddy,aarav.reddy.3292@example.com,United Arab Emirates,2023-12-27,Repeat,7322.63
CUST-03293,Meera Singh,meera.singh.3293@example.com,United Arab Emirates,2024-12-07,Repeat,3417.88
CUST-03294,Ishaan Gupta,ishaan.gupta.3294@example.com,Germany,2019-05-02,One-Time,594.10
CUST-03295,Diya Miller,diya.miller.3295@example.com,United States,2020-06-12,One-Time,575.33
CUST-03296,Kavya Mehta,kavya.mehta.3296@example.com,India,2024-03-01,Inactive,360.37
CUST-03297,Noah Miller,noah.miller.3297@example.com,United Arab Emirates,2018-07-04,Repeat,4605.56
CUST-03298,Liam Sharma,liam.sharma.3298@example.com,Singapore,2020-09-20,Repeat,1549.00
CUST-03299,Noah Mehta,noah.mehta.3299@example.com,United States,2022-07-24,One-Time,210.17
CUST-03300,Vikram Brown,vikram.brown.3300@example.com,United States,2018-12-15,Repeat,1945.06
CUST-03301,Neha Wilson,neha.wilson.3301@example.com,Australia,2019-09-19,High-Value,21791.99
CUST-03302,Meera Singh,meera.singh.3302@example.com,United Kingdom,2023-10-18,Repeat,1847.50
CUST-03303,Aarav Nair,aarav.nair.3303@example.com,Canada,2024-10-13,Inactive,449.79
CUST-03304,Noah Reddy,noah.reddy.3304@example.com,Canada,2021-03-06,One-Time,696.03
CUST-03305,Neha Garcia,neha.garcia.3305@example.com,United Kingdom,2020-12-27,Repeat,1889.60
CUST-03306,Neha Garcia,neha.garcia.3306@example.com,India,2019-09-11,One-Time,774.85
CUST-03307,Sophia Kumar,sophia.kumar.3307@example.com,Australia,2022-09-03,High-Value,7800.55
CUST-03308,Arjun Brown,arjun.brown.3308@example.com,Australia,2023-11-19,Inactive,452.53
CUST-03309,Neha Garcia,neha.garcia.3309@example.com,United States,2021-02-22,Repeat,3768.79
CUST-03310,Emma Singh,emma.singh.3310@example.com,Australia,2018-06-12,One-Time,908.36
CUST-03311,Aditi Reddy,aditi.reddy.3311@example.com,United Arab Emirates,2025-10-24,One-Time,590.13
CUST-03312,Olivia Brown,olivia.brown.3312@example.com,Australia,2019-05-31,Repeat,1863.67
CUST-03313,Kavya Garcia,kavya.garcia.3313@example.com,Australia,2018-09-19,Inactive,434.09
CUST-03314,Ishaan Kumar,ishaan.kumar.3314@example.com,United States,2022-09-14,One-Time,573.71
CUST-03315,Neha Sharma,neha.sharma.3315@example.com,Australia,2021-10-12,One-Time,230.13
CUST-03316,Noah Miller,noah.miller.3316@example.com,United Arab Emirates,2025-06-29,One-Time,438.25
CUST-03317,Aarav Kumar,aarav.kumar.3317@example.com,Germany,2025-09-01,High-Value,6508.84
CUST-03318,Ishaan Reddy,ishaan.reddy.3318@example.com,United States,2021-04-14,Repeat,7125.43
CUST-03319,Aditi Miller,aditi.miller.3319@example.com,India,2019-01-19,Inactive,255.70
CUST-03320,Ishaan Gupta,ishaan.gupta.3320@example.com,Australia,2019-04-15,Repeat,6044.11
CUST-03321,Olivia Garcia,olivia.garcia.3321@example.com,Canada,2019-09-12,One-Time,521.55
CUST-03322,Meera Gupta,meera.gupta.3322@example.com,Canada,2024-01-26,Repeat,1443.64
CUST-03323,Arjun Kumar,arjun.kumar.3323@example.com,India,2024-06-28,One-Time,1030.56
CUST-03324,Meera Singh,meera.singh.3324@example.com,United States,2019-08-12,One-Time,1193.00
CUST-03325,Meera Mehta,meera.mehta.3325@example.com,India,2019-05-11,One-Time,1077.27
CUST-03326,Diya Patel,diya.patel.3326@example.com,Singapore,2019-07-27,One-Time,1159.19
CUST-03327,Neha Reddy,neha.reddy.3327@example.com,United Kingdom,2022-02-19,One-Time,872.72
CUST-03328,Aarav Mehta,aarav.mehta.3328@example.com,United Kingdom,2020-11-26,One-Time,232.98
CUST-03329,Noah Brown,noah.brown.3329@example.com,United Arab Emirates,2022-07-02,High-Value,23447.60
CUST-03330,Olivia Singh,olivia.singh.3330@example.com,Singapore,2024-11-07,One-Time,802.96
CUST-03331,Diya Wilson,diya.wilson.3331@example.com,Canada,2019-04-13,One-Time,92.65
CUST-03332,Neha Brown,neha.brown.3332@example.com,Australia,2025-11-22,Repeat,3470.56
CUST-03333,Vikram Wilson,vikram.wilson.3333@example.com,Australia,2024-12-08,One-Time,1113.62
CUST-03334,Sophia Brown,sophia.brown.3334@example.com,Canada,2020-10-27,High-Value,24178.13
CUST-03335,Arjun Nair,arjun.nair.3335@example.com,Germany,2019-07-28,High-Value,17062.05
CUST-03336,Arjun Sharma,arjun.sharma.3336@example.com,United Arab Emirates,2021-04-24,High-Value,11866.03
CUST-03337,Aarav Sharma,aarav.sharma.3337@example.com,United States,2018-07-01,Repeat,3700.53
CUST-03338,Aarav Kumar,aarav.kumar.3338@example.com,United Arab Emirates,2021-04-01,Repeat,6350.54
CUST-03339,Kavya Kumar,kavya.kumar.3339@example.com,United Kingdom,2025-06-09,Repeat,5879.55
CUST-03340,Meera Garcia,meera.garcia.3340@example.com,Australia,2019-10-03,Repeat,1854.38
CUST-03341,Liam Sharma,liam.sharma.3341@example.com,United Kingdom,2022-03-10,Repeat,4362.58
CUST-03342,Ishaan Gupta,ishaan.gupta.3342@example.com,Australia,2018-06-24,One-Time,1057.11
CUST-03343,Sophia Singh,,India,2023-04-27,One-Time,1142.58
CUST-03344,Sophia Nair,sophia.nair.3344@example.com,Singapore,2022-11-13,Inactive,462.96
CUST-03345,Aarav Singh,aarav.singh.3345@example.com,India,2021-02-15,High-Value,21392.88
CUST-03346,Olivia Sharma,olivia.sharma.3346@example.com,United Arab Emirates,2023-06-29,Inactive,236.80
CUST-03347,Rohan Reddy,rohan.reddy.3347@example.com,United Arab Emirates,2025-05-09,One-Time,759.42
CUST-03348,Sophia Nair,sophia.nair.3348@example.com,United Arab Emirates,2023-07-24,Repeat,6961.28
CUST-03349,Sophia Miller,sophia.miller.3349@example.com,United States,2023-02-24,One-Time,555.76
CUST-03350,Meera Reddy,meera.reddy.3350@example.com,United Kingdom,2024-05-27,Inactive,145.86
CUST-03351,Neha Gupta,neha.gupta.3351@example.com,United Arab Emirates,2019-09-13,Repeat,5559.54
CUST-03352,Ishaan Garcia,ishaan.garcia.3352@example.com,Singapore,2018-05-11,High-Value,23368.51
CUST-03353,Sophia Nair,sophia.nair.3353@example.com,Germany,2021-05-01,Inactive,151.01
CUST-03354,Noah Reddy,noah.reddy.3354@example.com,Singapore,2020-05-29,One-Time,1062.37
CUST-03355,Aarav Gupta,aarav.gupta.3355@example.com,United States,2019-04-20,High-Value,6107.71
CUST-03356,Liam Gupta,liam.gupta.3356@example.com,Germany,2024-09-27,One-Time,148.87
CUST-03357,Ishaan Patel,ishaan.patel.3357@example.com,Canada,2024-10-03,High-Value,14973.78
CUST-03358,Emma Brown,emma.brown.3358@example.com,Germany,2023-05-05,One-Time,190.33
CUST-03359,Neha Brown,neha.brown.3359@example.com,United Kingdom,2020-07-18,Repeat,3548.69
CUST-03360,Arjun Kumar,arjun.kumar.3360@example.com,Germany,2021-09-29,Inactive,106.71
CUST-03361,Aarav Brown,aarav.brown.3361@example.com,Singapore,2019-05-19,One-Time,653.15
CUST-03362,Kavya Singh,kavya.singh.3362@example.com,Germany,2019-03-10,Repeat,4548.99
CUST-03363,Diya Reddy,diya.reddy.8550@example.com,United Arab Emirates,2018-04-04,Repeat,3640.69
CUST-03363,Rohan Patel,rohan.patel.3363@example.com,Singapore,2022-08-16,Inactive,84.73
CUST-03364,Sophia Garcia,sophia.garcia.3364@example.com,United Kingdom,2025-04-30,High-Value,19347.87
CUST-03365,Emma Patel,emma.patel.3365@example.com,United Kingdom,2019-07-31,One-Time,488.59
CUST-03366,Olivia Miller,olivia.miller.3366@example.com,United States,2018-05-18,One-Time,48.11
CUST-03367,Liam Wilson,liam.wilson.3367@example.com,United Kingdom,2019-10-15,One-Time,249.86
CUST-03368,Aditi Wilson,aditi.wilson.3368@example.com,Canada,2022-07-05,Repeat,6522.86
CUST-03369,Aditi Singh,aditi.singh.3369@example.com,Canada,2020-07-02,Repeat,2265.95
CUST-03370,Vikram Brown,vikram.brown.3370@example.com,United Kingdom,2022-07-21,Repeat,2440.25
CUST-03371,Arjun Wilson,arjun.wilson.3371@example.com,United States,2021-05-10,One-Time,97.60
CUST-03372,Aarav Brown,aarav.brown.3372@example.com,Australia,2020-04-18,Inactive,21.99
CUST-03373,Diya Nair,diya.nair.3373@example.com,United Arab Emirates,2025-08-04,One-Time,244.27
CUST-03374,Ishaan Brown,ishaan.brown.3374@example.com,Canada,2022-11-17,Inactive,405.19
CUST-03375,Neha Singh,neha.singh.3375@example.com,Canada,2020-12-29,Repeat,4040.38
CUST-03376,Ishaan Reddy,ishaan.reddy.3376@example.com,Canada,2023-06-30,Repeat,2760.90
CUST-03377,Meera Brown,meera.brown.3377@example.com,United States,2019-03-23,Repeat,4693.23
CUST-03378,Diya Miller,diya.miller.3378@example.com,India,2023-11-24,One-Time,33.28
CUST-03379,Vikram Gupta,vikram.gupta.3379@example.com,United Kingdom,2018-12-12,One-Time,342.36
CUST-03380,Rohan Wilson,rohan.wilson.3380@example.com,Australia,2023-03-29,Inactive,50.02
CUST-03381,Rohan Wilson,rohan.wilson.3381@example.com,United Arab Emirates,2021-04-26,Repeat,3413.89
CUST-03382,Aarav Nair,aarav.nair.3382@example.com,United Arab Emirates,2018-05-22,Repeat,3811.67
CUST-03383,Liam Reddy,liam.reddy.3383@example.com,United Kingdom,2024-02-22,High-Value,20422.40
CUST-03384,Aarav Nair,aarav.nair.3384@example.com,Singapore,2020-09-14,One-Time,183.98
CUST-03385,Noah Garcia,noah.garcia.3385@example.com,United States,2018-02-17,Repeat,4735.37
CUST-03386,Kavya Mehta,kavya.mehta.3386@example.com,United States,2023-11-15,Inactive,120.56
CUST-03387,Meera Sharma,meera.sharma.3387@example.com,India,2025-06-21,High-Value,6869.20
CUST-03388,Kavya Reddy,kavya.reddy.3388@example.com,United Kingdom,2024-06-17,Repeat,4012.13
CUST-03389,Ishaan Gupta,ishaan.gupta.3389@example.com,Australia,2020-03-02,One-Time,1099.20
CUST-03390,Liam Miller,liam.miller.3390@example.com,Germany,2024-06-29,One-Time,756.54
CUST-03391,Kavya Garcia,kavya.garcia.3391@example.com,India,2020-01-05,One-Time,791.62
CUST-03392,Sophia Wilson,sophia.wilson.3392@example.com,United Kingdom,2021-11-05,Repeat,3876.89
CUST-03393,Kavya Singh,kavya.singh.3393@example.com,United States,2021-04-16,Repeat,1401.70
CUST-03394,Rohan Gupta,rohan.gupta.3394@example.com,Singapore,2022-04-07,High-Value,13511.15
CUST-03395,Kavya Miller,kavya.miller.3395@example.com,India,2025-12-31,One-Time,1120.11
CUST-03396,Arjun Miller,arjun.miller.3396@example.com,Germany,2021-06-18,Repeat,1989.32
CUST-03397,Noah Nair,noah.nair.3397@example.com,United States,2018-03-07,High-Value,8728.74
CUST-03398,Meera Kumar,meera.kumar.3398@example.com,Singapore,2019-01-27,One-Time,332.84
CUST-03399,Arjun Garcia,arjun.garcia.3399@example.com,Germany,2020-07-28,One-Time,226.75
CUST-03400,Meera Wilson,meera.wilson.3400@example.com,United Kingdom,2019-02-14,One-Time,1134.53
CUST-03401,Arjun Singh,arjun.singh.3401@example.com,United Arab Emirates,2019-12-11,One-Time,988.95
CUST-03402,Sophia Garcia,sophia.garcia.3402@example.com,United Kingdom,2018-06-02,One-Time,923.51
CUST-03403,Emma Patel,emma.patel.3403@example.com,India,2021-10-24,One-Time,106.48
CUST-03404,Neha Patel,neha.patel.3404@example.com,Germany,2019-09-14,Repeat,2339.77
CUST-03405,Vikram Garcia,vikram.garcia.3405@example.com,United Arab Emirates,2021-12-25,Inactive,471.45
CUST-03406,Liam Singh,liam.singh.3406@example.com,Singapore,2022-07-25,Repeat,3469.41
CUST-03407,Aditi Reddy,aditi.reddy.3407@example.com,Canada,2020-12-10,Repeat,2911.80
CUST-03408,Vikram Sharma,vikram.sharma.3408@example.com,India,2020-03-13,Repeat,3929.80
CUST-03409,Diya Reddy,diya.reddy.3409@example.com,United States,2023-03-13,High-Value,18939.04
CUST-03410,Arjun Brown,arjun.brown.3410@example.com,United Arab Emirates,2025-12-03,High-Value,21748.90
CUST-03411,Sophia Reddy,sophia.reddy.3411@example.com,United States,2025-09-02,Repeat,4328.09
CUST-03412,Diya Kumar,diya.kumar.3412@example.com,Singapore,2020-08-23,Repeat,2221.47
CUST-03413,Diya Brown,diya.brown.3413@example.com,Singapore,2018-06-03,High-Value,12649.38
CUST-03414,Vikram Mehta,vikram.mehta.3414@example.com,Australia,2019-04-29,Repeat,6603.70
CUST-03415,Liam Kumar,liam.kumar.3415@example.com,United Arab Emirates,2024-01-11,One-Time,847.20
CUST-03416,Diya Mehta,diya.mehta.3416@example.com,United Kingdom,2020-02-05,Inactive,36.73
CUST-03417,Aditi Patel,aditi.patel.3417@example.com,Canada,2022-03-14,One-Time,114.24
CUST-03418,Meera Wilson,meera.wilson.3418@example.com,India,2020-03-11,Repeat,5971.52
CUST-03419,Vikram Reddy,vikram.reddy.3419@example.com,United Kingdom,2022-03-25,High-Value,20936.98
CUST-03420,Ishaan Miller,ishaan.miller.3420@example.com,India,2024-04-24,One-Time,1007.98
CUST-03421,Liam Kumar,liam.kumar.3421@example.com,Germany,2022-12-08,Inactive,472.28
CUST-03422,Noah Kumar,noah.kumar.3422@example.com,United Arab Emirates,2024-09-17,Inactive,45.79
CUST-03423,Aarav Wilson,aarav.wilson.3423@example.com,Singapore,2024-10-17,Repeat,3706.59
CUST-03424,Neha Mehta,neha.mehta.3424@example.com,Australia,2021-08-25,Inactive,73.46
CUST-03425,Liam Singh,liam.singh.3425@example.com,Australia,2025-10-14,One-Time,728.33
CUST-03426,Olivia Miller,olivia.miller.3426@example.com,Singapore,2024-11-25,Repeat,5157.89
CUST-03427,Kavya Patel,kavya.patel.3427@example.com,United Kingdom,2019-04-08,High-Value,14002.14
CUST-03428,Liam Patel,liam.patel.3428@example.com,Australia,2019-10-04,Repeat,1173.75
CUST-03429,Sophia Garcia,sophia.garcia.3429@example.com,United Arab Emirates,2018-03-25,Repeat,5298.22
CUST-03430,Meera Mehta,meera.mehta.3430@example.com,Canada,2025-01-08,Repeat,6228.67
CUST-03431,Vikram Patel,vikram.patel.3431@example.com,India,2019-04-21,One-Time,345.95
CUST-03432,Neha Patel,neha.patel.3432@example.com,Singapore,2022-02-04,One-Time,893.78
CUST-03433,Olivia Sharma,olivia.sharma.3433@example.com,Germany,2024-07-15,One-Time,49.51
CUST-03434,Rohan Singh,rohan.singh.3434@example.com,Singapore,2020-03-14,Repeat,6357.46
CUST-03435,Meera Wilson,meera.wilson.3435@example.com,United States,2020-08-18,Repeat,4107.14
CUST-03436,Aarav Mehta,aarav.mehta.3436@example.com,United Arab Emirates,2025-08-18,Repeat,5070.39
CUST-03437,Ishaan Singh,ishaan.singh.3437@example.com,United Kingdom,2025-11-20,Repeat,3754.09
CUST-03438,Ishaan Kumar,ishaan.kumar.3438@example.com,United Kingdom,2020-11-14,Inactive,470.34
CUST-03439,Meera Miller,meera.miller.3439@example.com,United Arab Emirates,2022-03-22,Repeat,3243.08
CUST-03440,Kavya Singh,kavya.singh.3440@example.com,United Arab Emirates,2019-05-10,Inactive,304.63
CUST-03441,Liam Gupta,liam.gupta.3441@example.com,Germany,2025-09-30,One-Time,572.56
CUST-03442,Diya Reddy,diya.reddy.3442@example.com,United Arab Emirates,2025-06-23,One-Time,1040.04
CUST-03443,Rohan Reddy,rohan.reddy.3443@example.com,Australia,2022-11-25,High-Value,7615.35
CUST-03444,Neha Mehta,neha.mehta.3444@example.com,United Kingdom,2018-02-03,One-Time,109.47
CUST-03445,Aarav Garcia,aarav.garcia.3445@example.com,United Arab Emirates,2024-08-05,Inactive,443.93
CUST-03446,Kavya Garcia,kavya.garcia.3446@example.com,United Arab Emirates,2019-03-20,Repeat,4300.74
CUST-03447,Vikram Mehta,vikram.mehta.3447@example.com,Canada,2019-02-15,Repeat,7188.30
CUST-03448,Ishaan Wilson,ishaan.wilson.3448@example.com,United States,2020-10-02,Repeat,2217.98
CUST-03449,Liam Brown,liam.brown.3449@example.com,Canada,2020-07-11,Repeat,3360.73
CUST-03450,Olivia Gupta,olivia.gupta.3450@example.com,United Arab Emirates,2024-12-11,Repeat,3598.50
CUST-03451,Aditi Wilson,aditi.wilson.3451@example.com,Singapore,2021-06-10,Repeat,1401.13
CUST-03452,Arjun Gupta,arjun.gupta.3452@example.com,United Kingdom,2023-07-25,One-Time,914.84
CUST-03453,Diya Sharma,diya.sharma.3453@example.com,United Kingdom,2022-04-07,One-Time,428.02
CUST-03454,Rohan Miller,rohan.miller.3454@example.com,Germany,2023-07-04,Repeat,6672.79
CUST-03455,Noah Reddy,noah.reddy.3455@example.com,Australia,2023-03-08,Inactive,151.81
CUST-03456,Arjun Patel,arjun.patel.3456@example.com,United Kingdom,2022-06-30,Repeat,1891.11
CUST-03457,Diya Patel,diya.patel.3457@example.com,Singapore,2019-11-01,Inactive,218.22
CUST-03458,Olivia Patel,olivia.patel.3458@example.com,United Arab Emirates,2019-07-10,Repeat,5027.65
CUST-03459,Ishaan Gupta,ishaan.gupta.3459@example.com,Australia,2021-11-20,One-Time,1026.65
CUST-03460,Olivia Kumar,olivia.kumar.3460@example.com,United Kingdom,2019-05-22,Repeat,6063.43
CUST-03461,Diya Garcia,diya.garcia.3461@example.com,United States,2022-09-22,Inactive,432.67
CUST-03462,Rohan Wilson,rohan.wilson.3462@example.com,United States,2020-09-09,Repeat,6359.98
CUST-03463,Aarav Mehta,aarav.mehta.3463@example.com,Germany,2020-08-06,Repeat,7040.66
CUST-03464,Aarav Miller,aarav.miller.3464@example.com,Canada,2019-02-25,Repeat,3884.31
CUST-03465,Vikram Gupta,vikram.gupta.3465@example.com,United Kingdom,2023-12-28,Inactive,476.39
CUST-03466,Liam Mehta,liam.mehta.3466@example.com,Canada,2023-01-06,Inactive,226.66
CUST-03467,Emma Reddy,emma.reddy.3467@example.com,United Kingdom,2019-11-29,One-Time,91.81
CUST-03468,Liam Garcia,liam.garcia.3468@example.com,United Kingdom,2023-02-21,One-Time,1171.39
CUST-03469,Ishaan Brown,ishaan.brown.3469@example.com,United States,2024-05-31,One-Time,311.10
CUST-03470,Kavya Patel,kavya.patel.3470@example.com,India,2018-06-16,One-Time,988.90
CUST-03471,Emma Reddy,emma.reddy.3471@example.com,India,2025-10-13,One-Time,564.58
CUST-03472,Neha Kumar,neha.kumar.3472@example.com,Australia,2019-10-09,High-Value,19617.46
CUST-03473,Noah Garcia,noah.garcia.3473@example.com,India,2020-05-30,Repeat,4669.64
CUST-03474,Noah Singh,noah.singh.3474@example.com,Germany,2024-09-17,Repeat,4497.61
CUST-03475,Liam Mehta,liam.mehta.3475@example.com,United States,2018-11-14,High-Value,18607.29
CUST-03476,Meera Garcia,meera.garcia.3476@example.com,Germany,2024-07-03,Repeat,2585.85
CUST-03477,Olivia Garcia,olivia.garcia.3477@example.com,United Arab Emirates,2023-09-23,Repeat,5942.62
CUST-03478,Aarav Wilson,aarav.wilson.3478@example.com,India,2018-11-13,Repeat,5693.65
CUST-03479,Diya Brown,diya.brown.3479@example.com,United Arab Emirates,2023-04-30,One-Time,669.63
CUST-03480,Neha Reddy,neha.reddy.3480@example.com,United States,2024-03-04,Repeat,3308.53
CUST-03481,Diya Miller,diya.miller.3481@example.com,United States,2018-08-05,One-Time,742.55
CUST-03482,Kavya Kumar,kavya.kumar.3482@example.com,India,2024-08-01,Repeat,5061.35
CUST-03483,Kavya Nair,kavya.nair.3483@example.com,United Arab Emirates,2021-06-13,Repeat,5855.92
CUST-03484,Diya Mehta,diya.mehta.3484@example.com,India,2023-12-03,One-Time,671.39
CUST-03485,Olivia Sharma,olivia.sharma.3485@example.com,Canada,2023-04-19,One-Time,630.33
CUST-03486,Aditi Kumar,aditi.kumar.3486@example.com,United Arab Emirates,2025-02-05,One-Time,488.32
CUST-03487,Noah Gupta,noah.gupta.3487@example.com,Germany,2022-08-28,High-Value,17828.86
CUST-03488,Meera Brown,meera.brown.3488@example.com,Germany,2025-10-16,Inactive,155.87
CUST-03489,Noah Garcia,noah.garcia.3489@example.com,United Kingdom,2018-12-17,Inactive,239.87
CUST-03490,Vikram Wilson,vikram.wilson.3490@example.com,Australia,2025-06-24,Repeat,4684.74
CUST-03491,Sophia Sharma,sophia.sharma.3491@example.com,Canada,2021-02-26,Repeat,7064.02
CUST-03492,Liam Wilson,liam.wilson.3492@example.com,Germany,2025-10-20,Inactive,123.62
CUST-03493,Liam Garcia,liam.garcia.3493@example.com,Germany,2018-05-05,Repeat,1040.30
CUST-03494,Meera Miller,meera.miller.3494@example.com,United States,2020-12-16,Repeat,7290.54
CUST-03495,Ishaan Gupta,ishaan.gupta.3495@example.com,India,2018-03-11,One-Time,668.98
CUST-03496,Sophia Wilson,sophia.wilson.3496@example.com,Singapore,2025-02-16,Repeat,5992.97
CUST-03497,Neha Mehta,neha.mehta.3497@example.com,United Arab Emirates,2022-07-26,High-Value,13194.93
CUST-03498,Kavya Singh,kavya.singh.3498@example.com,Singapore,2025-04-25,Repeat,5944.28
CUST-03499,Liam Patel,liam.patel.3499@example.com,Singapore,2021-08-12,Repeat,7004.67
CUST-03500,Arjun Singh,arjun.singh.3500@example.com,United Arab Emirates,2023-12-18,One-Time,29.96
CUST-03501,Sophia Garcia,sophia.garcia.3501@example.com,Singapore,2021-01-10,Repeat,7246.96
CUST-03502,Arjun Wilson,arjun.wilson.3502@example.com,Canada,2020-03-14,Repeat,2375.15
CUST-03503,Diya Brown,diya.brown.3503@example.com,Canada,2023-09-01,Repeat,4401.03
CUST-03504,Ishaan Wilson,ishaan.wilson.3504@example.com,Singapore,2020-10-12,Repeat,5072.46
CUST-03505,Meera Reddy,meera.reddy.3505@example.com,Germany,2025-11-16,One-Time,427.86
CUST-03506,Emma Miller,emma.miller.3506@example.com,United Kingdom,2019-10-09,Repeat,1920.38
CUST-03507,Aditi Miller,aditi.miller.3507@example.com,United States,2020-12-13,Repeat,5116.99
CUST-03508,Diya Kumar,diya.kumar.3508@example.com,Singapore,2022-03-30,Repeat,4898.79
CUST-03509,Rohan Reddy,rohan.reddy.3509@example.com,India,2021-10-31,High-Value,5890.80
CUST-03510,Rohan Brown,rohan.brown.3510@example.com,Canada,2019-06-18,Inactive,15.52
CUST-03511,Liam Mehta,liam.mehta.3511@example.com,United Arab Emirates,2020-02-01,Inactive,198.91
CUST-03512,Aditi Nair,aditi.nair.3512@example.com,United Kingdom,2024-04-18,One-Time,131.23
CUST-03513,Ishaan Mehta,ishaan.mehta.3513@example.com,United Kingdom,2021-09-20,One-Time,99.31
CUST-03514,Meera Singh,meera.singh.3514@example.com,Australia,2023-04-16,One-Time,678.11
CUST-03515,Meera Miller,meera.miller.3515@example.com,Singapore,2020-08-30,One-Time,330.50
CUST-03516,Sophia Gupta,sophia.gupta.3516@example.com,United Arab Emirates,2022-05-13,One-Time,293.33
CUST-03517,Aarav Mehta,aarav.mehta.3517@example.com,Canada,2022-05-19,Repeat,3825.43
CUST-03518,Ishaan Gupta,ishaan.gupta.3518@example.com,United Kingdom,2022-10-27,Inactive,285.16
CUST-03519,Vikram Nair,vikram.nair.3519@example.com,United States,2024-02-04,Repeat,3619.10
CUST-03520,Sophia Wilson,sophia.wilson.3520@example.com,Canada,2020-11-27,High-Value,9464.60
CUST-03521,Kavya Brown,kavya.brown.3521@example.com,United Arab Emirates,2018-07-06,One-Time,631.83
CUST-03522,Kavya Reddy,kavya.reddy.3522@example.com,United Kingdom,2020-03-09,One-Time,911.53
CUST-03523,Emma Gupta,emma.gupta.3523@example.com,Australia,2020-10-09,Repeat,4793.01
CUST-03524,Kavya Patel,kavya.patel.3524@example.com,India,2025-10-03,Repeat,6003.26
CUST-03525,Noah Nair,noah.nair.3525@example.com,India,2023-02-24,Repeat,1524.61
CUST-03526,Kavya Singh,kavya.singh.3526@example.com,Germany,2022-12-21,One-Time,1194.21
CUST-03527,Aarav Mehta,aarav.mehta.3527@example.com,India,2024-04-04,Repeat,1225.94
CUST-03528,Vikram Singh,vikram.singh.3528@example.com,United Kingdom,2024-12-20,Repeat,6345.71
CUST-03529,Kavya Kumar,kavya.kumar.3529@example.com,Singapore,2020-06-27,Repeat,2355.57
CUST-03530,Liam Reddy,liam.reddy.3530@example.com,Singapore,2019-11-16,Repeat,1818.76
CUST-03531,Neha Mehta,neha.mehta.3531@example.com,India,2024-12-04,Repeat,4634.63
CUST-03532,Neha Gupta,neha.gupta.3532@example.com,Australia,2022-04-06,High-Value,9834.46
CUST-03533,Vikram Garcia,vikram.garcia.3533@example.com,Australia,2019-01-22,Repeat,4337.03
CUST-03534,Vikram Patel,vikram.patel.3534@example.com,United Kingdom,2020-11-10,One-Time,713.04
CUST-03535,Emma Patel,emma.patel.3535@example.com,Germany,2019-07-31,Inactive,230.30
CUST-03536,Neha Garcia,neha.garcia.3536@example.com,United Kingdom,2024-04-24,One-Time,1096.87
CUST-03537,Aarav Mehta,aarav.mehta.3537@example.com,Singapore,2018-08-15,Repeat,3422.04
CUST-03538,Aditi Patel,aditi.patel.3538@example.com,Canada,2020-04-01,High-Value,6691.52
CUST-03539,Olivia Garcia,olivia.garcia.3539@example.com,Singapore,2022-06-17,Repeat,7496.18
CUST-03540,Diya Garcia,diya.garcia.3540@example.com,Australia,2020-06-10,One-Time,1036.14
CUST-03541,Liam Miller,liam.miller.3541@example.com,United States,2021-09-06,Repeat,1961.75
CUST-03542,Arjun Singh,arjun.singh.3542@example.com,United Kingdom,2021-05-27,One-Time,370.14
CUST-03543,Emma Kumar,emma.kumar.3543@example.com,Canada,2023-03-28,Inactive,333.97
CUST-03544,Vikram Nair,vikram.nair.3544@example.com,Canada,2019-03-13,One-Time,123.07
CUST-03545,Rohan Sharma,rohan.sharma.3545@example.com,Singapore,2024-01-15,One-Time,860.89
CUST-03546,Vikram Miller,vikram.miller.3546@example.com,Singapore,2018-01-17,Repeat,7408.54
CUST-03547,Aarav Gupta,aarav.gupta.3547@example.com,United Kingdom,2018-03-08,Repeat,6125.37
CUST-03548,Diya Patel,diya.patel.3548@example.com,Germany,2022-09-09,Repeat,1213.83
CUST-03549,Emma Kumar,emma.kumar.3549@example.com,United Kingdom,2018-06-17,One-Time,937.95
CUST-03550,Aditi Wilson,aditi.wilson.3550@example.com,United Arab Emirates,2021-05-19,Repeat,2336.42
CUST-03551,Meera Wilson,meera.wilson.3551@example.com,Germany,2023-10-25,One-Time,810.59
CUST-03552,Olivia Singh,olivia.singh.3552@example.com,Australia,2018-09-16,One-Time,432.22
CUST-03553,Sophia Wilson,sophia.wilson.3553@example.com,United States,2022-04-28,High-Value,24458.97
CUST-03554,Aarav Kumar,aarav.kumar.3554@example.com,Singapore,2021-09-05,One-Time,1170.57
CUST-03555,Emma Wilson,emma.wilson.3555@example.com,United Arab Emirates,2023-11-17,Inactive,109.80
CUST-03556,Aarav Singh,aarav.singh.3556@example.com,United Kingdom,2023-04-12,High-Value,24073.85
CUST-03557,Rohan Gupta,rohan.gupta.3557@example.com,United Kingdom,2020-06-23,Inactive,186.77
CUST-03558,Meera Reddy,meera.reddy.3558@example.com,Germany,2019-03-15,One-Time,1156.16
CUST-03559,Noah Garcia,noah.garcia.3559@example.com,United States,2019-12-01,High-Value,18648.95
CUST-03560,Vikram Nair,vikram.nair.3560@example.com,Canada,2022-02-15,Repeat,1629.20
CUST-03561,Ishaan Reddy,ishaan.reddy.3561@example.com,India,2018-02-04,Inactive,362.92
CUST-03562,Ishaan Miller,ishaan.miller.3562@example.com,Germany,2020-07-11,One-Time,761.64
CUST-03563,Rohan Mehta,rohan.mehta.3563@example.com,India,2021-08-25,One-Time,1170.99
CUST-03564,Meera Gupta,meera.gupta.3564@example.com,Australia,2018-04-10,One-Time,894.23
CUST-03565,Olivia Garcia,olivia.garcia.3565@example.com,United Arab Emirates,2024-01-07,Repeat,3330.57
CUST-03566,Kavya Sharma,kavya.sharma.3566@example.com,India,2023-02-19,Repeat,1902.51
CUST-03567,Aarav Kumar,aarav.kumar.3567@example.com,United Arab Emirates,2018-11-11,High-Value,7028.15
CUST-03568,Sophia Singh,sophia.singh.3568@example.com,Canada,2018-10-31,One-Time,597.83
CUST-03569,Sophia Singh,sophia.singh.3569@example.com,Germany,2020-11-21,One-Time,539.29
CUST-03570,Neha Gupta,neha.gupta.3570@example.com,Singapore,2021-10-09,Inactive,280.60
CUST-03571,Sophia Kumar,sophia.kumar.3571@example.com,Germany,2023-02-15,High-Value,23043.99
CUST-03572,Meera Nair,meera.nair.3572@example.com,United Arab Emirates,2019-05-20,Repeat,7395.45
CUST-03573,Kavya Miller,kavya.miller.3573@example.com,Singapore,2025-04-11,One-Time,208.55
CUST-03574,Neha Reddy,neha.reddy.3574@example.com,Singapore,2019-06-04,Repeat,3399.88
CUST-03575,Emma Gupta,emma.gupta.3575@example.com,Australia,2024-08-08,One-Time,493.74
CUST-03576,Ishaan Wilson,ishaan.wilson.3576@example.com,Australia,2020-12-01,Inactive,54.26
CUST-03577,Sophia Sharma,sophia.sharma.3577@example.com,Australia,2023-10-18,Inactive,331.55
CUST-03578,Diya Sharma,diya.sharma.3578@example.com,Singapore,2024-01-01,One-Time,261.59
CUST-03579,Aarav Brown,aarav.brown.3579@example.com,Germany,2023-08-21,Repeat,894.13
CUST-03580,Arjun Nair,arjun.nair.3580@example.com,Canada,2022-05-26,Repeat,4924.77
CUST-03581,Liam Sharma,liam.sharma.3581@example.com,India,2024-01-06,One-Time,671.66
CUST-03582,Neha Mehta,neha.mehta.3582@example.com,Canada,2020-07-13,Repeat,7226.53
CUST-03583,Aditi Reddy,aditi.reddy.3583@example.com,Canada,2025-11-27,High-Value,17648.63
CUST-03584,Aditi Sharma,aditi.sharma.3584@example.com,United States,2024-10-28,Repeat,1319.64
CUST-03585,Emma Nair,emma.nair.3585@example.com,United States,2019-07-28,Inactive,68.10
CUST-03586,Arjun Kumar,arjun.kumar.3586@example.com,United Kingdom,2025-09-08,One-Time,386.19
CUST-03587,Ishaan Garcia,ishaan.garcia.3587@example.com,Singapore,2018-02-18,Repeat,4075.56
CUST-03588,Liam Reddy,liam.reddy.3588@example.com,Singapore,2025-08-24,One-Time,500.10
CUST-03589,Ishaan Nair,ishaan.nair.3589@example.com,Australia,2020-01-21,One-Time,22.76
CUST-03590,Meera Garcia,meera.garcia.3590@example.com,United Arab Emirates,2023-02-20,One-Time,150.78
CUST-03591,Arjun Wilson,arjun.wilson.3591@example.com,Australia,2020-02-10,High-Value,18911.32
CUST-03592,Emma Nair,emma.nair.3592@example.com,United States,2020-10-28,One-Time,599.33
CUST-03593,Rohan Singh,rohan.singh.3593@example.com,United Kingdom,2025-11-04,One-Time,574.34
CUST-03594,Neha Kumar,neha.kumar.3594@example.com,Germany,2021-07-09,One-Time,722.46
CUST-03595,Rohan Reddy,rohan.reddy.3595@example.com,United States,2023-06-08,One-Time,100.80
CUST-03596,Arjun Miller,arjun.miller.3596@example.com,United Kingdom,2024-03-21,Inactive,468.88
CUST-03597,Emma Reddy,emma.reddy.3597@example.com,Singapore,2019-04-14,One-Time,228.98
CUST-03598,Rohan Nair,rohan.nair.3598@example.com,United States,2021-05-10,One-Time,277.00
CUST-03599,Emma Mehta,emma.mehta.3599@example.com,India,2025-10-21,Repeat,2996.59
CUST-03600,Olivia Miller,olivia.miller.3600@example.com,United States,2021-04-26,Repeat,7178.73
CUST-03601,Liam Reddy,liam.reddy.3601@example.com,Germany,2021-02-02,Inactive,448.07
CUST-03602,Arjun Gupta,arjun.gupta.3602@example.com,Canada,2020-02-04,Inactive,204.93
CUST-03603,Liam Miller,liam.miller.3603@example.com,United Arab Emirates,2024-11-05,Repeat,6646.29
CUST-03604,Liam Patel,liam.patel.3604@example.com,United States,2018-07-15,One-Time,966.64
CUST-03605,Rohan Sharma,rohan.sharma.3605@example.com,United Kingdom,2022-06-17,One-Time,463.39
CUST-03606,Aarav Nair,aarav.nair.3606@example.com,United States,2023-09-17,One-Time,1076.51
CUST-03607,Olivia Wilson,olivia.wilson.3607@example.com,Canada,2022-07-24,High-Value,9739.02
CUST-03608,Neha Brown,neha.brown.3608@example.com,Australia,2019-06-23,Repeat,7209.62
CUST-03609,Liam Sharma,liam.sharma.3609@example.com,Canada,2025-12-04,One-Time,786.13
CUST-03610,Arjun Gupta,arjun.gupta.3610@example.com,United States,2023-11-15,High-Value,10896.71
CUST-03611,Meera Reddy,meera.reddy.3611@example.com,India,2019-01-12,One-Time,579.78
CUST-03612,Liam Nair,liam.nair.3612@example.com,United Arab Emirates,2018-03-17,Repeat,4159.37
CUST-03613,Arjun Patel,arjun.patel.3613@example.com,United Arab Emirates,2021-03-27,Repeat,7375.13
CUST-03614,Aarav Singh,aarav.singh.3614@example.com,Canada,2020-03-06,One-Time,503.65
CUST-03615,Aditi Wilson,aditi.wilson.3615@example.com,Singapore,2020-01-05,Repeat,3465.63
CUST-03616,Ishaan Wilson,ishaan.wilson.3616@example.com,India,2019-08-22,One-Time,279.42
CUST-03617,Meera Miller,meera.miller.3617@example.com,United Arab Emirates,2022-06-08,Repeat,871.51
CUST-03618,Arjun Wilson,arjun.wilson.3618@example.com,Australia,2023-05-24,High-Value,11815.02
CUST-03619,Emma Miller,emma.miller.3619@example.com,Germany,2025-05-16,Repeat,3626.88
CUST-03620,Neha Brown,neha.brown.3620@example.com,Canada,2019-04-09,Repeat,5505.56
CUST-03621,Emma Singh,emma.singh.3621@example.com,United Kingdom,2023-04-30,Inactive,381.42
CUST-03622,Neha Brown,neha.brown.3622@example.com,India,2021-03-24,Repeat,4667.99
CUST-03623,Aditi Singh,aditi.singh.3623@example.com,United Kingdom,2023-05-03,High-Value,11106.65
CUST-03624,Aarav Gupta,aarav.gupta.3624@example.com,Australia,2023-11-30,Repeat,1838.29
CUST-03625,Noah Patel,noah.patel.3625@example.com,Australia,2022-08-04,Repeat,5518.53
CUST-03626,Olivia Kumar,olivia.kumar.3626@example.com,United Arab Emirates,2021-05-30,Inactive,138.61
CUST-03627,Aditi Mehta,aditi.mehta.3627@example.com,Australia,2021-04-20,Repeat,1031.39
CUST-03628,Olivia Mehta,olivia.mehta.3628@example.com,India,2024-08-04,Repeat,2512.25
CUST-03629,Emma Sharma,emma.sharma.3629@example.com,United Arab Emirates,2019-05-22,Repeat,3895.93
CUST-03630,Neha Brown,neha.brown.3630@example.com,United States,2022-03-09,One-Time,500.03
CUST-03631,Olivia Gupta,olivia.gupta.3631@example.com,United Arab Emirates,2025-06-07,Inactive,36.41
CUST-03632,Vikram Kumar,vikram.kumar.3632@example.com,India,2025-06-03,One-Time,274.22
CUST-03633,Arjun Wilson,arjun.wilson.3633@example.com,India,2025-01-20,One-Time,1102.90
CUST-03634,Kavya Brown,kavya.brown.3634@example.com,India,2021-09-27,High-Value,20895.94
CUST-03635,Sophia Nair,sophia.nair.3635@example.com,United Kingdom,2024-07-17,Repeat,1731.70
CUST-03636,Aditi Sharma,aditi.sharma.3636@example.com,India,2021-02-19,Repeat,6577.91
CUST-03637,Olivia Wilson,olivia.wilson.3637@example.com,India,2023-03-21,High-Value,18237.56
CUST-03638,Aarav Garcia,aarav.garcia.3638@example.com,United States,2022-09-14,High-Value,24862.58
CUST-03639,Aarav Wilson,aarav.wilson.3639@example.com,Canada,2023-11-12,Repeat,1462.61
CUST-03640,Sophia Gupta,sophia.gupta.3640@example.com,Singapore,2020-01-15,Inactive,274.43
CUST-03641,Neha Mehta,neha.mehta.3641@example.com,United Arab Emirates,2022-06-29,High-Value,5389.73
CUST-03642,Diya Nair,diya.nair.3642@example.com,Germany,2024-10-09,Repeat,6679.63
CUST-03643,Ishaan Garcia,ishaan.garcia.3643@example.com,United Kingdom,2019-06-19,One-Time,622.35
CUST-03644,Emma Singh,emma.singh.3644@example.com,Australia,2023-03-09,One-Time,1099.78
CUST-03645,Rohan Reddy,rohan.reddy.3645@example.com,Germany,2025-10-08,Repeat,1617.77
CUST-03646,Aarav Miller,aarav.miller.3646@example.com,Canada,2021-11-27,Repeat,3089.74
CUST-03647,Noah Brown,noah.brown.3647@example.com,Australia,2022-11-30,Inactive,444.31
CUST-03648,Rohan Garcia,rohan.garcia.3648@example.com,Germany,2022-03-25,Repeat,3995.89
CUST-03649,Ishaan Nair,ishaan.nair.3649@example.com,India,2025-03-18,High-Value,13290.67
CUST-03650,Kavya Miller,kavya.miller.3650@example.com,India,2025-06-18,One-Time,534.25
CUST-03651,Kavya Reddy,kavya.reddy.3651@example.com,United States,2022-07-01,Repeat,4710.01
CUST-03652,Noah Wilson,noah.wilson.3652@example.com,Australia,2025-02-07,One-Time,703.97
CUST-03653,Liam Sharma,liam.sharma.3653@example.com,Germany,2025-11-01,Inactive,169.00
CUST-03654,Vikram Singh,vikram.singh.3654@example.com,Singapore,2019-04-28,Repeat,2153.48
CUST-03655,Neha Reddy,neha.reddy.3655@example.com,Australia,2025-12-01,Repeat,5742.84
CUST-03656,Kavya Singh,kavya.singh.3656@example.com,United Arab Emirates,2018-09-03,Inactive,312.70
CUST-03657,Emma Miller,emma.miller.3657@example.com,United Kingdom,2025-10-24,Repeat,4350.06
CUST-03658,Aditi Sharma,aditi.sharma.3658@example.com,United Kingdom,2021-01-20,Repeat,3796.82
CUST-03659,Aarav Brown,aarav.brown.3659@example.com,India,2022-04-02,Inactive,149.84
CUST-03660,Kavya Garcia,kavya.garcia.3660@example.com,United Kingdom,2018-06-02,One-Time,275.42
CUST-03661,Diya Miller,diya.miller.3661@example.com,United Arab Emirates,2018-12-26,One-Time,1003.00
CUST-03662,Aditi Nair,aditi.nair.3662@example.com,United States,2024-09-11,Repeat,4992.08
CUST-03663,Liam Gupta,liam.gupta.3663@example.com,Singapore,2019-02-24,Repeat,6812.21
CUST-03664,Meera Sharma,meera.sharma.3664@example.com,United Arab Emirates,2024-07-08,One-Time,857.77
CUST-03665,Ishaan Miller,ishaan.miller.3665@example.com,United Arab Emirates,2024-12-10,Repeat,4923.48
CUST-03666,Neha Kumar,neha.kumar.3666@example.com,United States,2022-11-27,Repeat,4083.25
CUST-03667,Emma Garcia,emma.garcia.3667@example.com,United Kingdom,2023-05-23,Inactive,83.98
CUST-03668,Ishaan Mehta,ishaan.mehta.3668@example.com,Australia,2021-10-10,High-Value,21505.18
CUST-03669,Noah Nair,noah.nair.3669@example.com,United Kingdom,2022-03-12,Repeat,5555.59
CUST-03670,Aditi Brown,aditi.brown.3670@example.com,Australia,2023-02-21,Repeat,3523.00
CUST-03671,Aarav Gupta,aarav.gupta.3671@example.com,United Kingdom,2023-05-29,Repeat,5544.46
CUST-03672,Aarav Nair,aarav.nair.3672@example.com,Singapore,2022-09-07,Repeat,1543.38
CUST-03673,Rohan Mehta,rohan.mehta.3673@example.com,Singapore,2024-10-14,Repeat,1839.41
CUST-03674,Emma Patel,emma.patel.3674@example.com,Canada,2020-04-13,Repeat,2071.67
CUST-03675,Kavya Sharma,kavya.sharma.3675@example.com,India,2023-10-14,Repeat,959.13
CUST-03676,Vikram Singh,vikram.singh.3676@example.com,Singapore,2020-03-07,One-Time,920.11
CUST-03677,Olivia Patel,olivia.patel.3677@example.com,Singapore,2019-06-03,One-Time,452.13
CUST-03678,Meera Miller,meera.miller.3678@example.com,Canada,2018-03-19,High-Value,11116.01
CUST-03679,Diya Miller,diya.miller.3679@example.com,United Kingdom,2018-09-21,Repeat,3976.04
CUST-03680,Liam Mehta,liam.mehta.3680@example.com,United Kingdom,2018-11-10,One-Time,1183.56
CUST-03681,Meera Wilson,meera.wilson.3681@example.com,India,2020-11-21,Repeat,2047.04
CUST-03682,Rohan Nair,rohan.nair.3682@example.com,Canada,2018-12-28,One-Time,289.54
CUST-03683,Diya Patel,diya.patel.3683@example.com,United States,2021-04-17,One-Time,521.86
CUST-03684,Meera Sharma,meera.sharma.3684@example.com,Singapore,2025-05-24,Repeat,4656.12
CUST-03685,Sophia Sharma,sophia.sharma.3685@example.com,Germany,2022-11-11,Repeat,5611.57
CUST-03686,Neha Gupta,neha.gupta.3686@example.com,Australia,2022-05-07,One-Time,764.61
CUST-03687,Ishaan Garcia,ishaan.garcia.3687@example.com,Germany,2022-02-06,One-Time,789.81
CUST-03688,Meera Nair,meera.nair.3688@example.com,Australia,2020-06-11,One-Time,1076.48
CUST-03689,Noah Sharma,noah.sharma.3689@example.com,India,2023-03-29,One-Time,1094.90
CUST-03690,Arjun Nair,arjun.nair.3690@example.com,Singapore,2025-08-23,One-Time,859.59
CUST-03691,Ishaan Brown,ishaan.brown.3691@example.com,Australia,2022-04-01,One-Time,365.69
CUST-03692,Arjun Miller,arjun.miller.3692@example.com,India,2021-04-16,One-Time,769.18
CUST-03693,Aarav Brown,aarav.brown.3693@example.com,Germany,2019-06-29,Inactive,391.75
CUST-03694,Liam Patel,liam.patel.3694@example.com,Germany,2025-09-26,One-Time,714.33
CUST-03695,Aarav Garcia,aarav.garcia.3695@example.com,India,2020-11-29,Repeat,4383.46
CUST-03696,Kavya Singh,kavya.singh.3696@example.com,India,2019-06-03,Inactive,245.97
CUST-03697,Sophia Patel,sophia.patel.3697@example.com,Germany,2021-07-12,Repeat,6848.66
CUST-03698,Kavya Miller,kavya.miller.3698@example.com,United Kingdom,2020-01-18,Repeat,6143.55
CUST-03699,Diya Gupta,diya.gupta.3699@example.com,United States,2020-04-01,One-Time,779.71
CUST-03700,Neha Kumar,neha.kumar.3700@example.com,Germany,2022-12-05,Repeat,2770.46
CUST-03701,Olivia Sharma,olivia.sharma.3701@example.com,India,2023-10-28,Repeat,1513.97
CUST-03702,Vikram Brown,vikram.brown.3702@example.com,United States,2024-06-09,One-Time,1024.95
CUST-03703,Rohan Patel,rohan.patel.3703@example.com,Germany,2022-01-15,One-Time,719.64
CUST-03704,Aditi Mehta,aditi.mehta.3704@example.com,United Kingdom,2020-12-03,One-Time,673.50
CUST-03705,Sophia Sharma,sophia.sharma.3705@example.com,Singapore,2020-10-26,Inactive,51.27
CUST-03706,Noah Wilson,noah.wilson.3706@example.com,Australia,2023-04-20,Repeat,4790.35
CUST-03707,Kavya Garcia,kavya.garcia.3707@example.com,Canada,2025-10-23,Repeat,2617.33
CUST-03708,Vikram Nair,vikram.nair.3708@example.com,Germany,2024-05-11,High-Value,21287.88
CUST-03709,Emma Brown,emma.brown.3709@example.com,India,2018-06-08,Repeat,2451.55
CUST-03710,Ishaan Miller,ishaan.miller.3710@example.com,Germany,2018-05-29,Repeat,6684.54
CUST-03711,Vikram Brown,vikram.brown.3711@example.com,United Arab Emirates,2024-05-08,One-Time,309.72
CUST-03712,Kavya Reddy,kavya.reddy.3712@example.com,United Kingdom,2020-01-05,Repeat,7438.79
CUST-03713,Emma Reddy,emma.reddy.3713@example.com,Singapore,2021-03-20,Repeat,2944.97
CUST-03714,Arjun Singh,arjun.singh.3714@example.com,Australia,2022-12-13,One-Time,852.04
CUST-03715,Aarav Mehta,aarav.mehta.3715@example.com,United Arab Emirates,2021-09-19,Repeat,6366.67
CUST-03716,Noah Kumar,noah.kumar.3716@example.com,Singapore,2022-11-23,Repeat,1943.92
CUST-03717,Rohan Reddy,rohan.reddy.3717@example.com,Australia,2021-10-05,Repeat,5043.73
CUST-03718,Olivia Reddy,olivia.reddy.3718@example.com,Singapore,2023-07-21,Repeat,4506.41
CUST-03719,Vikram Miller,vikram.miller.3719@example.com,Canada,2019-10-15,One-Time,27.69
CUST-03720,Rohan Miller,rohan.miller.3720@example.com,United States,2020-12-31,Repeat,7052.91
CUST-03721,Sophia Garcia,sophia.garcia.3721@example.com,United Arab Emirates,2022-01-29,Repeat,6913.84
CUST-03722,Meera Gupta,meera.gupta.3722@example.com,United Kingdom,2022-06-12,Repeat,1706.51
CUST-03723,Arjun Gupta,arjun.gupta.3723@example.com,India,2019-12-04,Repeat,2708.79
CUST-03724,Ishaan Garcia,ishaan.garcia.3724@example.com,Germany,2019-10-05,High-Value,24335.06
CUST-03725,Kavya Sharma,kavya.sharma.3725@example.com,United States,2019-02-06,Repeat,1008.77
CUST-03726,Meera Mehta,meera.mehta.3726@example.com,Germany,2018-10-07,Repeat,3538.86
CUST-03727,Sophia Wilson,sophia.wilson.3727@example.com,United Arab Emirates,2018-08-01,Repeat,7075.82
CUST-03728,Vikram Garcia,vikram.garcia.3728@example.com,Canada,2018-05-08,Repeat,2406.35
CUST-03729,Arjun Brown,arjun.brown.3729@example.com,Germany,2023-08-30,Repeat,839.39
CUST-03730,Arjun Gupta,arjun.gupta.3730@example.com,Australia,2022-03-09,One-Time,444.45
CUST-03731,Rohan Garcia,rohan.garcia.3731@example.com,Australia,2025-01-05,One-Time,940.97
CUST-03732,Emma Gupta,emma.gupta.3732@example.com,Germany,2021-04-03,Repeat,955.77
CUST-03733,Meera Garcia,meera.garcia.3733@example.com,Germany,2025-01-24,Inactive,382.78
CUST-03734,Liam Gupta,liam.gupta.3734@example.com,Australia,2024-05-26,High-Value,11092.86
CUST-03735,Aditi Patel,aditi.patel.3735@example.com,Germany,2024-12-11,One-Time,583.27
CUST-03736,Sophia Mehta,sophia.mehta.3736@example.com,India,2023-06-01,One-Time,905.59
CUST-03737,Kavya Singh,kavya.singh.3737@example.com,Singapore,2021-11-18,One-Time,356.84
CUST-03738,Olivia Miller,olivia.miller.3738@example.com,Australia,2019-09-01,Repeat,6050.68
CUST-03739,Liam Mehta,liam.mehta.3739@example.com,Germany,2023-09-28,Inactive,321.63
CUST-03740,Meera Patel,meera.patel.3740@example.com,United Kingdom,2020-09-12,Repeat,1743.40
CUST-03741,Rohan Wilson,rohan.wilson.3741@example.com,India,2019-05-16,Repeat,1661.12
CUST-03742,Arjun Garcia,arjun.garcia.3742@example.com,Canada,2021-06-21,Repeat,6233.35
CUST-03743,Kavya Garcia,kavya.garcia.3743@example.com,United Kingdom,2021-01-24,Repeat,6926.71
CUST-03744,Aarav Sharma,aarav.sharma.3744@example.com,Canada,2019-04-26,One-Time,828.87
CUST-03745,Arjun Kumar,arjun.kumar.3745@example.com,United Arab Emirates,2020-05-03,Repeat,1187.58
CUST-03746,Sophia Miller,sophia.miller.3746@example.com,United Arab Emirates,2019-12-12,Repeat,3458.32
CUST-03747,Kavya Garcia,kavya.garcia.3747@example.com,Germany,2024-03-28,Repeat,830.13
CUST-03748,Vikram Wilson,vikram.wilson.3748@example.com,Singapore,2025-06-18,Inactive,17.65
CUST-03749,Vikram Reddy,vikram.reddy.3749@example.com,United States,2024-06-09,One-Time,371.50
CUST-03750,Liam Reddy,liam.reddy.3750@example.com,Singapore,2018-11-24,Repeat,2197.28
CUST-03751,Rohan Reddy,rohan.reddy.3751@example.com,United Kingdom,2019-04-12,One-Time,717.82
CUST-03752,Meera Sharma,meera.sharma.3752@example.com,Canada,2022-05-29,One-Time,1041.49
CUST-03753,Meera Miller,meera.miller.3753@example.com,United Kingdom,2023-02-26,One-Time,276.32
CUST-03754,Vikram Sharma,vikram.sharma.3754@example.com,Australia,2018-04-18,Inactive,350.03
CUST-03755,Aditi Kumar,aditi.kumar.3755@example.com,United Arab Emirates,2022-07-05,One-Time,249.64
CUST-03756,Olivia Brown,olivia.brown.3756@example.com,Singapore,2019-01-06,One-Time,1106.40
CUST-03757,Sophia Patel,sophia.patel.3757@example.com,United Arab Emirates,2023-09-26,One-Time,33.90
CUST-03758,Sophia Patel,sophia.patel.3758@example.com,United States,2022-02-26,Inactive,360.16
CUST-03759,Liam Garcia,liam.garcia.3759@example.com,United Kingdom,2025-01-16,One-Time,995.47
CUST-03760,Kavya Gupta,kavya.gupta.3760@example.com,Germany,2022-09-29,High-Value,17512.60
CUST-03761,Noah Garcia,noah.garcia.3761@example.com,United Arab Emirates,2019-09-09,Repeat,7007.62
CUST-03762,Arjun Sharma,arjun.sharma.3762@example.com,United Arab Emirates,2018-02-18,Repeat,5287.92
CUST-03763,Rohan Miller,rohan.miller.3763@example.com,United Arab Emirates,2023-06-07,Repeat,1374.59
CUST-03764,Rohan Miller,rohan.miller.3764@example.com,India,2021-12-10,High-Value,15913.02
CUST-03765,Arjun Sharma,arjun.sharma.3765@example.com,Germany,2018-05-22,Inactive,202.40
CUST-03766,Olivia Brown,olivia.brown.3766@example.com,Germany,2021-08-16,One-Time,80.51
CUST-03767,Neha Nair,neha.nair.3767@example.com,United States,2020-02-27,One-Time,995.03
CUST-03768,Meera Wilson,meera.wilson.3768@example.com,Australia,2024-09-01,High-Value,18976.97
CUST-03769,Liam Reddy,liam.reddy.3769@example.com,United Kingdom,2025-10-08,Repeat,6161.92
CUST-03770,Vikram Gupta,vikram.gupta.3770@example.com,United States,2025-11-22,High-Value,11223.11
CUST-03771,Emma Singh,emma.singh.3771@example.com,Germany,2023-07-24,One-Time,281.20
CUST-03772,Noah Brown,noah.brown.3772@example.com,Canada,2025-03-29,Inactive,456.42
CUST-03773,Sophia Garcia,sophia.garcia.3773@example.com,Singapore,2018-01-29,One-Time,526.49
CUST-03774,Olivia Kumar,olivia.kumar.3774@example.com,Germany,2022-03-13,One-Time,465.47
CUST-03775,Diya Garcia,diya.garcia.3775@example.com,India,2025-04-07,Repeat,1490.03
CUST-03776,Aditi Garcia,aditi.garcia.3776@example.com,Germany,2020-02-20,High-Value,5771.61
CUST-03777,Arjun Miller,arjun.miller.3777@example.com,United Kingdom,2025-10-19,One-Time,656.33
CUST-03778,Neha Gupta,neha.gupta.3778@example.com,United Arab Emirates,2023-09-20,Repeat,6425.25
CUST-03779,Diya Nair,diya.nair.3779@example.com,Germany,2022-10-30,Inactive,35.76
CUST-03780,Sophia Patel,sophia.patel.3780@example.com,India,2023-06-24,Repeat,1304.31
CUST-03781,Emma Sharma,emma.sharma.3781@example.com,Canada,2021-03-19,Repeat,6615.42
CUST-03782,Meera Reddy,meera.reddy.3782@example.com,United Kingdom,2019-03-12,Inactive,460.05
CUST-03783,Arjun Mehta,arjun.mehta.3783@example.com,United Arab Emirates,2022-10-08,Repeat,886.71
CUST-03784,Meera Sharma,meera.sharma.3784@example.com,United Arab Emirates,2018-05-01,High-Value,16935.15
CUST-03785,Arjun Patel,arjun.patel.3785@example.com,India,2021-06-03,One-Time,1143.52
CUST-03786,Aditi Mehta,aditi.mehta.3786@example.com,United Arab Emirates,2025-10-26,One-Time,732.08
CUST-03787,Vikram Nair,vikram.nair.3787@example.com,Australia,2019-07-22,One-Time,556.54
CUST-03788,Diya Kumar,diya.kumar.3788@example.com,Singapore,2020-01-29,Repeat,2219.93
CUST-03789,Meera Sharma,meera.sharma.3789@example.com,Singapore,2024-12-28,Repeat,5654.65
CUST-03790,Ishaan Singh,ishaan.singh.3790@example.com,Canada,2019-05-06,One-Time,59.65
CUST-03791,Sophia Mehta,sophia.mehta.3791@example.com,Australia,2023-03-09,One-Time,481.19
CUST-03792,Ishaan Brown,ishaan.brown.3792@example.com,Singapore,2021-12-29,Inactive,199.97
CUST-03793,Vikram Kumar,vikram.kumar.3793@example.com,United Arab Emirates,2019-08-16,Repeat,6330.46
CUST-03794,Liam Gupta,liam.gupta.3794@example.com,Germany,2019-01-01,Repeat,1447.70
CUST-03795,Liam Wilson,liam.wilson.3795@example.com,United States,2021-04-05,Inactive,359.46
CUST-03796,Liam Gupta,liam.gupta.3796@example.com,Australia,2023-03-22,One-Time,540.17
CUST-03797,Diya Garcia,diya.garcia.3797@example.com,Germany,2023-07-05,Inactive,301.18
CUST-03798,Noah Miller,noah.miller.3798@example.com,United Kingdom,2019-12-05,Repeat,4309.82
CUST-03799,Kavya Miller,kavya.miller.3799@example.com,India,2023-04-29,One-Time,1144.79
CUST-03800,Kavya Garcia,kavya.garcia.3800@example.com,United States,2018-01-20,Inactive,328.74
CUST-03801,Diya Brown,diya.brown.3801@example.com,India,2022-03-05,Repeat,4760.55
CUST-03802,Olivia Reddy,olivia.reddy.3802@example.com,Australia,2025-07-16,High-Value,22690.62
CUST-03803,Aarav Patel,aarav.patel.3803@example.com,Australia,2024-10-17,One-Time,507.29
CUST-03804,Rohan Mehta,rohan.mehta.3804@example.com,United States,2025-05-26,Repeat,7041.23
CUST-03805,Noah Brown,noah.brown.3805@example.com,Singapore,2022-06-24,One-Time,464.01
CUST-03806,Sophia Miller,sophia.miller.3806@example.com,United States,2020-12-23,High-Value,6197.80
CUST-03807,Olivia Nair,olivia.nair.3807@example.com,Singapore,2022-03-31,Inactive,59.28
CUST-03808,Diya Mehta,diya.mehta.3808@example.com,United Arab Emirates,2019-05-14,Repeat,6506.50
CUST-03809,Vikram Gupta,vikram.gupta.3809@example.com,India,2019-10-27,Repeat,1404.12
CUST-03810,Neha Reddy,neha.reddy.3810@example.com,Canada,2019-06-17,Inactive,147.77
CUST-03811,Ishaan Kumar,ishaan.kumar.3811@example.com,Germany,2020-03-19,Repeat,2428.79
CUST-03812,Aarav Gupta,aarav.gupta.3812@example.com,United Arab Emirates,2018-03-02,Inactive,406.02
CUST-03813,Kavya Reddy,kavya.reddy.3813@example.com,Germany,2025-07-26,Inactive,498.07
CUST-03814,Olivia Sharma,olivia.sharma.3814@example.com,United States,2024-04-17,Inactive,328.94
CUST-03815,Ishaan Nair,ishaan.nair.3815@example.com,United States,2025-08-25,High-Value,7848.74
CUST-03816,Vikram Patel,vikram.patel.3816@example.com,United Arab Emirates,2018-10-22,One-Time,716.96
CUST-03817,Ishaan Kumar,ishaan.kumar.3817@example.com,United Kingdom,2025-02-24,Repeat,2777.48
CUST-03818,Liam Gupta,liam.gupta.3818@example.com,Canada,2020-05-25,High-Value,5146.12
CUST-03819,Kavya Wilson,kavya.wilson.3819@example.com,United Kingdom,2023-03-12,Repeat,5343.22
CUST-03820,Emma Nair,emma.nair.3820@example.com,United Arab Emirates,2025-10-01,Repeat,4603.84
CUST-03821,Sophia Miller,sophia.miller.3821@example.com,Canada,2021-09-12,One-Time,218.01
CUST-03822,Ishaan Gupta,ishaan.gupta.3822@example.com,United Arab Emirates,2023-01-10,Repeat,7190.86
CUST-03823,Ishaan Patel,ishaan.patel.3823@example.com,Germany,2024-03-05,Repeat,4205.92
CUST-03824,Meera Reddy,meera.reddy.3824@example.com,Singapore,2021-04-23,Inactive,172.26
CUST-03825,Neha Gupta,neha.gupta.3825@example.com,India,2021-12-07,High-Value,14584.84
CUST-03826,Arjun Singh,arjun.singh.3826@example.com,India,2023-11-07,Inactive,483.46
CUST-03827,Aarav Brown,aarav.brown.3827@example.com,Australia,2021-02-02,Inactive,433.05
CUST-03828,Emma Singh,emma.singh.3828@example.com,Canada,2018-11-30,One-Time,1100.76
CUST-03829,Aditi Miller,aditi.miller.3829@example.com,United Arab Emirates,2022-07-13,High-Value,23969.57
CUST-03830,Diya Sharma,diya.sharma.3830@example.com,Germany,2018-04-19,Inactive,305.41
CUST-03831,Diya Patel,diya.patel.3831@example.com,India,2021-03-18,Repeat,4467.63
CUST-03832,Kavya Miller,kavya.miller.3832@example.com,United Kingdom,2020-03-05,Repeat,7116.03
CUST-03833,Vikram Singh,vikram.singh.3833@example.com,Australia,2025-09-26,Repeat,4492.86
CUST-03834,Ishaan Patel,ishaan.patel.3834@example.com,United States,2024-12-03,Repeat,4689.09
CUST-03835,Arjun Miller,arjun.miller.3835@example.com,United States,2023-01-19,Repeat,4886.24
CUST-03836,Kavya Mehta,kavya.mehta.3836@example.com,United Arab Emirates,2021-09-25,Repeat,6457.74
CUST-03837,Noah Kumar,noah.kumar.3837@example.com,Canada,2019-06-09,High-Value,23024.10
CUST-03838,Aarav Wilson,aarav.wilson.3838@example.com,Canada,2024-05-15,Repeat,4116.37
CUST-03839,Arjun Sharma,arjun.sharma.3839@example.com,Australia,2019-05-26,Inactive,49.26
CUST-03840,Sophia Mehta,sophia.mehta.3840@example.com,Germany,2019-10-09,Repeat,2063.56
CUST-03841,Aditi Singh,aditi.singh.3841@example.com,United Kingdom,2023-12-01,Inactive,134.33
CUST-03842,Noah Wilson,noah.wilson.3842@example.com,India,2020-03-01,High-Value,13042.30
CUST-03843,Kavya Brown,kavya.brown.3843@example.com,Germany,2021-11-19,High-Value,5892.46
CUST-03844,Kavya Brown,kavya.brown.3844@example.com,United States,2021-08-01,High-Value,6128.53
CUST-03845,Kavya Mehta,kavya.mehta.3845@example.com,United Kingdom,2023-02-20,Repeat,5814.95
CUST-03846,Emma Singh,emma.singh.3846@example.com,Australia,2023-04-25,One-Time,390.65
CUST-03847,Aarav Singh,aarav.singh.3847@example.com,Australia,2021-01-25,Inactive,87.97
CUST-03848,Diya Mehta,diya.mehta.3848@example.com,United States,2025-04-08,High-Value,16362.22
CUST-03849,Liam Kumar,liam.kumar.3849@example.com,Singapore,2024-06-04,Inactive,406.95
CUST-03850,Neha Garcia,neha.garcia.3850@example.com,Germany,2019-09-18,One-Time,203.45
CUST-03851,Aarav Wilson,aarav.wilson.3851@example.com,Singapore,2018-12-12,Repeat,6841.34
CUST-03852,Vikram Wilson,vikram.wilson.3852@example.com,United Kingdom,2021-06-26,High-Value,17377.48
CUST-03853,Noah Garcia,noah.garcia.3853@example.com,Australia,2020-11-17,One-Time,730.92
CUST-03854,Rohan Singh,rohan.singh.3854@example.com,United Arab Emirates,2022-12-28,One-Time,231.33
CUST-03855,Kavya Reddy,kavya.reddy.3855@example.com,Australia,2023-09-11,One-Time,466.94
CUST-03856,Kavya Gupta,kavya.gupta.3856@example.com,India,2022-08-12,One-Time,528.81
CUST-03857,Neha Gupta,neha.gupta.3857@example.com,United Arab Emirates,2018-05-17,Repeat,1924.76
CUST-03858,Emma Brown,emma.brown.3858@example.com,United States,2025-03-31,Repeat,1452.52
CUST-03859,Noah Sharma,noah.sharma.3859@example.com,United Arab Emirates,2018-05-18,High-Value,5814.98
CUST-03860,Noah Sharma,noah.sharma.3860@example.com,Germany,2025-02-12,One-Time,224.18
CUST-03861,Diya Wilson,diya.wilson.3861@example.com,United Arab Emirates,2019-05-05,High-Value,16740.65
CUST-03862,Noah Miller,noah.miller.3862@example.com,Australia,2018-08-03,Repeat,4163.46
CUST-03863,Sophia Nair,sophia.nair.3863@example.com,United States,2022-10-26,High-Value,9162.69
CUST-03864,Neha Singh,neha.singh.3864@example.com,Canada,2024-10-29,One-Time,193.44
CUST-03865,Liam Kumar,liam.kumar.3865@example.com,United States,2025-10-13,Repeat,1304.21
CUST-03866,Ishaan Sharma,ishaan.sharma.3866@example.com,Singapore,2020-09-07,High-Value,22919.88
CUST-03867,Vikram Miller,vikram.miller.3867@example.com,India,2020-10-18,Repeat,3434.46
CUST-03868,Kavya Wilson,kavya.wilson.3868@example.com,United Kingdom,2019-03-10,Inactive,139.67
CUST-03869,Aditi Wilson,aditi.wilson.3869@example.com,United States,2020-02-20,High-Value,10211.70
CUST-03870,Diya Brown,diya.brown.3870@example.com,United States,2022-06-06,Repeat,6553.87
CUST-03871,Emma Mehta,emma.mehta.3871@example.com,Australia,2018-08-03,Inactive,402.21
CUST-03872,Aditi Wilson,aditi.wilson.3872@example.com,Germany,2022-07-23,Inactive,260.22
CUST-03873,Emma Miller,emma.miller.3873@example.com,Canada,2024-04-16,Repeat,5261.33
CUST-03874,Liam Gupta,liam.gupta.3874@example.com,Singapore,2023-08-29,One-Time,759.10
CUST-03875,Vikram Mehta,vikram.mehta.3875@example.com,Singapore,2018-01-30,Repeat,3681.24
CUST-03876,Rohan Mehta,rohan.mehta.3876@example.com,Singapore,2023-04-03,Inactive,197.81
CUST-03877,Sophia Reddy,sophia.reddy.3877@example.com,Germany,2024-01-31,Repeat,1741.78
CUST-03878,Vikram Mehta,vikram.mehta.3878@example.com,Singapore,2024-01-29,One-Time,24.49
CUST-03879,Kavya Wilson,kavya.wilson.3879@example.com,United States,2024-04-12,One-Time,593.64
CUST-03880,Liam Reddy,liam.reddy.3880@example.com,United Arab Emirates,2020-05-29,One-Time,365.31
CUST-03881,Rohan Nair,rohan.nair.3881@example.com,Germany,2019-03-06,Repeat,3194.99
CUST-03882,Vikram Mehta,vikram.mehta.3882@example.com,United States,2024-07-07,Repeat,7169.36
CUST-03883,Arjun Miller,arjun.miller.3883@example.com,Canada,2022-03-10,Repeat,4938.90
CUST-03884,Meera Brown,meera.brown.3884@example.com,Canada,2021-10-08,Repeat,995.78
CUST-03885,Liam Nair,liam.nair.3885@example.com,United States,2022-12-23,Inactive,43.99
CUST-03886,Neha Brown,neha.brown.3886@example.com,India,2025-01-21,One-Time,431.19
CUST-03887,Olivia Gupta,olivia.gupta.3887@example.com,Singapore,2025-08-20,Repeat,5335.74
CUST-03888,Kavya Garcia,kavya.garcia.3888@example.com,United Kingdom,2018-12-08,One-Time,673.57
CUST-03889,Olivia Patel,olivia.patel.3889@example.com,United States,2018-08-31,One-Time,616.98
CUST-03890,Emma Miller,emma.miller.3890@example.com,United Kingdom,2022-11-27,One-Time,543.46
CUST-03891,Arjun Brown,arjun.brown.3891@example.com,United Kingdom,2023-08-28,Inactive,169.61
CUST-03892,Liam Sharma,liam.sharma.3892@example.com,Australia,2025-11-11,Repeat,6104.65
CUST-03893,Sophia Reddy,sophia.reddy.3893@example.com,India,2024-03-05,High-Value,17175.81
CUST-03894,Ishaan Nair,ishaan.nair.3894@example.com,United Kingdom,2020-09-25,Repeat,6673.72
CUST-03895,Diya Sharma,diya.sharma.3895@example.com,Germany,2020-05-02,Repeat,3797.65
CUST-03896,Diya Mehta,diya.mehta.3896@example.com,Canada,2018-11-21,One-Time,425.08
CUST-03897,Arjun Sharma,arjun.sharma.3897@example.com,Germany,2020-02-09,One-Time,162.81
CUST-03898,Meera Reddy,meera.reddy.3898@example.com,Germany,2025-01-08,One-Time,738.55
CUST-03899,Arjun Garcia,arjun.garcia.3899@example.com,Canada,2020-03-25,Inactive,22.35
CUST-03900,Arjun Gupta,arjun.gupta.3900@example.com,United Arab Emirates,2023-04-18,One-Time,302.10
CUST-03901,Liam Garcia,liam.garcia.3901@example.com,Australia,2018-10-17,One-Time,909.58
CUST-03902,Aarav Patel,aarav.patel.3902@example.com,Australia,2024-01-24,One-Time,327.94
CUST-03903,Vikram Wilson,vikram.wilson.3903@example.com,Singapore,2019-09-20,High-Value,16263.27
CUST-03904,Neha Brown,neha.brown.3904@example.com,United Arab Emirates,2018-02-20,One-Time,559.18
CUST-03905,Meera Wilson,meera.wilson.3905@example.com,United States,2025-05-31,Inactive,6.56
CUST-03906,Aditi Wilson,aditi.wilson.3906@example.com,Canada,2024-07-28,Repeat,4991.05
CUST-03907,Meera Nair,meera.nair.3907@example.com,United Kingdom,2018-07-13,High-Value,23545.47
CUST-03908,Aditi Singh,aditi.singh.3908@example.com,Australia,2019-06-16,Repeat,7352.23
CUST-03909,Sophia Nair,sophia.nair.3909@example.com,United States,2019-01-18,One-Time,1020.40
CUST-03910,Meera Nair,meera.nair.3910@example.com,India,2024-05-21,One-Time,525.78
CUST-03911,Olivia Wilson,olivia.wilson.3911@example.com,Germany,2024-01-16,One-Time,995.24
CUST-03912,Aditi Mehta,aditi.mehta.3912@example.com,Canada,2019-09-16,High-Value,20005.54
CUST-03913,Rohan Sharma,rohan.sharma.3913@example.com,India,2023-03-27,Inactive,380.38
CUST-03914,Sophia Mehta,sophia.mehta.3914@example.com,Germany,2025-06-22,Repeat,2686.79
CUST-03915,Liam Garcia,liam.garcia.3915@example.com,United States,2023-03-18,Inactive,441.50
CUST-03916,Rohan Sharma,rohan.sharma.3916@example.com,United Arab Emirates,2018-10-24,Repeat,3005.19
CUST-03917,Sophia Garcia,sophia.garcia.3917@example.com,Germany,2020-12-03,High-Value,18969.15
CUST-03918,Diya Gupta,diya.gupta.3918@example.com,United States,2019-02-25,One-Time,241.06
CUST-03919,Emma Mehta,emma.mehta.3919@example.com,Singapore,2022-09-04,Repeat,3745.17
CUST-03920,Ishaan Garcia,ishaan.garcia.3920@example.com,United States,2022-11-29,Repeat,2399.17
CUST-03921,Kavya Brown,kavya.brown.3921@example.com,Canada,2022-06-01,One-Time,1070.31
CUST-03922,Sophia Gupta,sophia.gupta.3922@example.com,United Arab Emirates,2018-05-04,Inactive,108.24
CUST-03923,Sophia Gupta,sophia.gupta.3923@example.com,United States,2025-12-29,One-Time,249.07
CUST-03924,Aarav Sharma,aarav.sharma.3924@example.com,Canada,2024-09-29,One-Time,434.98
CUST-03925,Ishaan Wilson,ishaan.wilson.3925@example.com,Australia,2023-07-12,Repeat,2734.63
CUST-03926,Ishaan Miller,ishaan.miller.3926@example.com,India,2021-01-30,Inactive,31.64
CUST-03927,Vikram Brown,vikram.brown.3927@example.com,Singapore,2020-04-10,High-Value,24919.12
CUST-03928,Rohan Nair,rohan.nair.3928@example.com,United States,2018-08-09,Inactive,499.12
CUST-03929,Kavya Garcia,kavya.garcia.3929@example.com,Canada,2019-02-25,Inactive,11.65
CUST-03930,Vikram Garcia,vikram.garcia.3930@example.com,United States,2018-09-25,One-Time,621.24
CUST-03931,Olivia Wilson,olivia.wilson.3931@example.com,Canada,2021-06-20,Inactive,143.85
CUST-03932,Aarav Kumar,aarav.kumar.3932@example.com,Germany,2022-02-16,One-Time,110.94
CUST-03933,Arjun Gupta,arjun.gupta.3933@example.com,Singapore,2021-08-25,High-Value,23636.16
CUST-03934,Liam Nair,liam.nair.3934@example.com,Australia,2019-03-15,Repeat,3966.69
CUST-03935,Kavya Miller,kavya.miller.3935@example.com,India,2023-11-02,One-Time,564.51
CUST-03936,Olivia Nair,olivia.nair.3936@example.com,United States,2025-05-22,One-Time,54.93
CUST-03937,Aarav Reddy,aarav.reddy.3937@example.com,United States,2025-01-07,Repeat,4463.29
CUST-03938,Emma Brown,emma.brown.3938@example.com,Germany,2022-11-30,One-Time,155.73
CUST-03939,Neha Nair,neha.nair.3939@example.com,United Arab Emirates,2025-12-27,One-Time,148.12
CUST-03940,Rohan Mehta,rohan.mehta.3940@example.com,Australia,2018-06-28,Repeat,1023.21
CUST-03941,Kavya Gupta,kavya.gupta.3941@example.com,India,2025-01-17,One-Time,468.44
CUST-03942,Diya Mehta,diya.mehta.3942@example.com,United States,2025-05-05,Repeat,2256.29
CUST-03943,Kavya Sharma,kavya.sharma.3943@example.com,Germany,2020-03-03,One-Time,294.93
CUST-03944,Aarav Patel,aarav.patel.3944@example.com,United States,2018-03-11,Repeat,1895.73
CUST-03945,Neha Nair,neha.nair.3945@example.com,Singapore,2025-05-10,Inactive,160.87
CUST-03946,Liam Reddy,liam.reddy.3946@example.com,India,2018-01-31,Repeat,7084.03
CUST-03947,Liam Reddy,liam.reddy.3947@example.com,United States,2023-07-15,One-Time,354.16
CUST-03948,Emma Nair,emma.nair.3948@example.com,Australia,2020-06-09,Repeat,3199.98
CUST-03949,Meera Mehta,meera.mehta.3949@example.com,United Arab Emirates,2023-03-22,Inactive,488.82
CUST-03950,Olivia Kumar,olivia.kumar.3950@example.com,Germany,2021-03-12,Inactive,104.67
CUST-03951,Neha Singh,neha.singh.3951@example.com,United Arab Emirates,2018-01-25,Inactive,152.04
CUST-03952,Liam Kumar,liam.kumar.3952@example.com,India,2018-08-30,Inactive,175.99
CUST-03953,Kavya Brown,kavya.brown.3953@example.com,India,2018-05-08,One-Time,338.80
CUST-03954,Diya Wilson,diya.wilson.3954@example.com,Singapore,2024-07-27,One-Time,409.94
CUST-03955,Diya Singh,diya.singh.3955@example.com,India,2021-11-30,High-Value,9534.94
CUST-03956,Noah Miller,noah.miller.3956@example.com,United Arab Emirates,2021-08-06,One-Time,371.27
CUST-03957,Sophia Mehta,sophia.mehta.3957@example.com,United States,2018-04-07,Repeat,3324.93
CUST-03958,Noah Gupta,noah.gupta.3958@example.com,United Arab Emirates,2018-02-17,Repeat,1316.29
CUST-03959,Neha Reddy,neha.reddy.3959@example.com,United Kingdom,2023-05-11,One-Time,892.76
CUST-03960,Diya Kumar,diya.kumar.3960@example.com,Germany,2022-06-21,Repeat,4020.29
CUST-03961,Aditi Reddy,,United Kingdom,2018-08-29,One-Time,1050.99
CUST-03962,Sophia Patel,sophia.patel.3962@example.com,Canada,2022-03-06,One-Time,783.83
CUST-03963,Kavya Mehta,kavya.mehta.3963@example.com,Australia,2022-04-02,Repeat,3028.52
CUST-03964,Noah Singh,noah.singh.3964@example.com,Germany,2024-06-19,High-Value,24755.23
CUST-03965,Emma Gupta,emma.gupta.3965@example.com,Singapore,2018-12-11,Repeat,4603.92
CUST-03966,Ishaan Reddy,ishaan.reddy.3966@example.com,United States,2021-10-04,One-Time,750.00
CUST-03967,Noah Brown,noah.brown.3967@example.com,Germany,2021-09-09,Repeat,3765.57
CUST-03968,Neha Brown,neha.brown.3968@example.com,Australia,2020-06-19,Repeat,7248.63
CUST-03969,Aarav Reddy,aarav.reddy.3969@example.com,Canada,2023-09-25,Repeat,4897.99
CUST-03970,Olivia Kumar,olivia.kumar.3970@example.com,United States,2022-09-25,Repeat,3970.43
CUST-03971,Aarav Miller,aarav.miller.3971@example.com,United Arab Emirates,2025-02-04,One-Time,1024.97
CUST-03972,Liam Wilson,liam.wilson.3972@example.com,Singapore,2018-09-02,Repeat,4383.86
CUST-03973,Emma Gupta,emma.gupta.3973@example.com,Canada,2021-01-22,Repeat,6644.61
CUST-03974,Diya Reddy,diya.reddy.3974@example.com,India,2020-10-11,Repeat,1714.67
CUST-03975,Aditi Wilson,aditi.wilson.3975@example.com,United States,2022-04-03,Inactive,167.09
CUST-03976,Meera Miller,meera.miller.3976@example.com,United States,2025-09-16,Inactive,246.24
CUST-03977,Rohan Mehta,rohan.mehta.3977@example.com,United Arab Emirates,2020-03-23,One-Time,577.39
CUST-03978,Aditi Garcia,aditi.garcia.3978@example.com,Singapore,2020-11-13,Inactive,110.95
CUST-03979,Diya Wilson,diya.wilson.3979@example.com,Singapore,2022-02-06,One-Time,1149.88
CUST-03980,Liam Wilson,liam.wilson.3980@example.com,Canada,2025-12-05,Repeat,3315.35
CUST-03981,Vikram Mehta,vikram.mehta.3981@example.com,India,2020-08-07,Repeat,5575.58
CUST-03982,Meera Kumar,meera.kumar.3982@example.com,United Kingdom,2020-12-26,Repeat,4121.16
CUST-03983,Aditi Mehta,aditi.mehta.3983@example.com,Canada,2018-07-16,One-Time,54.81
CUST-03984,Sophia Garcia,sophia.garcia.3984@example.com,United Kingdom,2019-07-30,Repeat,2790.19
CUST-03985,Noah Gupta,noah.gupta.3985@example.com,United Arab Emirates,2022-01-29,High-Value,16260.96
CUST-03986,Diya Patel,diya.patel.3986@example.com,Canada,2023-03-11,One-Time,579.93
CUST-03987,Meera Mehta,meera.mehta.3987@example.com,United Arab Emirates,2024-12-24,Repeat,2984.15
CUST-03988,Olivia Nair,olivia.nair.3988@example.com,United Kingdom,2022-01-29,Repeat,3276.42
CUST-03989,Aarav Wilson,aarav.wilson.3989@example.com,United Arab Emirates,2022-04-03,Repeat,2751.63
CUST-03990,Sophia Brown,sophia.brown.3990@example.com,Singapore,2018-10-28,Repeat,2470.60
CUST-03991,Olivia Reddy,olivia.reddy.3991@example.com,United States,2025-06-30,Repeat,2016.84
CUST-03992,Ishaan Wilson,ishaan.wilson.3992@example.com,Germany,2020-08-23,Repeat,823.70
CUST-03993,Noah Miller,noah.miller.3993@example.com,Germany,2025-08-05,Repeat,7303.74
CUST-03994,Sophia Patel,sophia.patel.3994@example.com,United Arab Emirates,2020-04-05,High-Value,7648.35
CUST-03995,Arjun Reddy,arjun.reddy.3995@example.com,Australia,2024-05-14,One-Time,681.99
CUST-03996,Kavya Kumar,kavya.kumar.3996@example.com,United Kingdom,2019-10-23,Inactive,466.46
CUST-03997,Aditi Singh,aditi.singh.3997@example.com,United Kingdom,2025-05-31,One-Time,522.14
CUST-03998,Aditi Gupta,aditi.gupta.3998@example.com,United Kingdom,2024-01-25,Inactive,70.69
CUST-03999,Diya Wilson,diya.wilson.3999@example.com,Australia,2024-01-11,High-Value,21592.63
CUST-04000,Kavya Mehta,kavya.mehta.4000@example.com,Singapore,2021-05-29,Repeat,1641.42
CUST-04001,Aarav Sharma,aarav.sharma.4001@example.com,United Arab Emirates,2023-08-13,High-Value,23731.64
CUST-04002,Arjun Mehta,arjun.mehta.4002@example.com,Germany,2019-01-20,One-Time,783.22
CUST-04003,Neha Nair,neha.nair.4003@example.com,Germany,2021-10-12,Inactive,21.16
CUST-04004,Aditi Nair,aditi.nair.4004@example.com,United Kingdom,2021-08-03,High-Value,23275.85
CUST-04005,Noah Wilson,noah.wilson.4005@example.com,United States,2019-06-26,Inactive,462.67
CUST-04006,Diya Singh,diya.singh.4006@example.com,India,2021-06-13,One-Time,96.87
CUST-04007,Emma Kumar,emma.kumar.4007@example.com,United States,2025-04-11,One-Time,177.17
CUST-04008,Olivia Miller,olivia.miller.4008@example.com,Canada,2022-08-28,One-Time,909.17
CUST-04009,Rohan Mehta,rohan.mehta.4009@example.com,Singapore,2021-02-23,Repeat,5898.57
CUST-04010,Meera Singh,meera.singh.4010@example.com,United Kingdom,2022-04-03,Repeat,1753.29
CUST-04011,Meera Reddy,meera.reddy.4011@example.com,United Kingdom,2024-05-16,Repeat,7344.83
CUST-04012,Ishaan Wilson,ishaan.wilson.4012@example.com,India,2024-01-05,One-Time,227.34
CUST-04013,Emma Gupta,emma.gupta.4013@example.com,India,2022-03-10,Inactive,216.65
CUST-04014,Kavya Miller,kavya.miller.4014@example.com,United Arab Emirates,2019-08-22,High-Value,19894.72
CUST-04015,Arjun Singh,arjun.singh.4015@example.com,Canada,2023-01-01,Repeat,1897.93
CUST-04016,Liam Wilson,liam.wilson.4016@example.com,Singapore,2021-12-10,Inactive,374.10
CUST-04017,Ishaan Patel,ishaan.patel.4017@example.com,United Kingdom,2020-12-09,One-Time,443.78
CUST-04018,Noah Mehta,noah.mehta.4018@example.com,Australia,2018-12-19,Repeat,7287.19
CUST-04019,Liam Singh,liam.singh.4019@example.com,Canada,2020-03-01,Repeat,4886.12
CUST-04020,Ishaan Singh,ishaan.singh.4020@example.com,United Arab Emirates,2018-07-28,One-Time,341.36
CUST-04021,Arjun Singh,arjun.singh.4021@example.com,Germany,2022-06-15,Repeat,4432.07
CUST-04022,Liam Mehta,liam.mehta.4022@example.com,Australia,2020-10-26,One-Time,1061.03
CUST-04023,Diya Nair,diya.nair.4023@example.com,Canada,2018-07-21,High-Value,16415.30
CUST-04024,Aditi Nair,aditi.nair.4024@example.com,United Kingdom,2023-04-05,Inactive,93.13
CUST-04025,Aarav Miller,aarav.miller.4025@example.com,United Kingdom,2023-02-27,Inactive,57.13
CUST-04026,Aditi Nair,aditi.nair.4026@example.com,India,2023-05-10,One-Time,819.60
CUST-04027,Kavya Reddy,kavya.reddy.4027@example.com,Australia,2021-01-01,High-Value,14873.88
CUST-04028,Neha Brown,neha.brown.4028@example.com,United Arab Emirates,2022-12-24,One-Time,393.37
CUST-04029,Diya Miller,diya.miller.4029@example.com,Australia,2025-04-06,Inactive,433.60
CUST-04030,Diya Patel,diya.patel.4030@example.com,United Arab Emirates,2025-09-02,One-Time,457.17
CUST-04031,Kavya Garcia,kavya.garcia.4031@example.com,India,2018-08-09,Inactive,328.23
CUST-04032,Vikram Mehta,vikram.mehta.4032@example.com,Canada,2021-04-28,One-Time,330.29
CUST-04033,Olivia Mehta,olivia.mehta.4033@example.com,Singapore,2023-09-20,Repeat,3119.26
CUST-04034,Aditi Reddy,aditi.reddy.4034@example.com,Singapore,2018-06-02,Repeat,2554.97
CUST-04035,Sophia Wilson,sophia.wilson.4035@example.com,Australia,2023-03-20,Repeat,2732.46
CUST-04036,Aditi Miller,aditi.miller.4036@example.com,Canada,2018-11-25,One-Time,918.21
CUST-04037,Sophia Miller,sophia.miller.4037@example.com,Australia,2021-01-19,Inactive,99.54
CUST-04038,Meera Mehta,meera.mehta.4038@example.com,United States,2025-01-22,One-Time,839.98
CUST-04039,Ishaan Brown,ishaan.brown.4039@example.com,Singapore,2020-03-01,Inactive,267.93
CUST-04040,Aditi Brown,aditi.brown.4040@example.com,Canada,2018-01-13,One-Time,275.01
CUST-04041,Meera Gupta,meera.gupta.4041@example.com,Australia,2021-05-15,One-Time,70.83
CUST-04042,Aarav Sharma,aarav.sharma.4042@example.com,United States,2019-10-19,One-Time,1155.44
CUST-04043,Vikram Brown,vikram.brown.4043@example.com,United States,2021-06-24,Repeat,3049.21
CUST-04044,Aditi Sharma,aditi.sharma.4044@example.com,India,2019-01-26,High-Value,15193.38
CUST-04045,Noah Patel,noah.patel.4045@example.com,Canada,2022-07-21,Repeat,6308.90
CUST-04046,Vikram Patel,vikram.patel.4046@example.com,Australia,2023-06-12,Inactive,435.30
CUST-04047,Aditi Brown,aditi.brown.4047@example.com,India,2019-09-29,One-Time,536.47
CUST-04048,Sophia Kumar,sophia.kumar.4048@example.com,United Arab Emirates,2020-12-05,Repeat,6492.55
CUST-04049,Ishaan Wilson,ishaan.wilson.4049@example.com,United Arab Emirates,2024-05-12,Inactive,315.49
CUST-04050,Olivia Sharma,olivia.sharma.4050@example.com,United Kingdom,2020-02-01,Inactive,283.62
CUST-04051,Neha Mehta,neha.mehta.4051@example.com,Germany,2018-06-03,Repeat,4759.92
CUST-04052,Liam Reddy,liam.reddy.4052@example.com,Australia,2020-11-27,Repeat,3218.31
CUST-04053,Meera Brown,meera.brown.4053@example.com,Australia,2024-02-24,Repeat,6578.77
CUST-04054,Diya Patel,diya.patel.8422@example.com,Australia,2025-12-22,One-Time,793.27
CUST-04054,Meera Patel,meera.patel.4054@example.com,Canada,2019-02-07,One-Time,273.87
CUST-04055,Aarav Garcia,aarav.garcia.4055@example.com,Singapore,2021-08-12,Repeat,3949.32
CUST-04056,Aditi Garcia,aditi.garcia.4056@example.com,Canada,2024-12-14,One-Time,921.03
CUST-04057,Meera Nair,meera.nair.4057@example.com,Australia,2019-05-05,Repeat,3088.17
CUST-04058,Neha Patel,neha.patel.4058@example.com,United Arab Emirates,2024-06-29,One-Time,807.25
CUST-04059,Neha Gupta,neha.gupta.4059@example.com,United Arab Emirates,2020-11-22,High-Value,9880.25
CUST-04060,Kavya Patel,kavya.patel.4060@example.com,Singapore,2024-02-14,Repeat,4030.13
CUST-04061,Olivia Wilson,olivia.wilson.4061@example.com,Canada,2021-07-16,Repeat,5931.84
CUST-04062,Ishaan Brown,ishaan.brown.4062@example.com,Canada,2023-02-18,High-Value,20568.02
CUST-04063,Liam Singh,liam.singh.4063@example.com,Germany,2019-05-07,Repeat,7177.02
CUST-04064,Liam Patel,liam.patel.4064@example.com,United Kingdom,2018-12-25,High-Value,12789.58
CUST-04065,Diya Wilson,diya.wilson.4065@example.com,Australia,2020-09-10,Repeat,5166.13
CUST-04066,Olivia Wilson,olivia.wilson.4066@example.com,India,2019-02-17,High-Value,20018.99
CUST-04067,Noah Kumar,noah.kumar.1686@example.com,Canada,2020-03-05,Inactive,82.68
CUST-04067,Olivia Gupta,olivia.gupta.4067@example.com,India,2023-07-10,One-Time,145.24
CUST-04068,Diya Singh,diya.singh.4068@example.com,Singapore,2023-03-25,High-Value,11705.05
CUST-04069,Ishaan Wilson,ishaan.wilson.4069@example.com,Germany,2022-01-05,One-Time,90.98
CUST-04070,Noah Sharma,noah.sharma.4070@example.com,Germany,2018-02-26,Repeat,4600.17
CUST-04071,Vikram Patel,vikram.patel.4071@example.com,United Kingdom,2021-07-07,Repeat,3645.52
CUST-04072,Ishaan Brown,ishaan.brown.4072@example.com,India,2025-09-17,Repeat,2485.22
CUST-04073,Kavya Miller,kavya.miller.4073@example.com,Australia,2025-11-24,Inactive,288.49
CUST-04074,Rohan Nair,rohan.nair.4074@example.com,Australia,2019-12-01,Repeat,4152.58
CUST-04075,Aditi Mehta,aditi.mehta.4075@example.com,India,2018-04-14,Repeat,5700.28
CUST-04076,Aarav Kumar,aarav.kumar.4076@example.com,United Arab Emirates,2020-07-06,Inactive,483.92
CUST-04077,Liam Garcia,liam.garcia.4077@example.com,Canada,2022-09-26,One-Time,23.82
CUST-04078,Rohan Brown,rohan.brown.4078@example.com,United Arab Emirates,2025-12-07,One-Time,42.79
CUST-04079,Aarav Patel,aarav.patel.4079@example.com,Singapore,2024-03-27,One-Time,483.77
CUST-04080,Emma Wilson,emma.wilson.4080@example.com,United Kingdom,2024-07-06,One-Time,712.02
CUST-04081,Arjun Nair,arjun.nair.4081@example.com,Singapore,2019-03-14,Repeat,3531.27
CUST-04082,Diya Patel,diya.patel.4082@example.com,United States,2023-09-21,One-Time,420.42
CUST-04083,Kavya Reddy,kavya.reddy.4083@example.com,Canada,2019-08-18,High-Value,7331.15
CUST-04084,Noah Gupta,noah.gupta.4084@example.com,Germany,2018-02-11,One-Time,644.22
CUST-04085,Olivia Reddy,olivia.reddy.4085@example.com,United Kingdom,2018-12-26,Repeat,1757.91
CUST-04086,Vikram Patel,vikram.patel.4086@example.com,United Kingdom,2021-08-08,Inactive,392.44
CUST-04087,Meera Nair,meera.nair.4087@example.com,Singapore,2021-07-10,Repeat,2382.78
CUST-04088,Emma Reddy,emma.reddy.4088@example.com,United Arab Emirates,2018-05-24,High-Value,12611.72
CUST-04089,Sophia Patel,sophia.patel.4089@example.com,Australia,2025-10-31,Repeat,5934.40
CUST-04090,Vikram Nair,vikram.nair.4090@example.com,United Arab Emirates,2024-06-11,Inactive,338.28
CUST-04091,Vikram Gupta,vikram.gupta.4091@example.com,Singapore,2019-02-05,One-Time,514.64
CUST-04092,Emma Brown,emma.brown.4092@example.com,Singapore,2018-07-06,High-Value,11711.21
CUST-04093,Ishaan Patel,ishaan.patel.4093@example.com,United States,2022-02-10,One-Time,651.04
CUST-04094,Ishaan Singh,ishaan.singh.4094@example.com,Canada,2019-11-08,Repeat,1346.58
CUST-04095,Aditi Brown,aditi.brown.4095@example.com,Australia,2022-08-19,One-Time,253.91
CUST-04096,Vikram Singh,vikram.singh.4096@example.com,United Arab Emirates,2020-07-31,Inactive,215.42
CUST-04097,Olivia Kumar,olivia.kumar.4097@example.com,India,2024-10-09,Repeat,6743.77
CUST-04098,Aarav Gupta,aarav.gupta.4098@example.com,Singapore,2021-08-06,Repeat,3598.99
CUST-04099,Kavya Mehta,kavya.mehta.4099@example.com,United Arab Emirates,2018-11-23,Repeat,1850.27
CUST-04100,Emma Mehta,emma.mehta.4100@example.com,Canada,2018-09-12,One-Time,1070.50
CUST-04101,Diya Kumar,diya.kumar.4101@example.com,Australia,2023-08-14,One-Time,800.20
CUST-04102,Emma Reddy,emma.reddy.4102@example.com,United States,2022-02-09,One-Time,425.43
CUST-04103,Emma Nair,emma.nair.4103@example.com,Singapore,2018-05-10,One-Time,530.60
CUST-04104,Noah Miller,noah.miller.4104@example.com,India,2025-03-02,High-Value,23199.84
CUST-04105,Vikram Reddy,vikram.reddy.4105@example.com,Germany,2020-05-02,One-Time,536.15
CUST-04106,Meera Sharma,meera.sharma.4106@example.com,United Kingdom,2024-08-31,One-Time,1015.70
CUST-04107,Arjun Sharma,arjun.sharma.4107@example.com,United Arab Emirates,2020-10-24,One-Time,1176.61
CUST-04108,Meera Gupta,meera.gupta.4108@example.com,United Kingdom,2018-09-13,One-Time,790.73
CUST-04109,Rohan Sharma,rohan.sharma.4109@example.com,Australia,2022-12-12,One-Time,1084.15
CUST-04110,Aarav Mehta,aarav.mehta.4110@example.com,Canada,2020-06-13,High-Value,7214.87
CUST-04111,Sophia Miller,sophia.miller.4111@example.com,Australia,2023-01-08,High-Value,9626.86
CUST-04112,Emma Wilson,emma.wilson.4112@example.com,Canada,2024-11-03,Repeat,1062.69
CUST-04113,Olivia Garcia,olivia.garcia.4113@example.com,India,2021-01-31,Repeat,6671.18
CUST-04114,Ishaan Miller,ishaan.miller.4114@example.com,Canada,2025-06-19,One-Time,795.94
CUST-04115,Rohan Wilson,rohan.wilson.4115@example.com,Germany,2024-07-06,Repeat,2405.94
CUST-04116,Meera Miller,meera.miller.4116@example.com,Singapore,2021-05-25,Inactive,227.30
CUST-04117,Rohan Kumar,rohan.kumar.4117@example.com,Australia,2020-01-06,High-Value,11916.35
CUST-04118,Aditi Brown,aditi.brown.4118@example.com,Germany,2018-04-08,Repeat,3558.40
CUST-04119,Aarav Sharma,aarav.sharma.4119@example.com,Germany,2025-12-01,Repeat,6867.98
CUST-04120,Ishaan Gupta,ishaan.gupta.4120@example.com,United Arab Emirates,2022-12-26,One-Time,323.22
CUST-04121,Emma Nair,emma.nair.4121@example.com,United Arab Emirates,2022-09-26,High-Value,13504.46
CUST-04122,Aarav Sharma,aarav.sharma.4122@example.com,United States,2021-07-14,Repeat,2655.46
CUST-04123,Aditi Gupta,aditi.gupta.4123@example.com,India,2025-03-20,Repeat,7334.55
CUST-04124,Sophia Miller,sophia.miller.4124@example.com,Australia,2022-03-24,Repeat,2528.63
CUST-04125,Vikram Miller,vikram.miller.4125@example.com,Germany,2024-03-14,One-Time,846.99
CUST-04126,Ishaan Gupta,ishaan.gupta.4126@example.com,United Arab Emirates,2022-08-09,One-Time,726.70
CUST-04127,Arjun Brown,arjun.brown.4127@example.com,United States,2024-03-15,Inactive,266.10
CUST-04128,Rohan Mehta,rohan.mehta.4128@example.com,United Arab Emirates,2025-09-18,Repeat,1083.79
CUST-04129,Neha Brown,neha.brown.4129@example.com,United Arab Emirates,2020-06-12,Repeat,2115.69
CUST-04130,Arjun Miller,arjun.miller.4130@example.com,Canada,2019-07-14,High-Value,10291.18
CUST-04131,Arjun Kumar,arjun.kumar.4131@example.com,United States,2025-01-04,High-Value,15885.71
CUST-04132,Emma Garcia,emma.garcia.4132@example.com,Singapore,2018-06-04,One-Time,654.69
CUST-04133,Ishaan Wilson,ishaan.wilson.4133@example.com,United States,2021-06-15,High-Value,20669.53
CUST-04134,Neha Mehta,neha.mehta.4134@example.com,Canada,2025-04-18,Repeat,6631.11
CUST-04135,Aditi Gupta,aditi.gupta.4135@example.com,India,2022-07-06,Repeat,2359.17
CUST-04136,Aarav Reddy,aarav.reddy.4136@example.com,Germany,2024-02-11,One-Time,561.84
CUST-04137,Ishaan Kumar,ishaan.kumar.4137@example.com,India,2025-04-02,Inactive,304.12
CUST-04138,Noah Sharma,noah.sharma.4138@example.com,India,2019-04-06,One-Time,1179.82
CUST-04139,Arjun Wilson,arjun.wilson.4139@example.com,India,2021-12-21,Repeat,7017.29
CUST-04140,Aditi Nair,aditi.nair.4140@example.com,United Arab Emirates,2021-07-31,Inactive,440.03
CUST-04141,Liam Wilson,liam.wilson.4141@example.com,Canada,2020-09-30,One-Time,410.81
CUST-04142,Diya Wilson,diya.wilson.4142@example.com,Singapore,2022-04-28,One-Time,108.48
CUST-04143,Rohan Patel,rohan.patel.4143@example.com,United States,2022-09-15,High-Value,18338.96
CUST-04144,Noah Mehta,noah.mehta.4144@example.com,Australia,2025-10-12,One-Time,596.33
CUST-04145,Vikram Wilson,vikram.wilson.4145@example.com,Canada,2021-03-21,One-Time,631.18
CUST-04146,Meera Patel,meera.patel.4146@example.com,Singapore,2024-09-26,Inactive,214.83
CUST-04147,Vikram Wilson,vikram.wilson.4147@example.com,Germany,2021-08-07,High-Value,12461.78
CUST-04148,Aditi Singh,aditi.singh.4148@example.com,United Kingdom,2019-08-16,One-Time,71.92
CUST-04149,Olivia Miller,olivia.miller.4149@example.com,Canada,2025-10-26,One-Time,1066.07
CUST-04150,Diya Miller,diya.miller.4150@example.com,United States,2023-01-29,One-Time,283.25
CUST-04151,Liam Reddy,liam.reddy.4151@example.com,Canada,2020-09-10,One-Time,1077.37
CUST-04152,Sophia Wilson,sophia.wilson.4152@example.com,Germany,2025-09-23,One-Time,965.12
CUST-04153,Olivia Patel,olivia.patel.4153@example.com,Canada,2020-11-18,Inactive,33.51
CUST-04154,Rohan Brown,rohan.brown.4154@example.com,United Kingdom,2019-02-13,Repeat,2973.27
CUST-04155,Arjun Mehta,arjun.mehta.4155@example.com,United States,2023-05-27,Repeat,6211.63
CUST-04156,Rohan Sharma,rohan.sharma.4156@example.com,Canada,2018-01-05,Repeat,5412.04
CUST-04157,Aditi Kumar,aditi.kumar.4157@example.com,United States,2020-01-25,One-Time,779.34
CUST-04158,Olivia Reddy,olivia.reddy.4158@example.com,Canada,2023-09-07,Inactive,89.31
CUST-04159,Meera Sharma,meera.sharma.4159@example.com,Australia,2019-02-28,Repeat,6930.95
CUST-04160,Liam Gupta,liam.gupta.4160@example.com,India,2025-04-22,High-Value,24052.79
CUST-04161,Neha Brown,neha.brown.4161@example.com,United Arab Emirates,2022-01-11,One-Time,663.16
CUST-04162,Emma Reddy,emma.reddy.4162@example.com,Singapore,2019-08-05,Repeat,6336.49
CUST-04163,Aditi Garcia,aditi.garcia.4163@example.com,Germany,2024-04-20,Repeat,1054.55
CUST-04164,Vikram Sharma,vikram.sharma.4164@example.com,United Arab Emirates,2023-06-20,Inactive,381.98
CUST-04165,Ishaan Wilson,ishaan.wilson.4165@example.com,Germany,2018-05-30,Inactive,468.76
CUST-04166,Aarav Mehta,aarav.mehta.4166@example.com,Canada,2024-10-17,Repeat,7398.77
CUST-04167,Rohan Wilson,rohan.wilson.4167@example.com,United Kingdom,2025-04-14,One-Time,164.69
CUST-04168,Kavya Singh,kavya.singh.4168@example.com,United Kingdom,2023-06-19,Repeat,3181.29
CUST-04169,Aarav Patel,aarav.patel.4169@example.com,United Kingdom,2018-12-21,One-Time,530.83
CUST-04170,Noah Reddy,noah.reddy.4170@example.com,India,2019-05-30,Repeat,6425.04
CUST-04171,Rohan Singh,rohan.singh.4171@example.com,Singapore,2021-04-14,Repeat,2214.50
CUST-04172,Diya Singh,diya.singh.4172@example.com,Australia,2018-02-12,Repeat,3586.40
CUST-04173,Kavya Kumar,kavya.kumar.4173@example.com,United States,2025-01-12,Repeat,1150.21
CUST-04174,Vikram Gupta,vikram.gupta.4174@example.com,Singapore,2022-09-15,One-Time,794.42
CUST-04175,Neha Reddy,neha.reddy.4175@example.com,India,2018-06-02,One-Time,485.57
CUST-04176,Liam Wilson,liam.wilson.4176@example.com,Australia,2021-05-14,Inactive,7.31
CUST-04177,Aarav Miller,aarav.miller.4177@example.com,Germany,2023-10-27,Repeat,5228.81
CUST-04178,Rohan Brown,rohan.brown.4178@example.com,Germany,2023-09-26,One-Time,1063.75
CUST-04179,Vikram Nair,vikram.nair.4179@example.com,United States,2018-02-01,Repeat,1203.30
CUST-04180,Ishaan Kumar,ishaan.kumar.4180@example.com,United States,2024-07-30,One-Time,472.51
CUST-04181,Aarav Gupta,aarav.gupta.4181@example.com,Australia,2021-10-03,One-Time,159.60
CUST-04182,Emma Reddy,emma.reddy.4182@example.com,Germany,2018-10-20,High-Value,11205.86
CUST-04183,Neha Miller,neha.miller.4183@example.com,United Kingdom,2022-04-14,Repeat,2854.61
CUST-04184,Meera Nair,meera.nair.4184@example.com,United States,2025-10-19,Inactive,454.52
CUST-04185,Kavya Nair,kavya.nair.4185@example.com,India,2019-10-06,One-Time,659.28
CUST-04186,Liam Reddy,liam.reddy.4186@example.com,Singapore,2020-12-25,One-Time,655.91
CUST-04187,Arjun Miller,arjun.miller.4187@example.com,United Arab Emirates,2020-04-05,Repeat,5839.54
CUST-04188,Noah Garcia,noah.garcia.4188@example.com,Australia,2023-02-28,Repeat,5668.84
CUST-04189,Liam Nair,liam.nair.4189@example.com,United Kingdom,2023-06-17,Inactive,147.41
CUST-04190,Aarav Nair,aarav.nair.4190@example.com,Australia,2025-12-27,Inactive,237.56
CUST-04191,Kavya Reddy,kavya.reddy.4191@example.com,Australia,2024-04-26,Inactive,132.54
CUST-04192,Sophia Wilson,sophia.wilson.4192@example.com,United Arab Emirates,2018-02-11,One-Time,814.52
CUST-04193,Aarav Mehta,aarav.mehta.4193@example.com,Singapore,2025-11-24,One-Time,103.81
CUST-04194,Ishaan Garcia,ishaan.garcia.4194@example.com,United Arab Emirates,2019-01-09,One-Time,912.47
CUST-04195,Neha Singh,neha.singh.4195@example.com,Singapore,2018-06-14,One-Time,1036.62
CUST-04196,Liam Kumar,liam.kumar.4196@example.com,Germany,2023-04-24,Repeat,6565.45
CUST-04197,Aarav Wilson,aarav.wilson.4197@example.com,United Kingdom,2024-11-16,Repeat,5857.36
CUST-04198,Sophia Gupta,sophia.gupta.4198@example.com,Canada,2018-08-12,Repeat,6006.50
CUST-04199,Vikram Kumar,vikram.kumar.4199@example.com,Germany,2021-12-04,One-Time,840.19
CUST-04200,Vikram Mehta,vikram.mehta.4200@example.com,United States,2025-10-10,Inactive,477.35
CUST-04201,Emma Sharma,emma.sharma.4201@example.com,United States,2018-09-06,One-Time,919.39
CUST-04202,Arjun Sharma,arjun.sharma.4202@example.com,United States,2024-03-18,One-Time,360.06
CUST-04203,Aarav Brown,aarav.brown.4203@example.com,United Kingdom,2018-10-19,One-Time,768.68
CUST-04204,Aarav Mehta,aarav.mehta.4204@example.com,Germany,2023-04-06,One-Time,533.53
CUST-04205,Diya Kumar,diya.kumar.4205@example.com,United Kingdom,2021-11-18,One-Time,227.37
CUST-04206,Kavya Mehta,kavya.mehta.4206@example.com,United Kingdom,2022-02-12,Inactive,325.42
CUST-04207,Aarav Wilson,aarav.wilson.4207@example.com,Australia,2025-04-29,Inactive,241.41
CUST-04208,Neha Patel,neha.patel.4208@example.com,Canada,2023-06-24,One-Time,195.56
CUST-04209,Diya Garcia,diya.garcia.4209@example.com,Canada,2021-10-19,High-Value,23783.90
CUST-04210,Emma Singh,emma.singh.4210@example.com,Australia,2025-05-23,One-Time,953.62
CUST-04211,Rohan Garcia,rohan.garcia.4211@example.com,Canada,2022-09-23,Repeat,3598.66
CUST-04212,Vikram Nair,vikram.nair.4212@example.com,Australia,2020-08-09,Inactive,435.51
CUST-04213,Meera Brown,meera.brown.4213@example.com,India,2018-06-28,Repeat,2777.10
CUST-04214,Emma Sharma,emma.sharma.4214@example.com,Singapore,2020-03-27,Inactive,65.75
CUST-04215,Kavya Sharma,kavya.sharma.4215@example.com,India,2020-04-03,Repeat,6085.14
CUST-04216,Diya Nair,diya.nair.4216@example.com,United Arab Emirates,2019-11-26,One-Time,1091.23
CUST-04217,Diya Nair,diya.nair.4217@example.com,India,2023-07-06,High-Value,24189.41
CUST-04218,Kavya Wilson,kavya.wilson.4218@example.com,India,2025-09-09,Repeat,2337.19
CUST-04219,Sophia Wilson,sophia.wilson.4219@example.com,Canada,2020-04-29,Inactive,27.07
CUST-04220,Liam Brown,liam.brown.4220@example.com,Canada,2018-07-19,Repeat,5722.88
CUST-04221,Neha Garcia,neha.garcia.4221@example.com,United Arab Emirates,2021-09-29,Repeat,3749.52
CUST-04222,Diya Mehta,diya.mehta.4222@example.com,United States,2020-08-22,One-Time,340.03
CUST-04223,Aditi Patel,aditi.patel.4223@example.com,United Arab Emirates,2021-07-28,One-Time,197.13
CUST-04224,Meera Nair,meera.nair.4224@example.com,United Arab Emirates,2021-11-17,High-Value,23840.83
CUST-04225,Sophia Nair,sophia.nair.4225@example.com,United Kingdom,2019-01-22,Repeat,4058.97
CUST-04226,Rohan Garcia,rohan.garcia.4226@example.com,India,2020-12-25,One-Time,347.91
CUST-04227,Aditi Nair,aditi.nair.4227@example.com,United Arab Emirates,2018-11-10,Repeat,6506.08
CUST-04228,Kavya Singh,kavya.singh.4228@example.com,Canada,2019-03-24,High-Value,9134.99
CUST-04229,Noah Mehta,noah.mehta.4229@example.com,Germany,2024-04-04,Repeat,1321.53
CUST-04230,Meera Reddy,meera.reddy.4230@example.com,Canada,2022-04-05,Repeat,7191.08
CUST-04231,Neha Brown,neha.brown.4231@example.com,United Arab Emirates,2020-10-28,Repeat,2992.52
CUST-04232,Olivia Miller,olivia.miller.4232@example.com,Germany,2023-12-16,Repeat,5471.45
CUST-04233,Aarav Brown,aarav.brown.4233@example.com,Australia,2025-06-24,Inactive,406.65
CUST-04234,Olivia Reddy,olivia.reddy.4234@example.com,India,2025-06-01,Repeat,2288.19
CUST-04235,Olivia Brown,olivia.brown.4235@example.com,United States,2023-04-07,High-Value,5060.35
CUST-04236,Neha Garcia,neha.garcia.4236@example.com,Australia,2023-05-17,Repeat,949.45
CUST-04237,Liam Mehta,liam.mehta.4237@example.com,Australia,2025-03-08,Repeat,2076.15
CUST-04238,Emma Gupta,emma.gupta.4238@example.com,Germany,2021-09-02,High-Value,18331.31
CUST-04239,Vikram Wilson,vikram.wilson.4239@example.com,United Arab Emirates,2021-08-08,One-Time,576.06
CUST-04240,Olivia Singh,olivia.singh.4240@example.com,United Arab Emirates,2019-04-11,One-Time,1163.39
CUST-04241,Aditi Mehta,aditi.mehta.4241@example.com,India,2021-02-21,Inactive,368.75
CUST-04242,Ishaan Gupta,ishaan.gupta.4242@example.com,India,2021-01-03,Repeat,7313.92
CUST-04243,Aarav Reddy,aarav.reddy.4243@example.com,Germany,2023-10-27,One-Time,973.88
CUST-04244,Neha Nair,neha.nair.4244@example.com,Australia,2018-11-28,One-Time,634.96
CUST-04245,Rohan Brown,rohan.brown.4245@example.com,United Arab Emirates,2021-02-01,One-Time,523.34
CUST-04246,Sophia Sharma,sophia.sharma.4246@example.com,United States,2025-02-21,Repeat,6719.67
CUST-04247,Meera Singh,meera.singh.4247@example.com,United Kingdom,2021-12-24,Repeat,5911.25
CUST-04248,Meera Sharma,meera.sharma.4248@example.com,Canada,2023-10-01,High-Value,15634.21
CUST-04249,Emma Sharma,emma.sharma.4249@example.com,Australia,2023-08-05,One-Time,943.23
CUST-04250,Olivia Singh,olivia.singh.4250@example.com,United Arab Emirates,2023-10-16,Repeat,2614.58
CUST-04251,Emma Singh,emma.singh.4251@example.com,Germany,2021-09-03,Repeat,3276.15
CUST-04252,Olivia Garcia,olivia.garcia.4252@example.com,Germany,2020-01-07,Inactive,243.34
CUST-04253,Emma Garcia,emma.garcia.4253@example.com,Germany,2022-11-19,Repeat,814.11
CUST-04254,Olivia Reddy,olivia.reddy.4254@example.com,Australia,2023-12-20,Repeat,880.97
CUST-04255,Noah Nair,noah.nair.4255@example.com,United States,2022-07-13,One-Time,303.75
CUST-04256,Vikram Sharma,vikram.sharma.4256@example.com,Germany,2022-08-18,Repeat,4387.70
CUST-04257,Arjun Brown,arjun.brown.4257@example.com,Canada,2018-06-26,Repeat,6989.48
CUST-04258,Aarav Kumar,aarav.kumar.4258@example.com,United Arab Emirates,2021-11-18,Repeat,7065.06
CUST-04259,Diya Gupta,diya.gupta.4259@example.com,India,2018-09-10,Inactive,231.46
CUST-04260,Kavya Brown,kavya.brown.4260@example.com,United States,2018-02-28,Inactive,244.72
CUST-04261,Olivia Mehta,olivia.mehta.4261@example.com,India,2018-02-03,One-Time,1199.98
CUST-04262,Kavya Wilson,kavya.wilson.4262@example.com,United States,2020-08-04,Repeat,1867.00
CUST-04263,Liam Singh,liam.singh.4263@example.com,United Kingdom,2020-05-12,Repeat,3910.71
CUST-04264,Emma Singh,emma.singh.4264@example.com,United Arab Emirates,2020-08-03,Repeat,7493.74
CUST-04265,Rohan Nair,rohan.nair.4265@example.com,India,2022-10-07,One-Time,701.45
CUST-04266,Ishaan Kumar,ishaan.kumar.4266@example.com,United Kingdom,2025-11-18,Repeat,1785.00
CUST-04267,Sophia Brown,sophia.brown.4267@example.com,Canada,2024-10-20,Repeat,2109.22
CUST-04268,Meera Sharma,meera.sharma.4268@example.com,India,2021-08-15,One-Time,948.65
CUST-04269,Olivia Singh,olivia.singh.4269@example.com,India,2024-08-15,One-Time,814.63
CUST-04270,Aditi Patel,aditi.patel.4270@example.com,United Kingdom,2020-03-13,One-Time,1035.05
CUST-04271,Meera Singh,meera.singh.4271@example.com,Australia,2020-08-12,One-Time,716.50
CUST-04272,Kavya Patel,kavya.patel.4272@example.com,Australia,2018-12-13,One-Time,479.51
CUST-04273,Arjun Kumar,arjun.kumar.4273@example.com,United States,2022-09-07,Repeat,2081.90
CUST-04274,Diya Patel,diya.patel.4274@example.com,Germany,2021-05-21,Repeat,3363.42
CUST-04275,Emma Brown,emma.brown.4275@example.com,United Arab Emirates,2025-06-06,Repeat,3892.64
CUST-04276,Arjun Wilson,arjun.wilson.4276@example.com,Germany,2021-08-31,Inactive,468.02
CUST-04277,Liam Kumar,liam.kumar.4277@example.com,India,2019-11-01,Repeat,2962.80
CUST-04278,Noah Sharma,noah.sharma.4278@example.com,Canada,2019-06-12,Inactive,287.85
CUST-04279,Diya Miller,diya.miller.4279@example.com,Germany,2024-02-10,One-Time,710.52
CUST-04280,Aditi Nair,aditi.nair.4280@example.com,Canada,2025-05-24,One-Time,540.76
CUST-04281,Rohan Singh,rohan.singh.4281@example.com,India,2020-01-03,High-Value,13912.36
CUST-04282,Neha Reddy,neha.reddy.4282@example.com,Germany,2025-11-03,Repeat,3967.18
CUST-04283,Meera Miller,meera.miller.4283@example.com,Singapore,2019-04-05,One-Time,974.97
CUST-04284,Ishaan Singh,ishaan.singh.4284@example.com,Germany,2020-03-19,Repeat,2560.11
CUST-04285,Aarav Patel,aarav.patel.4285@example.com,Singapore,2020-11-19,One-Time,538.05
CUST-04286,Noah Gupta,noah.gupta.4286@example.com,Australia,2022-02-14,Repeat,5895.60
CUST-04287,Ishaan Mehta,ishaan.mehta.4287@example.com,United Arab Emirates,2022-10-29,One-Time,177.81
CUST-04288,Diya Reddy,diya.reddy.4288@example.com,India,2018-06-03,One-Time,722.03
CUST-04289,Kavya Singh,kavya.singh.4289@example.com,Germany,2022-06-16,Inactive,4.27
CUST-04290,Vikram Garcia,vikram.garcia.4290@example.com,India,2023-09-20,Repeat,5657.28
CUST-04291,Kavya Patel,kavya.patel.4291@example.com,Australia,2025-02-05,Inactive,3.08
CUST-04292,Olivia Brown,olivia.brown.4292@example.com,United States,2021-11-04,Repeat,4491.69
CUST-04293,Aditi Singh,aditi.singh.4293@example.com,Germany,2024-10-09,One-Time,148.80
CUST-04294,Aditi Wilson,aditi.wilson.4294@example.com,Germany,2021-08-26,Inactive,319.10
CUST-04295,Sophia Kumar,sophia.kumar.4295@example.com,United Kingdom,2021-05-11,Repeat,3562.60
CUST-04296,Rohan Wilson,rohan.wilson.4296@example.com,Australia,2022-12-01,Repeat,5168.94
CUST-04297,Sophia Gupta,sophia.gupta.4297@example.com,United States,2024-07-12,Repeat,4200.87
CUST-04298,Arjun Mehta,arjun.mehta.4298@example.com,United Kingdom,2020-10-17,Repeat,6395.85
CUST-04299,Rohan Gupta,rohan.gupta.4299@example.com,United Kingdom,2019-12-16,One-Time,375.31
CUST-04300,Aditi Gupta,aditi.gupta.4300@example.com,Germany,2021-01-18,Inactive,398.64
CUST-04301,Aarav Mehta,aarav.mehta.4301@example.com,United States,2024-05-08,Repeat,1032.27
CUST-04302,Liam Wilson,liam.wilson.4302@example.com,Canada,2024-10-15,One-Time,983.91
CUST-04303,Aditi Mehta,aditi.mehta.4303@example.com,Canada,2024-07-24,Repeat,1267.64
CUST-04304,Neha Miller,neha.miller.4304@example.com,India,2024-07-16,Repeat,886.42
CUST-04305,Emma Brown,emma.brown.4305@example.com,United States,2023-09-24,One-Time,1189.77
CUST-04306,Sophia Mehta,sophia.mehta.4306@example.com,India,2023-06-02,Repeat,4014.41
CUST-04307,Rohan Kumar,rohan.kumar.4307@example.com,United Arab Emirates,2024-08-27,Repeat,5579.34
CUST-04308,Liam Singh,liam.singh.4308@example.com,Australia,2018-07-01,One-Time,629.19
CUST-04309,Kavya Reddy,kavya.reddy.4309@example.com,Germany,2019-03-09,One-Time,1077.22
CUST-04310,Aarav Gupta,aarav.gupta.4310@example.com,Germany,2019-03-13,High-Value,6162.73
CUST-04311,Aditi Gupta,aditi.gupta.4311@example.com,United Kingdom,2020-02-07,Repeat,5677.84
CUST-04312,Noah Wilson,noah.wilson.4312@example.com,India,2021-03-13,Inactive,457.69
CUST-04313,Noah Singh,noah.singh.4313@example.com,India,2025-04-14,One-Time,793.85
CUST-04314,Vikram Gupta,vikram.gupta.4314@example.com,United Kingdom,2023-06-07,One-Time,748.31
CUST-04315,Olivia Nair,olivia.nair.4315@example.com,Singapore,2025-09-17,Repeat,6433.61
CUST-04316,Aditi Singh,aditi.singh.4316@example.com,India,2022-03-20,One-Time,51.12
CUST-04317,Neha Sharma,neha.sharma.4317@example.com,United Kingdom,2025-08-10,Repeat,3532.77
CUST-04318,Meera Gupta,meera.gupta.4318@example.com,United Kingdom,2018-06-04,Repeat,4607.39
CUST-04319,Noah Sharma,noah.sharma.4319@example.com,India,2022-02-21,Repeat,2047.25
CUST-04320,Liam Garcia,liam.garcia.4320@example.com,United Arab Emirates,2021-03-30,Repeat,5451.03
CUST-04321,Diya Singh,diya.singh.4321@example.com,Germany,2018-11-08,Inactive,94.60
CUST-04322,Ishaan Wilson,ishaan.wilson.4322@example.com,United Kingdom,2024-01-01,Repeat,4227.73
CUST-04323,Meera Miller,meera.miller.4323@example.com,Australia,2024-01-26,Repeat,5995.54
CUST-04324,Olivia Mehta,olivia.mehta.4324@example.com,United States,2022-02-19,One-Time,755.88
CUST-04325,Meera Miller,meera.miller.4325@example.com,United States,2019-01-20,High-Value,6038.19
CUST-04326,Arjun Mehta,arjun.mehta.4326@example.com,United States,2025-01-13,One-Time,757.19
CUST-04327,Emma Mehta,emma.mehta.4327@example.com,United Kingdom,2022-09-28,One-Time,212.51
CUST-04328,Kavya Miller,kavya.miller.4328@example.com,India,2021-01-10,Inactive,118.02
CUST-04329,Emma Mehta,emma.mehta.4329@example.com,Singapore,2021-10-16,Repeat,6483.24
CUST-04330,Olivia Reddy,olivia.reddy.4330@example.com,Australia,2019-07-13,Inactive,217.58
CUST-04331,Vikram Mehta,vikram.mehta.4331@example.com,Canada,2025-06-06,Repeat,1072.50
CUST-04332,Emma Reddy,emma.reddy.4332@example.com,India,2022-04-13,High-Value,22500.31
CUST-04333,Sophia Brown,sophia.brown.4333@example.com,Singapore,2018-01-17,Repeat,1998.24
CUST-04334,Noah Patel,noah.patel.4334@example.com,Canada,2020-11-15,Inactive,108.26
CUST-04335,Emma Reddy,emma.reddy.4335@example.com,United Kingdom,2021-05-22,High-Value,8337.32
CUST-04336,Noah Miller,noah.miller.4336@example.com,Australia,2020-02-27,Repeat,4359.40
CUST-04337,Aditi Garcia,aditi.garcia.4337@example.com,United Kingdom,2025-05-19,One-Time,345.02
CUST-04338,Kavya Nair,kavya.nair.4338@example.com,United Arab Emirates,2023-09-11,Inactive,407.44
CUST-04339,Olivia Patel,olivia.patel.4339@example.com,India,2020-04-05,One-Time,253.00
CUST-04340,Noah Patel,noah.patel.4340@example.com,Canada,2023-07-18,Repeat,3935.38
CUST-04341,Arjun Mehta,arjun.mehta.4341@example.com,Australia,2023-03-26,One-Time,784.29
CUST-04342,Diya Wilson,diya.wilson.4342@example.com,Singapore,2024-11-05,One-Time,324.83
CUST-04343,Meera Singh,meera.singh.4343@example.com,Australia,2024-07-02,Repeat,4550.10
CUST-04344,Aditi Sharma,aditi.sharma.4344@example.com,Germany,2025-11-29,Repeat,4132.95
CUST-04345,Vikram Singh,vikram.singh.4345@example.com,United Kingdom,2020-11-26,Repeat,5571.41
CUST-04346,Ishaan Garcia,ishaan.garcia.4346@example.com,India,2023-03-15,High-Value,11933.26
CUST-04347,Diya Kumar,diya.kumar.4347@example.com,United States,2018-12-15,One-Time,1064.89
CUST-04348,Emma Reddy,emma.reddy.4348@example.com,Australia,2022-07-07,One-Time,1005.74
CUST-04349,Kavya Reddy,kavya.reddy.4349@example.com,Germany,2022-02-11,One-Time,254.74
CUST-04350,Neha Miller,neha.miller.4350@example.com,Australia,2018-10-10,Repeat,4285.81
CUST-04351,Arjun Singh,arjun.singh.4351@example.com,United Arab Emirates,2020-11-05,Repeat,931.58
CUST-04352,Aarav Gupta,aarav.gupta.4352@example.com,United Kingdom,2022-07-23,Inactive,427.61
CUST-04353,Vikram Miller,vikram.miller.4353@example.com,Singapore,2025-05-28,Inactive,206.49
CUST-04354,Liam Singh,liam.singh.4354@example.com,Canada,2018-02-05,One-Time,981.87
CUST-04355,Neha Nair,neha.nair.4355@example.com,Australia,2019-09-07,Repeat,6404.09
CUST-04356,Olivia Brown,olivia.brown.4356@example.com,India,2020-06-07,Repeat,7081.85
CUST-04357,Noah Miller,,Singapore,2024-12-13,One-Time,211.44
CUST-04358,Arjun Kumar,arjun.kumar.4358@example.com,Canada,2019-06-12,Inactive,146.66
CUST-04359,Kavya Miller,kavya.miller.4359@example.com,United Kingdom,2025-10-14,One-Time,1006.03
CUST-04360,Arjun Gupta,arjun.gupta.4360@example.com,India,2019-11-26,Repeat,3076.17
CUST-04361,Ishaan Miller,ishaan.miller.4361@example.com,Germany,2021-07-17,Inactive,67.45
CUST-04362,Sophia Singh,sophia.singh.4362@example.com,United States,2025-11-01,One-Time,333.77
CUST-04363,Olivia Wilson,olivia.wilson.4363@example.com,Australia,2022-12-09,One-Time,243.30
CUST-04364,Neha Reddy,neha.reddy.4364@example.com,Canada,2021-11-16,Repeat,2238.26
CUST-04365,Emma Wilson,emma.wilson.4365@example.com,Germany,2025-02-01,Repeat,5853.22
CUST-04366,Meera Nair,meera.nair.4366@example.com,Canada,2019-07-07,One-Time,181.12
CUST-04367,Aditi Brown,aditi.brown.4367@example.com,United Arab Emirates,2018-12-05,Repeat,2873.97
CUST-04368,Kavya Gupta,kavya.gupta.4368@example.com,Singapore,2018-08-10,Repeat,4696.48
CUST-04369,Ishaan Kumar,ishaan.kumar.4369@example.com,India,2024-07-23,Inactive,327.26
CUST-04370,Kavya Nair,kavya.nair.4370@example.com,Australia,2021-01-06,One-Time,168.12
CUST-04371,Olivia Singh,olivia.singh.4371@example.com,Australia,2024-03-12,Repeat,3488.97
CUST-04372,Olivia Patel,olivia.patel.4372@example.com,Canada,2025-09-11,High-Value,11096.13
CUST-04373,Olivia Reddy,olivia.reddy.4373@example.com,Singapore,2025-11-16,High-Value,24823.50
CUST-04374,Olivia Gupta,olivia.gupta.4374@example.com,Singapore,2018-06-04,Repeat,3143.58
CUST-04375,Aditi Nair,aditi.nair.4375@example.com,Germany,2023-08-11,High-Value,16119.95
CUST-04376,Noah Wilson,noah.wilson.4376@example.com,Singapore,2023-01-26,One-Time,1126.75
CUST-04377,Kavya Mehta,kavya.mehta.4377@example.com,Singapore,2021-01-03,Repeat,5509.74
CUST-04378,Sophia Mehta,sophia.mehta.4378@example.com,Canada,2023-08-04,Repeat,5204.70
CUST-04379,Liam Nair,liam.nair.4379@example.com,India,2018-12-16,Inactive,37.56
CUST-04380,Aditi Gupta,aditi.gupta.4380@example.com,India,2024-12-20,One-Time,592.16
CUST-04381,Emma Nair,emma.nair.4381@example.com,United States,2024-03-27,One-Time,41.49
CUST-04382,Kavya Kumar,kavya.kumar.4382@example.com,Germany,2020-07-08,Repeat,6701.52
CUST-04383,Arjun Reddy,arjun.reddy.4383@example.com,United States,2022-04-12,Repeat,3673.16
CUST-04384,Sophia Sharma,sophia.sharma.4384@example.com,United States,2021-04-04,One-Time,525.87
CUST-04385,Meera Kumar,meera.kumar.4385@example.com,United States,2021-06-21,Repeat,5465.78
CUST-04386,Rohan Gupta,rohan.gupta.4386@example.com,United Arab Emirates,2025-09-25,One-Time,25.93
CUST-04387,Ishaan Singh,ishaan.singh.4387@example.com,Singapore,2024-02-05,One-Time,459.53
CUST-04388,Meera Gupta,meera.gupta.4388@example.com,Singapore,2021-10-12,One-Time,1084.08
CUST-04389,Aarav Kumar,aarav.kumar.4389@example.com,India,2022-05-08,Repeat,6057.81
CUST-04390,Arjun Mehta,arjun.mehta.4390@example.com,Germany,2018-05-06,One-Time,1194.03
CUST-04391,Olivia Nair,olivia.nair.4391@example.com,United Arab Emirates,2024-12-25,Repeat,4817.47
CUST-04392,Olivia Patel,olivia.patel.4392@example.com,United States,2019-06-02,One-Time,456.43
CUST-04393,Aditi Sharma,aditi.sharma.4393@example.com,United Arab Emirates,2024-01-12,Repeat,1837.19
CUST-04394,Rohan Brown,rohan.brown.4394@example.com,United Arab Emirates,2021-01-20,Inactive,11.10
CUST-04395,Aarav Patel,aarav.patel.4395@example.com,United Kingdom,2020-11-09,Repeat,2051.52
CUST-04396,Arjun Reddy,arjun.reddy.4396@example.com,United States,2018-12-22,One-Time,210.13
CUST-04397,Noah Wilson,noah.wilson.4397@example.com,Australia,2019-11-03,One-Time,258.25
CUST-04398,Kavya Sharma,kavya.sharma.4398@example.com,United States,2020-03-12,Repeat,1205.39
CUST-04399,Noah Kumar,noah.kumar.4399@example.com,India,2020-10-16,Repeat,7359.40
CUST-04400,Neha Kumar,neha.kumar.4400@example.com,Australia,2020-03-29,Inactive,58.45
CUST-04401,Aarav Mehta,aarav.mehta.4401@example.com,United Arab Emirates,2018-08-28,One-Time,698.58
CUST-04402,Meera Miller,meera.miller.4402@example.com,Singapore,2019-08-04,Repeat,5922.62
CUST-04403,Kavya Wilson,kavya.wilson.4403@example.com,Germany,2022-05-13,Inactive,347.11
CUST-04404,Neha Garcia,neha.garcia.4404@example.com,Singapore,2023-01-09,Inactive,245.33
CUST-04405,Aarav Miller,aarav.miller.4405@example.com,United Arab Emirates,2019-04-16,Repeat,1416.01
CUST-04406,Emma Garcia,emma.garcia.4406@example.com,Germany,2023-08-04,Repeat,3282.64
CUST-04407,Vikram Reddy,vikram.reddy.4407@example.com,United Arab Emirates,2023-09-09,High-Value,18156.94
CUST-04408,Aarav Brown,aarav.brown.4408@example.com,Australia,2022-03-28,Repeat,3321.74
CUST-04409,Rohan Nair,rohan.nair.4409@example.com,India,2023-08-31,One-Time,821.52
CUST-04410,Sophia Kumar,sophia.kumar.4410@example.com,India,2021-02-16,Repeat,4968.98
CUST-04411,Ishaan Singh,ishaan.singh.4411@example.com,Singapore,2022-08-31,Inactive,266.04
CUST-04412,Noah Patel,noah.patel.4412@example.com,United Arab Emirates,2020-11-09,Repeat,5306.09
CUST-04413,Sophia Sharma,sophia.sharma.4413@example.com,Germany,2024-10-29,Inactive,484.72
CUST-04414,Neha Garcia,neha.garcia.4414@example.com,Germany,2018-03-28,Repeat,4764.53
CUST-04415,Ishaan Wilson,ishaan.wilson.4415@example.com,Germany,2019-01-03,One-Time,492.34
CUST-04416,Sophia Sharma,sophia.sharma.4416@example.com,Germany,2018-04-01,Repeat,4895.85
CUST-04417,Vikram Mehta,vikram.mehta.4417@example.com,Canada,2019-09-19,High-Value,13377.06
CUST-04418,Noah Nair,noah.nair.4418@example.com,Germany,2022-06-22,One-Time,387.99
CUST-04419,Diya Garcia,diya.garcia.4419@example.com,Germany,2018-03-17,One-Time,78.52
CUST-04420,Aditi Wilson,aditi.wilson.4420@example.com,Singapore,2022-11-13,Inactive,159.63
CUST-04421,Aarav Garcia,aarav.garcia.4421@example.com,United States,2023-03-12,One-Time,1027.37
CUST-04422,Diya Singh,diya.singh.4422@example.com,United Kingdom,2021-01-20,One-Time,730.98
CUST-04423,Rohan Gupta,rohan.gupta.4423@example.com,Canada,2021-04-07,Repeat,5548.98
CUST-04424,Vikram Garcia,vikram.garcia.4424@example.com,United Kingdom,2025-12-07,One-Time,727.87
CUST-04425,Meera Brown,meera.brown.4425@example.com,Germany,2025-09-09,Repeat,5198.52
CUST-04426,Kavya Patel,kavya.patel.4426@example.com,Germany,2023-10-04,Repeat,4953.69
CUST-04427,Emma Singh,emma.singh.4427@example.com,United States,2025-10-27,Repeat,2087.12
CUST-04428,Liam Brown,liam.brown.4428@example.com,Australia,2018-01-27,Repeat,2037.04
CUST-04429,Vikram Patel,vikram.patel.4429@example.com,United Arab Emirates,2023-08-26,Repeat,5215.96
CUST-04430,Olivia Singh,olivia.singh.4430@example.com,Canada,2025-07-24,Repeat,5619.90
CUST-04431,Neha Sharma,neha.sharma.4431@example.com,Canada,2023-07-13,Inactive,246.29
CUST-04432,Arjun Sharma,arjun.sharma.4432@example.com,Germany,2018-07-24,One-Time,858.85
CUST-04433,Rohan Reddy,rohan.reddy.4433@example.com,India,2019-08-29,One-Time,201.10
CUST-04434,Arjun Singh,arjun.singh.4434@example.com,United Arab Emirates,2021-05-08,One-Time,371.23
CUST-04435,Aditi Nair,aditi.nair.4435@example.com,United Arab Emirates,2020-06-26,One-Time,437.03
CUST-04436,Meera Nair,meera.nair.4436@example.com,Singapore,2018-06-27,Repeat,5300.61
CUST-04437,Aditi Patel,aditi.patel.4437@example.com,Germany,2022-01-02,One-Time,795.79
CUST-04438,Liam Nair,liam.nair.4438@example.com,Canada,2019-11-14,One-Time,1172.66
CUST-04439,Neha Singh,neha.singh.4439@example.com,Canada,2022-05-26,Inactive,219.01
CUST-04440,Aditi Sharma,aditi.sharma.4440@example.com,Germany,2023-02-22,Inactive,41.32
CUST-04441,Diya Mehta,diya.mehta.4441@example.com,Australia,2021-09-03,Repeat,5742.92
CUST-04442,Vikram Reddy,vikram.reddy.4442@example.com,Canada,2025-09-23,One-Time,957.40
CUST-04443,Kavya Sharma,kavya.sharma.4443@example.com,Singapore,2025-12-26,One-Time,140.34
CUST-04444,Aarav Singh,aarav.singh.4444@example.com,Canada,2021-09-17,High-Value,17595.74
CUST-04445,Ishaan Wilson,ishaan.wilson.4445@example.com,Canada,2018-01-11,One-Time,24.51
CUST-04446,Aarav Brown,aarav.brown.4446@example.com,United Arab Emirates,2025-03-10,High-Value,7113.65
CUST-04447,Aarav Brown,aarav.brown.4447@example.com,United Kingdom,2025-07-28,High-Value,19074.27
CUST-04448,Vikram Brown,vikram.brown.4448@example.com,Canada,2021-11-26,One-Time,860.90
CUST-04449,Diya Patel,diya.patel.4449@example.com,United Arab Emirates,2023-01-09,Repeat,4787.72
CUST-04450,Liam Singh,liam.singh.4450@example.com,Germany,2019-02-04,Repeat,3966.92
CUST-04451,Neha Miller,neha.miller.4451@example.com,United States,2018-09-14,One-Time,453.29
CUST-04452,Meera Sharma,meera.sharma.4452@example.com,Canada,2020-03-25,Inactive,4.90
CUST-04453,Olivia Miller,olivia.miller.4453@example.com,Canada,2024-04-27,One-Time,356.55
CUST-04454,Kavya Patel,kavya.patel.4454@example.com,Canada,2024-06-19,Repeat,1409.63
CUST-04455,Meera Reddy,meera.reddy.4455@example.com,Canada,2024-01-21,High-Value,5691.30
CUST-04456,Kavya Gupta,kavya.gupta.4456@example.com,India,2024-07-27,Repeat,5761.72
CUST-04457,Diya Patel,diya.patel.4457@example.com,United Kingdom,2019-07-16,One-Time,990.50
CUST-04458,Meera Wilson,meera.wilson.4458@example.com,Singapore,2023-04-20,One-Time,193.23
CUST-04459,Aditi Sharma,aditi.sharma.4459@example.com,Canada,2022-01-19,One-Time,150.34
CUST-04460,Sophia Brown,sophia.brown.4460@example.com,Canada,2021-01-01,Inactive,275.06
CUST-04461,Noah Miller,noah.miller.4461@example.com,United Arab Emirates,2020-10-25,Repeat,4554.54
CUST-04462,Aarav Sharma,aarav.sharma.4462@example.com,United Kingdom,2019-02-27,Repeat,6847.41
CUST-04463,Sophia Miller,sophia.miller.4463@example.com,United States,2022-09-18,High-Value,10667.59
CUST-04464,Vikram Gupta,vikram.gupta.4464@example.com,India,2018-05-10,One-Time,330.69
CUST-04465,Meera Brown,meera.brown.4465@example.com,United States,2018-09-03,Inactive,269.01
CUST-04466,Neha Reddy,neha.reddy.4466@example.com,Singapore,2018-05-12,Inactive,391.74
CUST-04467,Sophia Kumar,sophia.kumar.4467@example.com,United Kingdom,2024-07-13,Inactive,470.27
CUST-04468,Vikram Sharma,vikram.sharma.4468@example.com,Canada,2023-02-24,One-Time,359.05
CUST-04469,Aarav Reddy,aarav.reddy.4469@example.com,Canada,2023-04-10,Repeat,4556.63
CUST-04470,Diya Wilson,diya.wilson.4470@example.com,United Arab Emirates,2019-09-15,One-Time,605.37
CUST-04471,Sophia Nair,sophia.nair.4471@example.com,Canada,2024-08-03,Repeat,4046.50
CUST-04472,Emma Mehta,emma.mehta.4472@example.com,Singapore,2019-08-15,High-Value,18614.27
CUST-04473,Noah Singh,noah.singh.4473@example.com,Australia,2018-08-17,Repeat,1627.25
CUST-04474,Neha Singh,neha.singh.4474@example.com,United Kingdom,2022-02-18,Repeat,6706.49
CUST-04475,Noah Patel,noah.patel.4475@example.com,Canada,2023-10-10,One-Time,523.31
CUST-04476,Vikram Reddy,vikram.reddy.4476@example.com,Germany,2025-04-10,Inactive,368.01
CUST-04477,Aarav Miller,aarav.miller.4477@example.com,Australia,2020-11-14,Repeat,2287.92
CUST-04478,Vikram Sharma,vikram.sharma.4478@example.com,United Kingdom,2020-05-07,Repeat,2369.83
CUST-04479,Sophia Miller,sophia.miller.4479@example.com,India,2022-02-06,Repeat,1247.35
CUST-04480,Aarav Kumar,aarav.kumar.4480@example.com,Singapore,2023-09-21,High-Value,16802.19
CUST-04481,Aarav Patel,aarav.patel.4481@example.com,United Kingdom,2019-02-15,One-Time,1155.36
CUST-04482,Rohan Gupta,rohan.gupta.4482@example.com,Australia,2018-03-23,Inactive,365.95
CUST-04483,Rohan Garcia,rohan.garcia.4483@example.com,Singapore,2021-02-23,Repeat,5199.41
CUST-04484,Vikram Sharma,vikram.sharma.4484@example.com,Germany,2023-10-28,One-Time,118.42
CUST-04485,Rohan Reddy,rohan.reddy.4485@example.com,Canada,2018-11-07,One-Time,1020.98
CUST-04486,Vikram Singh,vikram.singh.4486@example.com,United Arab Emirates,2023-06-13,One-Time,607.69
CUST-04487,Aarav Brown,aarav.brown.4487@example.com,Germany,2019-07-05,One-Time,552.51
CUST-04488,Neha Garcia,neha.garcia.4488@example.com,India,2025-03-10,One-Time,578.21
CUST-04489,Noah Gupta,noah.gupta.4489@example.com,Australia,2024-02-24,High-Value,23163.08
CUST-04490,Vikram Sharma,vikram.sharma.4490@example.com,India,2021-02-15,One-Time,638.33
CUST-04491,Kavya Patel,kavya.patel.4491@example.com,United Arab Emirates,2022-02-11,Repeat,7342.38
CUST-04492,Ishaan Miller,ishaan.miller.4492@example.com,India,2020-10-23,Repeat,5193.60
CUST-04493,Diya Sharma,diya.sharma.4493@example.com,United Arab Emirates,2024-04-01,Repeat,954.78
CUST-04494,Kavya Kumar,kavya.kumar.4494@example.com,United Arab Emirates,2019-03-07,Repeat,871.97
CUST-04495,Ishaan Wilson,ishaan.wilson.4495@example.com,Australia,2020-01-09,Repeat,4623.12
CUST-04496,Sophia Garcia,sophia.garcia.4496@example.com,India,2025-11-19,Repeat,7110.19
CUST-04497,Meera Singh,meera.singh.4497@example.com,Germany,2021-11-10,High-Value,5973.85
CUST-04498,Ishaan Garcia,ishaan.garcia.4498@example.com,Germany,2024-07-06,Inactive,491.10
CUST-04499,Sophia Brown,sophia.brown.4499@example.com,United States,2023-06-30,Repeat,2149.16
CUST-04500,Arjun Brown,arjun.brown.4500@example.com,United Kingdom,2023-01-11,Repeat,6610.39
CUST-04501,Liam Gupta,liam.gupta.4501@example.com,Canada,2020-06-01,Repeat,6835.71
CUST-04502,Noah Sharma,noah.sharma.4502@example.com,Canada,2020-06-08,High-Value,9182.15
CUST-04503,Diya Miller,diya.miller.4503@example.com,Australia,2021-01-30,High-Value,15180.09
CUST-04504,Olivia Wilson,olivia.wilson.4504@example.com,United Arab Emirates,2018-06-08,Repeat,1627.70
CUST-04505,Emma Miller,emma.miller.4505@example.com,United Kingdom,2019-11-01,Repeat,7259.85
CUST-04506,Arjun Garcia,arjun.garcia.4506@example.com,United Arab Emirates,2018-04-14,One-Time,829.46
CUST-04507,Noah Nair,noah.nair.4507@example.com,Singapore,2021-05-08,One-Time,685.20
CUST-04508,Aditi Garcia,aditi.garcia.4508@example.com,Australia,2018-10-18,One-Time,741.69
CUST-04509,Emma Nair,emma.nair.4509@example.com,India,2025-12-06,Inactive,288.71
CUST-04510,Aarav Wilson,aarav.wilson.4510@example.com,United Arab Emirates,2022-11-19,High-Value,17881.10
CUST-04511,Neha Nair,neha.nair.4511@example.com,Singapore,2019-01-02,Inactive,419.19
CUST-04512,Noah Gupta,noah.gupta.4512@example.com,United Kingdom,2018-03-19,High-Value,7340.32
CUST-04513,Liam Mehta,liam.mehta.4513@example.com,United Kingdom,2024-11-20,One-Time,470.20
CUST-04514,Rohan Wilson,rohan.wilson.4514@example.com,United Kingdom,2020-11-06,Repeat,5632.38
CUST-04515,Sophia Brown,sophia.brown.4515@example.com,Canada,2020-07-14,High-Value,15787.73
CUST-04516,Meera Wilson,meera.wilson.4516@example.com,United Kingdom,2020-03-22,Inactive,3.01
CUST-04517,Aditi Singh,aditi.singh.4517@example.com,United States,2025-02-06,Repeat,4792.65
CUST-04518,Vikram Wilson,vikram.wilson.4518@example.com,Germany,2019-07-13,Repeat,2636.47
CUST-04519,Aarav Nair,aarav.nair.4519@example.com,United Kingdom,2021-12-02,Inactive,141.21
CUST-04520,Olivia Brown,olivia.brown.4520@example.com,Canada,2021-04-01,Repeat,3676.97
CUST-04521,Meera Patel,meera.patel.4521@example.com,United States,2021-08-27,One-Time,1020.06
CUST-04522,Meera Garcia,meera.garcia.4522@example.com,United Kingdom,2022-02-02,Repeat,3383.96
CUST-04523,Aarav Wilson,aarav.wilson.4523@example.com,Singapore,2023-12-10,One-Time,225.84
CUST-04524,Liam Nair,liam.nair.4524@example.com,Canada,2018-05-19,Repeat,4208.11
CUST-04525,Vikram Patel,vikram.patel.4525@example.com,Germany,2020-07-25,High-Value,21304.25
CUST-04526,Aditi Wilson,aditi.wilson.4526@example.com,Canada,2020-04-14,One-Time,600.85
CUST-04527,Vikram Reddy,vikram.reddy.4527@example.com,Australia,2021-12-24,Repeat,3358.95
CUST-04528,Ishaan Garcia,ishaan.garcia.4528@example.com,Canada,2021-01-27,Repeat,7362.38
CUST-04529,Emma Kumar,emma.kumar.4529@example.com,Singapore,2022-09-15,One-Time,107.91
CUST-04530,Aditi Miller,aditi.miller.4530@example.com,United Arab Emirates,2022-06-14,One-Time,1181.68
CUST-04531,Sophia Garcia,sophia.garcia.4531@example.com,Canada,2025-08-29,One-Time,987.40
CUST-04532,Meera Mehta,meera.mehta.4532@example.com,United Arab Emirates,2025-02-27,One-Time,184.37
CUST-04533,Vikram Garcia,vikram.garcia.4533@example.com,United Arab Emirates,2019-12-18,One-Time,1151.65
CUST-04534,Ishaan Mehta,ishaan.mehta.4534@example.com,Singapore,2021-12-10,Repeat,4235.71
CUST-04535,Diya Nair,diya.nair.4535@example.com,India,2019-01-31,Inactive,478.51
CUST-04536,Liam Brown,liam.brown.4536@example.com,India,2018-05-19,Repeat,6881.21
CUST-04537,Kavya Nair,kavya.nair.4537@example.com,Australia,2022-12-29,One-Time,280.36
CUST-04538,Sophia Sharma,sophia.sharma.4538@example.com,India,2020-10-15,Repeat,3183.69
CUST-04539,Diya Garcia,diya.garcia.4539@example.com,Singapore,2023-09-20,One-Time,1198.76
CUST-04540,Meera Reddy,meera.reddy.4540@example.com,Canada,2021-01-21,Repeat,5634.60
CUST-04541,Meera Brown,meera.brown.4541@example.com,United Kingdom,2021-10-20,Repeat,2169.32
CUST-04542,Arjun Sharma,arjun.sharma.4542@example.com,Germany,2025-06-08,Repeat,3156.75
CUST-04543,Noah Brown,noah.brown.4543@example.com,Singapore,2024-10-22,Repeat,7307.81
CUST-04544,Diya Wilson,diya.wilson.4544@example.com,India,2025-10-16,Repeat,4380.13
CUST-04545,Aarav Sharma,aarav.sharma.4545@example.com,United Kingdom,2024-06-10,One-Time,644.50
CUST-04546,Sophia Reddy,sophia.reddy.4546@example.com,United States,2019-10-03,High-Value,10681.37
CUST-04547,Aditi Singh,aditi.singh.4547@example.com,United Kingdom,2018-05-25,Inactive,352.19
CUST-04548,Vikram Patel,vikram.patel.4548@example.com,Australia,2018-04-03,One-Time,160.07
CUST-04549,Meera Gupta,meera.gupta.4549@example.com,United Arab Emirates,2022-05-30,One-Time,889.68
CUST-04550,Ishaan Miller,ishaan.miller.4550@example.com,Australia,2021-07-20,Repeat,1510.73
CUST-04551,Kavya Singh,kavya.singh.4551@example.com,United Kingdom,2024-01-17,Repeat,7066.26
CUST-04552,Aditi Reddy,aditi.reddy.4552@example.com,Australia,2025-11-17,One-Time,553.86
CUST-04553,Rohan Nair,rohan.nair.4553@example.com,Singapore,2019-06-09,Inactive,101.21
CUST-04554,Arjun Kumar,arjun.kumar.4554@example.com,Germany,2021-12-20,One-Time,498.82
CUST-04555,Kavya Garcia,kavya.garcia.4555@example.com,United Arab Emirates,2019-06-18,One-Time,1149.02
CUST-04556,Rohan Brown,rohan.brown.4556@example.com,Canada,2018-12-19,Inactive,309.91
CUST-04557,Liam Sharma,liam.sharma.4557@example.com,India,2019-09-01,High-Value,10662.91
CUST-04558,Noah Patel,noah.patel.4558@example.com,United Arab Emirates,2022-10-19,Inactive,101.96
CUST-04559,Olivia Nair,olivia.nair.4559@example.com,United Arab Emirates,2024-10-12,One-Time,38.76
CUST-04560,Noah Brown,noah.brown.4560@example.com,United Kingdom,2021-12-11,Repeat,2016.13
CUST-04561,Liam Wilson,liam.wilson.4561@example.com,Germany,2022-06-17,One-Time,1197.20
CUST-04562,Kavya Mehta,kavya.mehta.4562@example.com,Germany,2025-05-10,One-Time,965.71
CUST-04563,Kavya Wilson,kavya.wilson.4563@example.com,Germany,2023-03-04,High-Value,11734.80
CUST-04564,Aarav Garcia,aarav.garcia.4564@example.com,Australia,2025-07-13,Inactive,31.26
CUST-04565,Arjun Nair,arjun.nair.4565@example.com,India,2020-08-02,One-Time,349.73
CUST-04566,Rohan Gupta,rohan.gupta.4566@example.com,United Arab Emirates,2021-03-19,High-Value,7949.26
CUST-04567,Aditi Nair,aditi.nair.4567@example.com,United Arab Emirates,2025-11-06,One-Time,982.89
CUST-04568,Olivia Patel,olivia.patel.4568@example.com,Singapore,2018-02-18,Repeat,6700.11
CUST-04569,Ishaan Brown,ishaan.brown.4569@example.com,United Arab Emirates,2023-12-12,One-Time,121.51
CUST-04570,Ishaan Brown,ishaan.brown.4570@example.com,Canada,2024-11-14,One-Time,983.39
CUST-04571,Ishaan Sharma,ishaan.sharma.4571@example.com,Canada,2022-03-29,One-Time,732.45
CUST-04572,Diya Brown,diya.brown.4572@example.com,Singapore,2023-07-03,Repeat,2663.96
CUST-04573,Noah Brown,noah.brown.4573@example.com,United Kingdom,2022-05-18,One-Time,181.63
CUST-04574,Sophia Miller,sophia.miller.4574@example.com,India,2024-12-27,One-Time,1131.92
CUST-04575,Vikram Brown,vikram.brown.4575@example.com,United States,2022-10-10,Repeat,6401.30
CUST-04576,Rohan Kumar,rohan.kumar.4576@example.com,United Kingdom,2021-06-15,One-Time,290.63
CUST-04577,Olivia Wilson,olivia.wilson.4577@example.com,United Kingdom,2018-11-04,High-Value,22690.01
CUST-04578,Rohan Garcia,rohan.garcia.4578@example.com,Australia,2025-05-12,One-Time,548.32
CUST-04579,Aditi Patel,aditi.patel.4579@example.com,Canada,2024-10-28,High-Value,17674.79
CUST-04580,Olivia Reddy,olivia.reddy.4580@example.com,United Kingdom,2022-06-12,One-Time,963.42
CUST-04581,Meera Kumar,meera.kumar.4581@example.com,India,2018-05-28,One-Time,572.34
CUST-04582,Kavya Brown,kavya.brown.4582@example.com,United Arab Emirates,2022-02-26,Inactive,187.36
CUST-04583,Aditi Patel,aditi.patel.4583@example.com,Canada,2024-08-27,Repeat,6968.45
CUST-04584,Rohan Miller,rohan.miller.4584@example.com,Australia,2024-10-31,Repeat,6433.74
CUST-04585,Vikram Kumar,vikram.kumar.4585@example.com,Canada,2019-07-14,One-Time,1155.12
CUST-04586,Noah Singh,noah.singh.4586@example.com,Singapore,2020-10-09,One-Time,675.90
CUST-04587,Diya Nair,diya.nair.4587@example.com,United Kingdom,2018-08-06,Repeat,4287.14
CUST-04588,Neha Wilson,neha.wilson.4588@example.com,India,2019-02-19,High-Value,13542.03
CUST-04589,Kavya Mehta,kavya.mehta.4589@example.com,United Arab Emirates,2022-05-01,One-Time,523.76
CUST-04590,Ishaan Reddy,ishaan.reddy.4590@example.com,United Kingdom,2025-06-29,One-Time,638.62
CUST-04591,Noah Reddy,noah.reddy.4591@example.com,Australia,2022-02-06,One-Time,688.66
CUST-04592,Noah Singh,noah.singh.4592@example.com,Germany,2025-04-20,One-Time,900.50
CUST-04593,Aarav Patel,aarav.patel.4593@example.com,Australia,2021-09-22,Repeat,7040.72
CUST-04594,Sophia Singh,sophia.singh.4594@example.com,Germany,2023-09-25,One-Time,703.73
CUST-04595,Olivia Reddy,olivia.reddy.4595@example.com,United Kingdom,2021-07-13,Inactive,403.40
CUST-04596,Ishaan Kumar,ishaan.kumar.4596@example.com,United States,2025-04-26,Inactive,58.95
CUST-04597,Noah Wilson,noah.wilson.4597@example.com,Australia,2020-10-22,High-Value,17780.99
CUST-04598,Vikram Brown,vikram.brown.4598@example.com,Singapore,2022-12-14,Repeat,6382.06
CUST-04599,Kavya Sharma,kavya.sharma.4599@example.com,Germany,2025-11-18,One-Time,246.01
CUST-04600,Arjun Brown,arjun.brown.4600@example.com,Canada,2019-07-10,One-Time,819.27
CUST-04601,Emma Patel,emma.patel.4601@example.com,United Kingdom,2019-08-19,Repeat,3680.58
CUST-04602,Olivia Mehta,olivia.mehta.4602@example.com,United Kingdom,2024-02-01,Repeat,1094.98
CUST-04603,Liam Wilson,liam.wilson.4603@example.com,United States,2018-05-16,One-Time,386.03
CUST-04604,Sophia Nair,sophia.nair.4604@example.com,United Arab Emirates,2019-07-22,One-Time,936.45
CUST-04605,Vikram Nair,vikram.nair.4605@example.com,United Kingdom,2024-01-14,Repeat,2791.47
CUST-04606,Emma Mehta,emma.mehta.4606@example.com,Australia,2023-06-30,One-Time,1039.51
CUST-04607,Neha Mehta,neha.mehta.4607@example.com,United Kingdom,2021-02-17,Repeat,1980.36
CUST-04608,Vikram Gupta,vikram.gupta.4608@example.com,United Kingdom,2018-07-12,High-Value,23486.22
CUST-04609,Aarav Miller,aarav.miller.4609@example.com,Singapore,2018-08-24,One-Time,1085.52
CUST-04610,Neha Kumar,neha.kumar.4610@example.com,Canada,2021-07-28,Repeat,4161.71
CUST-04611,Diya Nair,diya.nair.4611@example.com,Australia,2018-02-26,Repeat,1431.64
CUST-04612,Meera Singh,meera.singh.4612@example.com,Germany,2021-10-05,Inactive,17.84
CUST-04613,Rohan Singh,rohan.singh.4613@example.com,United Arab Emirates,2018-09-07,One-Time,1060.60
CUST-04614,Vikram Wilson,vikram.wilson.4614@example.com,Australia,2022-02-16,One-Time,1160.52
CUST-04615,Aditi Mehta,aditi.mehta.4615@example.com,Germany,2023-01-03,One-Time,234.25
CUST-04616,Neha Patel,neha.patel.4616@example.com,Germany,2023-01-12,Repeat,2810.05
CUST-04617,Diya Reddy,diya.reddy.4617@example.com,Australia,2019-04-06,Repeat,5022.00
CUST-04618,Aditi Brown,aditi.brown.4618@example.com,United States,2021-11-01,Repeat,940.33
CUST-04619,Kavya Reddy,kavya.reddy.4619@example.com,India,2025-01-24,Repeat,938.51
CUST-04620,Rohan Garcia,rohan.garcia.4620@example.com,Germany,2025-12-09,One-Time,898.78
CUST-04621,Noah Singh,noah.singh.4621@example.com,Australia,2021-02-17,One-Time,124.88
CUST-04622,Vikram Reddy,vikram.reddy.4622@example.com,United Arab Emirates,2024-11-11,High-Value,17108.88
CUST-04623,Noah Sharma,noah.sharma.4623@example.com,Australia,2018-03-01,Repeat,2978.27
CUST-04624,Emma Kumar,emma.kumar.4624@example.com,United Arab Emirates,2020-09-17,High-Value,11110.10
CUST-04625,Ishaan Reddy,ishaan.reddy.4625@example.com,Australia,2019-05-01,Repeat,3914.49
CUST-04626,Arjun Gupta,arjun.gupta.4626@example.com,Australia,2024-10-17,Repeat,2896.23
CUST-04627,Noah Singh,noah.singh.4627@example.com,Singapore,2021-05-29,High-Value,24456.82
CUST-04628,Sophia Brown,sophia.brown.4628@example.com,Singapore,2024-11-24,Repeat,928.65
CUST-04629,Emma Garcia,emma.garcia.4629@example.com,United Arab Emirates,2024-09-10,High-Value,13050.07
CUST-04630,Sophia Garcia,sophia.garcia.4630@example.com,United Arab Emirates,2024-08-26,Repeat,7485.88
CUST-04631,Sophia Wilson,sophia.wilson.4631@example.com,India,2024-12-16,High-Value,12707.48
CUST-04632,Neha Singh,neha.singh.4632@example.com,Singapore,2018-11-25,Repeat,6418.45
CUST-04633,Emma Garcia,emma.garcia.4633@example.com,United Kingdom,2020-12-20,Repeat,1286.72
CUST-04634,Noah Mehta,noah.mehta.4634@example.com,United States,2023-02-24,Repeat,4293.71
CUST-04635,Diya Singh,diya.singh.4635@example.com,Germany,2025-02-08,High-Value,14111.28
CUST-04636,Noah Wilson,noah.wilson.4636@example.com,United States,2024-01-05,Repeat,3743.43
CUST-04637,Sophia Brown,sophia.brown.4637@example.com,Singapore,2020-03-04,One-Time,1043.30
CUST-04638,Noah Miller,noah.miller.4638@example.com,Singapore,2023-05-13,One-Time,1086.45
CUST-04639,Emma Brown,emma.brown.4639@example.com,United Arab Emirates,2021-02-02,Inactive,172.92
CUST-04640,Liam Singh,liam.singh.4640@example.com,Germany,2019-02-01,Repeat,6865.15
CUST-04641,Sophia Kumar,sophia.kumar.4641@example.com,India,2020-05-09,Repeat,7412.00
CUST-04642,Meera Mehta,meera.mehta.4642@example.com,Singapore,2021-01-06,Repeat,6150.88
CUST-04643,Diya Patel,diya.patel.4643@example.com,Canada,2022-12-22,One-Time,171.66
CUST-04644,Liam Mehta,liam.mehta.4644@example.com,United States,2020-08-31,Repeat,1969.34
CUST-04645,Vikram Nair,vikram.nair.4645@example.com,Canada,2018-09-02,Repeat,5206.38
CUST-04646,Sophia Sharma,sophia.sharma.4646@example.com,Singapore,2022-02-04,Repeat,4215.85
CUST-04647,Meera Garcia,meera.garcia.4647@example.com,Australia,2025-12-28,Repeat,7285.93
CUST-04648,Rohan Mehta,rohan.mehta.4648@example.com,Germany,2020-12-09,Repeat,6102.84
CUST-04649,Rohan Wilson,rohan.wilson.4649@example.com,United Kingdom,2020-03-13,Repeat,5176.38
CUST-04650,Arjun Reddy,arjun.reddy.4650@example.com,United Kingdom,2023-11-15,One-Time,935.52
CUST-04651,Diya Gupta,diya.gupta.4651@example.com,United States,2023-12-27,Repeat,2310.32
CUST-04652,Meera Sharma,meera.sharma.4652@example.com,United Kingdom,2023-09-14,Repeat,4295.81
CUST-04653,Kavya Gupta,kavya.gupta.4653@example.com,India,2023-11-22,One-Time,1196.63
CUST-04654,Vikram Sharma,vikram.sharma.4654@example.com,Germany,2022-04-16,Inactive,361.01
CUST-04655,Neha Brown,neha.brown.4655@example.com,Singapore,2023-04-05,Repeat,3983.26
CUST-04656,Neha Mehta,neha.mehta.4656@example.com,India,2020-02-05,Repeat,975.97
CUST-04657,Aditi Gupta,aditi.gupta.4657@example.com,Australia,2021-09-29,Repeat,3795.09
CUST-04658,Kavya Miller,kavya.miller.4658@example.com,Singapore,2020-07-03,Inactive,16.43
CUST-04659,Liam Sharma,liam.sharma.4659@example.com,United Kingdom,2023-05-18,One-Time,819.09
CUST-04660,Aditi Gupta,aditi.gupta.4660@example.com,Canada,2021-07-09,One-Time,85.12
CUST-04661,Kavya Gupta,kavya.gupta.4661@example.com,United Arab Emirates,2022-07-05,One-Time,461.78
CUST-04662,Sophia Patel,sophia.patel.4662@example.com,United States,2025-03-01,One-Time,374.74
CUST-04663,Neha Singh,neha.singh.4663@example.com,India,2018-06-26,Repeat,1933.88
CUST-04664,Noah Miller,noah.miller.4664@example.com,Canada,2020-02-02,Repeat,7185.77
CUST-04665,Vikram Reddy,vikram.reddy.4665@example.com,United Arab Emirates,2020-12-24,Inactive,351.39
CUST-04666,Aditi Sharma,aditi.sharma.4666@example.com,Germany,2020-03-13,High-Value,6836.15
CUST-04667,Ishaan Brown,ishaan.brown.4667@example.com,United Kingdom,2019-02-20,One-Time,530.40
CUST-04668,Sophia Kumar,sophia.kumar.4668@example.com,Singapore,2019-03-24,Repeat,1193.17
CUST-04669,Meera Patel,meera.patel.4669@example.com,Canada,2024-02-19,High-Value,23817.33
CUST-04670,Neha Patel,neha.patel.4670@example.com,United Arab Emirates,2023-03-19,Repeat,5814.32
CUST-04671,Diya Kumar,diya.kumar.4671@example.com,Australia,2018-03-13,One-Time,660.55
CUST-04672,Emma Singh,emma.singh.4672@example.com,Singapore,2022-03-16,Inactive,309.42
CUST-04673,Aditi Brown,aditi.brown.4673@example.com,Australia,2020-03-10,Repeat,3537.11
CUST-04674,Arjun Brown,arjun.brown.4674@example.com,Singapore,2024-10-22,Repeat,4054.34
CUST-04675,Arjun Kumar,arjun.kumar.4675@example.com,United Arab Emirates,2022-03-12,Repeat,3321.73
CUST-04676,Liam Mehta,liam.mehta.4676@example.com,United States,2024-02-08,One-Time,407.40
CUST-04677,Rohan Nair,rohan.nair.4677@example.com,India,2023-06-20,Repeat,7169.99
CUST-04678,Olivia Gupta,olivia.gupta.4678@example.com,India,2020-09-28,Repeat,6283.15
CUST-04679,Kavya Patel,kavya.patel.4679@example.com,Germany,2023-04-03,Repeat,3406.58
CUST-04680,Aditi Patel,aditi.patel.4680@example.com,Singapore,2019-02-27,High-Value,15188.00
CUST-04681,Vikram Reddy,,Australia,2023-03-27,Inactive,82.33
CUST-04682,Emma Wilson,emma.wilson.4682@example.com,Canada,2019-02-15,High-Value,18140.22
CUST-04683,Rohan Reddy,rohan.reddy.4683@example.com,Canada,2025-10-10,Repeat,1200.76
CUST-04684,Kavya Singh,kavya.singh.4684@example.com,India,2025-04-02,Repeat,3582.66
CUST-04685,Aarav Sharma,aarav.sharma.4685@example.com,Australia,2022-07-04,Inactive,37.05
CUST-04686,Neha Gupta,neha.gupta.4686@example.com,India,2022-11-11,High-Value,19721.81
CUST-04687,Liam Reddy,liam.reddy.4687@example.com,United Kingdom,2023-10-12,Repeat,6166.00
CUST-04688,Neha Kumar,neha.kumar.4688@example.com,Singapore,2021-02-22,Repeat,4094.53
CUST-04689,Liam Kumar,liam.kumar.4689@example.com,India,2020-05-04,Repeat,5963.65
CUST-04690,Neha Wilson,neha.wilson.4690@example.com,Singapore,2018-09-12,One-Time,342.01
CUST-04691,Vikram Garcia,vikram.garcia.4691@example.com,Germany,2020-12-07,One-Time,591.89
CUST-04692,Emma Gupta,emma.gupta.4692@example.com,Singapore,2024-10-27,Repeat,5659.49
CUST-04693,Olivia Nair,olivia.nair.4693@example.com,United Kingdom,2021-01-27,Repeat,3717.38
CUST-04694,Aditi Sharma,aditi.sharma.4694@example.com,United States,2020-11-16,Inactive,190.08
CUST-04695,Aditi Garcia,aditi.garcia.4695@example.com,Canada,2021-09-08,One-Time,345.27
CUST-04696,Arjun Wilson,arjun.wilson.4696@example.com,United States,2019-07-08,Inactive,61.58
CUST-04697,Olivia Singh,olivia.singh.4697@example.com,Canada,2019-02-01,One-Time,50.08
CUST-04698,Meera Nair,meera.nair.4698@example.com,Canada,2024-05-06,Inactive,397.15
CUST-04699,Emma Miller,,Australia,2020-02-24,Repeat,4379.32
CUST-04700,Vikram Reddy,vikram.reddy.4700@example.com,Australia,2021-04-09,Repeat,6363.39
CUST-04701,Sophia Kumar,sophia.kumar.4701@example.com,Canada,2024-07-23,Repeat,6382.47
CUST-04702,Vikram Singh,vikram.singh.4702@example.com,India,2020-04-25,Inactive,485.39
CUST-04703,Aarav Miller,aarav.miller.4703@example.com,India,2020-09-23,High-Value,13243.95
CUST-04704,Ishaan Garcia,ishaan.garcia.4704@example.com,Germany,2018-10-15,Repeat,898.92
CUST-04705,Rohan Singh,rohan.singh.4705@example.com,Singapore,2023-01-27,Inactive,17.84
CUST-04706,Liam Brown,liam.brown.4706@example.com,Singapore,2024-10-20,One-Time,978.65
CUST-04707,Liam Miller,liam.miller.4707@example.com,India,2022-11-22,Repeat,4100.59
CUST-04708,Diya Miller,diya.miller.4708@example.com,United States,2024-09-22,Inactive,10.20
CUST-04709,Diya Gupta,diya.gupta.4709@example.com,United States,2018-01-11,One-Time,1154.17
CUST-04710,Noah Kumar,noah.kumar.4710@example.com,Australia,2018-08-14,Inactive,386.51
CUST-04711,Meera Sharma,meera.sharma.4711@example.com,Germany,2024-04-27,One-Time,321.82
CUST-04712,Ishaan Miller,ishaan.miller.4712@example.com,Australia,2021-09-25,Repeat,3051.47
CUST-04713,Noah Gupta,noah.gupta.4713@example.com,United Kingdom,2021-07-27,Repeat,1699.07
CUST-04714,Aarav Nair,aarav.nair.4714@example.com,Germany,2018-02-12,One-Time,1128.00
CUST-04715,Aditi Kumar,aditi.kumar.4715@example.com,India,2024-03-20,One-Time,1178.47
CUST-04716,Arjun Wilson,arjun.wilson.4716@example.com,United Kingdom,2022-11-09,One-Time,508.80
CUST-04717,Vikram Brown,vikram.brown.4717@example.com,India,2020-11-01,Repeat,2650.76
CUST-04718,Neha Kumar,neha.kumar.4718@example.com,India,2024-04-24,One-Time,1176.24
CUST-04719,Ishaan Garcia,ishaan.garcia.4719@example.com,United Arab Emirates,2024-05-17,One-Time,1143.98
CUST-04720,Noah Kumar,noah.kumar.4720@example.com,United Kingdom,2020-12-26,One-Time,375.10
CUST-04721,Emma Gupta,emma.gupta.4721@example.com,Singapore,2025-11-05,One-Time,342.18
CUST-04722,Rohan Singh,rohan.singh.4722@example.com,India,2023-04-24,High-Value,7109.86
CUST-04723,Sophia Singh,sophia.singh.4723@example.com,United Arab Emirates,2024-11-02,Repeat,7306.14
CUST-04724,Neha Reddy,neha.reddy.4724@example.com,United Kingdom,2022-11-13,Inactive,188.14
CUST-04725,Rohan Brown,rohan.brown.4725@example.com,Canada,2019-03-29,Repeat,2152.97
CUST-04726,Diya Garcia,diya.garcia.4726@example.com,Germany,2023-08-04,Repeat,7242.09
CUST-04727,Diya Patel,diya.patel.4727@example.com,Germany,2022-07-23,Repeat,4985.31
CUST-04728,Kavya Brown,kavya.brown.4728@example.com,United States,2019-08-03,Repeat,3226.96
CUST-04729,Noah Mehta,noah.mehta.4729@example.com,United Kingdom,2025-12-22,High-Value,19144.64
CUST-04730,Liam Brown,liam.brown.4730@example.com,United Kingdom,2020-09-25,One-Time,761.22
CUST-04731,Liam Wilson,liam.wilson.4731@example.com,Australia,2019-07-19,One-Time,542.24
CUST-04732,Kavya Reddy,kavya.reddy.4732@example.com,United Kingdom,2018-02-07,Repeat,3318.65
CUST-04733,Liam Miller,liam.miller.4733@example.com,Singapore,2019-04-23,Inactive,296.62
CUST-04734,Rohan Garcia,rohan.garcia.4734@example.com,Canada,2021-12-20,Inactive,400.23
CUST-04735,Arjun Reddy,arjun.reddy.4735@example.com,United Kingdom,2025-01-07,High-Value,17199.36
CUST-04736,Olivia Sharma,olivia.sharma.4736@example.com,Singapore,2019-06-06,Repeat,5676.87
CUST-04737,Meera Brown,meera.brown.4737@example.com,Singapore,2025-12-26,Repeat,2886.56
CUST-04738,Ishaan Miller,ishaan.miller.4738@example.com,India,2024-04-23,Inactive,238.57
CUST-04739,Sophia Nair,sophia.nair.4739@example.com,Germany,2021-06-25,One-Time,224.19
CUST-04740,Arjun Sharma,arjun.sharma.4740@example.com,Australia,2020-01-30,High-Value,12690.40
CUST-04741,Arjun Reddy,arjun.reddy.4741@example.com,Germany,2025-11-11,Inactive,30.63
CUST-04742,Aarav Sharma,aarav.sharma.4742@example.com,United Arab Emirates,2023-12-20,Inactive,423.44
CUST-04743,Ishaan Gupta,ishaan.gupta.4743@example.com,Australia,2019-11-30,Repeat,880.12
CUST-04744,Diya Brown,diya.brown.4744@example.com,Singapore,2018-12-03,Repeat,1481.99
CUST-04745,Arjun Gupta,arjun.gupta.4745@example.com,United Arab Emirates,2024-10-25,Repeat,6211.24
CUST-04746,Olivia Gupta,olivia.gupta.4746@example.com,Singapore,2022-11-21,Inactive,87.25
CUST-04747,Kavya Reddy,kavya.reddy.4747@example.com,Singapore,2024-04-19,One-Time,38.97
CUST-04748,Olivia Nair,olivia.nair.4748@example.com,United Arab Emirates,2018-10-07,Repeat,7183.88
CUST-04749,Meera Gupta,meera.gupta.4749@example.com,Singapore,2019-07-06,Repeat,7030.58
CUST-04750,Noah Miller,noah.miller.4750@example.com,Singapore,2022-11-21,Repeat,5437.35
CUST-04751,Neha Patel,neha.patel.4751@example.com,India,2018-12-21,Repeat,1869.02
CUST-04752,Noah Garcia,noah.garcia.4752@example.com,United Kingdom,2024-03-17,One-Time,900.46
CUST-04753,Sophia Singh,sophia.singh.4753@example.com,United Arab Emirates,2020-03-03,High-Value,11470.84
CUST-04754,Vikram Nair,vikram.nair.4754@example.com,United States,2024-06-23,Repeat,6035.62
CUST-04755,Diya Singh,diya.singh.4755@example.com,United Arab Emirates,2019-08-20,Repeat,7167.35
CUST-04756,Meera Mehta,meera.mehta.4756@example.com,United States,2021-08-08,High-Value,13601.35
CUST-04757,Ishaan Mehta,ishaan.mehta.4757@example.com,United Kingdom,2023-07-22,One-Time,479.59
CUST-04758,Sophia Sharma,sophia.sharma.4758@example.com,United Arab Emirates,2020-08-30,Repeat,4131.84
CUST-04759,Neha Kumar,neha.kumar.4759@example.com,United States,2023-11-05,One-Time,327.17
CUST-04760,Liam Patel,liam.patel.4760@example.com,Canada,2023-01-28,High-Value,7672.37
CUST-04761,Liam Miller,liam.miller.4761@example.com,United States,2019-07-22,One-Time,853.06
CUST-04762,Arjun Miller,arjun.miller.4762@example.com,Canada,2023-12-02,Repeat,6615.96
CUST-04763,Meera Nair,meera.nair.4763@example.com,Singapore,2024-10-27,Repeat,4340.09
CUST-04764,Arjun Wilson,arjun.wilson.4764@example.com,India,2018-11-10,One-Time,658.66
CUST-04765,Arjun Patel,arjun.patel.4765@example.com,United Kingdom,2019-01-13,Repeat,3124.30
CUST-04766,Diya Brown,diya.brown.4766@example.com,Germany,2018-10-08,Repeat,4551.10
CUST-04767,Diya Singh,diya.singh.4767@example.com,Australia,2023-01-12,One-Time,800.88
CUST-04768,Vikram Kumar,vikram.kumar.4768@example.com,Canada,2023-05-23,High-Value,23416.09
CUST-04769,Ishaan Nair,ishaan.nair.4769@example.com,Germany,2020-09-25,One-Time,309.53
CUST-04770,Vikram Patel,vikram.patel.4770@example.com,United States,2023-08-18,Repeat,2213.31
CUST-04771,Ishaan Miller,ishaan.miller.4771@example.com,Canada,2019-02-23,One-Time,801.70
CUST-04772,Sophia Brown,sophia.brown.4772@example.com,United Kingdom,2021-10-25,Repeat,4163.79
CUST-04773,Emma Sharma,emma.sharma.4773@example.com,India,2021-10-16,One-Time,876.54
CUST-04774,Neha Patel,neha.patel.4774@example.com,Singapore,2023-01-31,High-Value,16167.96
CUST-04775,Emma Reddy,emma.reddy.4775@example.com,Singapore,2019-08-23,Repeat,1060.11
CUST-04776,Vikram Brown,vikram.brown.4776@example.com,United Kingdom,2023-10-30,One-Time,877.87
CUST-04777,Diya Patel,diya.patel.4777@example.com,Canada,2024-01-07,Repeat,2415.69
CUST-04778,Rohan Kumar,rohan.kumar.4778@example.com,United Kingdom,2025-07-26,One-Time,607.93
CUST-04779,Sophia Garcia,sophia.garcia.4779@example.com,India,2024-01-13,Repeat,1374.80
CUST-04780,Neha Kumar,neha.kumar.4780@example.com,Germany,2025-03-25,High-Value,11511.39
CUST-04781,Kavya Gupta,kavya.gupta.4781@example.com,Australia,2025-01-05,Repeat,4360.05
CUST-04782,Emma Gupta,emma.gupta.4782@example.com,Singapore,2022-05-12,One-Time,200.88
CUST-04783,Emma Singh,emma.singh.4783@example.com,United Kingdom,2019-11-20,Inactive,382.85
CUST-04784,Neha Gupta,neha.gupta.4784@example.com,United States,2022-03-22,One-Time,802.15
CUST-04785,Neha Miller,neha.miller.4785@example.com,United Kingdom,2025-02-07,Repeat,4113.97
CUST-04786,Olivia Gupta,olivia.gupta.4786@example.com,Canada,2024-06-04,Repeat,5596.67
CUST-04787,Emma Wilson,emma.wilson.4787@example.com,Australia,2020-07-28,One-Time,1082.86
CUST-04788,Rohan Gupta,rohan.gupta.4788@example.com,United Arab Emirates,2020-01-01,One-Time,372.14
CUST-04789,Liam Mehta,liam.mehta.4789@example.com,United Kingdom,2025-04-11,Inactive,464.84
CUST-04790,Meera Mehta,meera.mehta.4790@example.com,United Kingdom,2019-07-29,Repeat,5064.47
CUST-04791,Sophia Brown,sophia.brown.4791@example.com,Australia,2024-06-21,High-Value,12206.48
CUST-04792,Sophia Wilson,sophia.wilson.4792@example.com,Australia,2022-11-26,One-Time,1080.82
CUST-04793,Emma Patel,emma.patel.4793@example.com,United States,2021-08-26,Inactive,42.99
CUST-04794,Emma Brown,emma.brown.4794@example.com,United Arab Emirates,2021-05-30,High-Value,7141.79
CUST-04795,Noah Garcia,noah.garcia.4795@example.com,United Kingdom,2021-04-17,Repeat,7314.02
CUST-04796,Rohan Garcia,rohan.garcia.4796@example.com,United States,2019-10-26,Repeat,855.38
CUST-04797,Aarav Gupta,aarav.gupta.4797@example.com,United Kingdom,2022-04-19,One-Time,1144.06
CUST-04798,Liam Wilson,liam.wilson.4798@example.com,India,2022-08-28,Repeat,5234.00
CUST-04799,Emma Wilson,emma.wilson.4799@example.com,India,2022-06-22,One-Time,450.77
CUST-04800,Liam Nair,liam.nair.4800@example.com,India,2018-08-26,High-Value,12304.48
CUST-04801,Diya Gupta,diya.gupta.4801@example.com,United States,2024-10-18,One-Time,818.18
CUST-04802,Aditi Kumar,aditi.kumar.4802@example.com,United States,2018-03-14,One-Time,933.94
CUST-04803,Emma Gupta,emma.gupta.4803@example.com,United Kingdom,2023-05-29,One-Time,193.19
CUST-04804,Rohan Wilson,rohan.wilson.4804@example.com,Australia,2024-11-26,One-Time,1007.26
CUST-04805,Aarav Gupta,aarav.gupta.4805@example.com,United States,2023-10-14,One-Time,918.77
CUST-04806,Sophia Reddy,sophia.reddy.4806@example.com,United States,2023-10-29,Repeat,1139.51
CUST-04807,Aarav Brown,aarav.brown.4807@example.com,Canada,2019-09-22,Repeat,2636.72
CUST-04808,Vikram Mehta,vikram.mehta.4808@example.com,Canada,2025-02-09,One-Time,976.00
CUST-04809,Sophia Singh,sophia.singh.4809@example.com,United States,2019-10-20,Repeat,2294.60
CUST-04810,Neha Patel,neha.patel.4810@example.com,United Kingdom,2023-03-06,One-Time,833.61
CUST-04811,Neha Nair,neha.nair.4811@example.com,United States,2019-09-29,One-Time,550.76
CUST-04812,Liam Sharma,liam.sharma.4812@example.com,United States,2025-06-17,Inactive,337.61
CUST-04813,Olivia Kumar,olivia.kumar.4813@example.com,Canada,2020-10-16,Repeat,4269.84
CUST-04814,Rohan Mehta,rohan.mehta.4814@example.com,Canada,2019-12-30,One-Time,171.43
CUST-04815,Arjun Mehta,arjun.mehta.4815@example.com,Singapore,2018-05-24,One-Time,716.74
CUST-04816,Aarav Gupta,aarav.gupta.4816@example.com,Australia,2018-04-16,Repeat,3520.03
CUST-04817,Ishaan Patel,ishaan.patel.4817@example.com,India,2025-08-27,One-Time,849.14
CUST-04818,Diya Brown,diya.brown.4818@example.com,United Kingdom,2020-07-13,One-Time,340.97
CUST-04819,Sophia Kumar,sophia.kumar.4819@example.com,Singapore,2018-10-14,Repeat,2685.56
CUST-04820,Ishaan Sharma,ishaan.sharma.4820@example.com,Australia,2020-09-29,Inactive,368.15
CUST-04821,Ishaan Sharma,ishaan.sharma.4821@example.com,India,2025-11-19,One-Time,1152.69
CUST-04822,Ishaan Wilson,ishaan.wilson.4822@example.com,Canada,2022-01-25,High-Value,19661.93
CUST-04823,Liam Miller,liam.miller.4823@example.com,Canada,2018-02-13,Repeat,6862.87
CUST-04824,Aarav Kumar,aarav.kumar.4824@example.com,India,2024-08-24,One-Time,295.56
CUST-04825,Arjun Sharma,arjun.sharma.4825@example.com,Canada,2021-06-03,Inactive,155.67
CUST-04826,Olivia Brown,olivia.brown.4826@example.com,Germany,2021-01-24,Inactive,424.08
CUST-04827,Liam Brown,liam.brown.4827@example.com,United States,2018-03-30,High-Value,18214.35
CUST-04828,Liam Wilson,liam.wilson.4828@example.com,United Kingdom,2022-05-23,Inactive,460.75
CUST-04829,Liam Mehta,liam.mehta.4829@example.com,United Kingdom,2018-04-18,Repeat,4019.68
CUST-04829,Meera Wilson,meera.wilson.8332@example.com,United States,2018-05-13,Repeat,4921.28
CUST-04830,Emma Singh,emma.singh.4830@example.com,Singapore,2021-04-06,One-Time,903.98
CUST-04831,Arjun Miller,arjun.miller.4831@example.com,United Arab Emirates,2024-12-30,Repeat,3755.20
CUST-04832,Vikram Nair,vikram.nair.4832@example.com,Singapore,2019-02-13,One-Time,1077.10
CUST-04833,Ishaan Miller,ishaan.miller.4833@example.com,Australia,2023-12-23,One-Time,1178.40
CUST-04834,Aditi Kumar,aditi.kumar.4834@example.com,Canada,2024-06-06,Repeat,3132.25
CUST-04835,Aditi Singh,aditi.singh.4835@example.com,United States,2019-11-26,Repeat,6816.07
CUST-04836,Aarav Patel,aarav.patel.4836@example.com,India,2020-10-11,Repeat,4952.30
CUST-04837,Kavya Gupta,kavya.gupta.4837@example.com,Singapore,2020-11-15,Inactive,105.85
CUST-04838,Aditi Nair,aditi.nair.4838@example.com,United Arab Emirates,2022-05-12,One-Time,1076.55
CUST-04839,Olivia Reddy,olivia.reddy.4839@example.com,Australia,2024-12-08,Repeat,7302.60
CUST-04840,Liam Miller,liam.miller.4840@example.com,United Arab Emirates,2025-08-31,Repeat,3487.36
CUST-04841,Olivia Nair,olivia.nair.4841@example.com,Singapore,2025-05-05,One-Time,196.41
CUST-04842,Sophia Sharma,sophia.sharma.4842@example.com,United Kingdom,2020-08-13,One-Time,373.32
CUST-04843,Ishaan Sharma,ishaan.sharma.4843@example.com,Australia,2021-08-05,High-Value,12371.40
CUST-04844,Olivia Brown,olivia.brown.4844@example.com,United Arab Emirates,2023-10-23,Repeat,1303.83
CUST-04845,Meera Sharma,meera.sharma.4845@example.com,Singapore,2020-09-03,Inactive,478.98
CUST-04846,Vikram Sharma,vikram.sharma.4846@example.com,United States,2024-12-27,Repeat,4845.19
CUST-04847,Vikram Wilson,vikram.wilson.4847@example.com,Canada,2022-03-20,Inactive,74.44
CUST-04848,Ishaan Gupta,ishaan.gupta.4848@example.com,Singapore,2022-05-03,Inactive,292.09
CUST-04849,Kavya Gupta,kavya.gupta.4849@example.com,United Arab Emirates,2024-11-18,Repeat,5537.66
CUST-04850,Sophia Mehta,sophia.mehta.4850@example.com,United Arab Emirates,2024-06-08,Repeat,1265.12
CUST-04851,Olivia Patel,olivia.patel.4851@example.com,India,2019-03-22,Repeat,1750.83
CUST-04852,Vikram Reddy,vikram.reddy.4852@example.com,Singapore,2023-06-29,One-Time,322.01
CUST-04853,Sophia Garcia,sophia.garcia.4853@example.com,Australia,2020-09-13,One-Time,1036.80
CUST-04854,Kavya Gupta,kavya.gupta.4854@example.com,United States,2025-02-04,One-Time,790.16
CUST-04855,Kavya Singh,kavya.singh.4855@example.com,Australia,2023-12-14,Repeat,5325.56
CUST-04856,Olivia Miller,olivia.miller.4856@example.com,Australia,2021-11-04,One-Time,781.72
CUST-04857,Olivia Reddy,olivia.reddy.4857@example.com,Singapore,2024-10-30,Repeat,2505.80
CUST-04858,Kavya Kumar,kavya.kumar.4858@example.com,India,2019-06-27,One-Time,1175.60
CUST-04859,Meera Miller,meera.miller.4859@example.com,Canada,2022-10-11,Repeat,6561.91
CUST-04860,Aditi Gupta,aditi.gupta.4860@example.com,India,2023-10-22,High-Value,9649.16
CUST-04861,Meera Reddy,meera.reddy.4861@example.com,Canada,2021-05-11,Inactive,147.53
CUST-04862,Aditi Miller,aditi.miller.4862@example.com,Singapore,2024-11-05,One-Time,335.91
CUST-04863,Aarav Miller,aarav.miller.4863@example.com,United Kingdom,2025-01-09,Inactive,373.33
CUST-04864,Diya Singh,diya.singh.4864@example.com,United Arab Emirates,2020-04-15,High-Value,10381.53
CUST-04865,Kavya Mehta,kavya.mehta.4865@example.com,United Kingdom,2020-03-01,One-Time,226.39
CUST-04866,Vikram Nair,vikram.nair.4866@example.com,Singapore,2024-07-27,Repeat,4671.88
CUST-04867,Aditi Kumar,aditi.kumar.4867@example.com,Australia,2022-07-13,High-Value,23858.42
CUST-04868,Noah Garcia,noah.garcia.4868@example.com,Germany,2023-01-26,One-Time,499.26
CUST-04869,Noah Garcia,noah.garcia.4869@example.com,Australia,2018-09-10,Repeat,6342.93
CUST-04870,Ishaan Garcia,ishaan.garcia.4870@example.com,United Kingdom,2025-03-18,One-Time,719.90
CUST-04871,Meera Patel,meera.patel.4871@example.com,Germany,2020-05-25,Repeat,5749.17
CUST-04872,Vikram Nair,vikram.nair.4872@example.com,Germany,2024-09-14,One-Time,1075.80
CUST-04873,Liam Wilson,liam.wilson.4873@example.com,India,2019-10-20,Repeat,6683.14
CUST-04874,Emma Reddy,emma.reddy.4874@example.com,India,2022-12-03,Inactive,331.18
CUST-04875,Emma Gupta,emma.gupta.4875@example.com,Australia,2025-08-15,One-Time,317.64
CUST-04876,Vikram Reddy,vikram.reddy.4876@example.com,India,2021-10-15,Repeat,1642.13
CUST-04877,Sophia Kumar,sophia.kumar.4877@example.com,Canada,2018-04-11,One-Time,172.88
CUST-04878,Sophia Reddy,sophia.reddy.4878@example.com,United Arab Emirates,2020-01-30,One-Time,978.15
CUST-04879,Liam Patel,liam.patel.4879@example.com,United States,2024-01-01,One-Time,1028.66
CUST-04880,Vikram Singh,vikram.singh.4880@example.com,Canada,2019-11-10,One-Time,897.59
CUST-04881,Olivia Sharma,olivia.sharma.4881@example.com,India,2021-08-13,Repeat,3795.53
CUST-04882,Emma Miller,emma.miller.4882@example.com,United Kingdom,2025-05-20,Repeat,7077.52
CUST-04883,Diya Patel,diya.patel.4883@example.com,United States,2024-06-11,Repeat,1204.81
CUST-04884,Kavya Patel,kavya.patel.4884@example.com,Germany,2020-12-21,Repeat,6823.86
CUST-04885,Noah Garcia,noah.garcia.4885@example.com,Canada,2019-06-14,One-Time,190.97
CUST-04886,Noah Wilson,noah.wilson.4886@example.com,India,2025-09-13,Repeat,6808.22
CUST-04887,Ishaan Kumar,ishaan.kumar.4887@example.com,United Arab Emirates,2024-07-04,One-Time,1085.86
CUST-04888,Neha Sharma,neha.sharma.4888@example.com,Australia,2018-10-10,Inactive,365.69
CUST-04889,Ishaan Brown,ishaan.brown.4889@example.com,Germany,2024-12-17,Inactive,100.67
CUST-04890,Vikram Miller,vikram.miller.4890@example.com,United States,2024-03-13,One-Time,986.53
CUST-04891,Aarav Garcia,aarav.garcia.4891@example.com,United States,2022-06-28,Repeat,3923.74
CUST-04892,Vikram Wilson,vikram.wilson.4892@example.com,United Kingdom,2019-07-18,Repeat,7302.47
CUST-04893,Meera Gupta,meera.gupta.4893@example.com,United Arab Emirates,2020-11-14,Repeat,5439.32
CUST-04894,Aarav Nair,aarav.nair.4894@example.com,United States,2019-12-29,High-Value,10716.41
CUST-04895,Ishaan Kumar,ishaan.kumar.4895@example.com,United Kingdom,2024-10-26,One-Time,1118.82
CUST-04896,Neha Reddy,neha.reddy.4896@example.com,United Arab Emirates,2019-01-19,High-Value,6568.33
CUST-04897,Aditi Gupta,aditi.gupta.4897@example.com,Singapore,2022-08-03,Repeat,5477.12
CUST-04898,Olivia Patel,olivia.patel.4898@example.com,United Arab Emirates,2020-12-10,Inactive,132.33
CUST-04899,Kavya Patel,kavya.patel.4899@example.com,Singapore,2018-04-19,One-Time,528.66
CUST-04900,Noah Patel,noah.patel.4900@example.com,Germany,2020-04-25,One-Time,409.67
CUST-04901,Emma Reddy,emma.reddy.4901@example.com,Canada,2023-08-04,Inactive,141.57
CUST-04902,Aditi Nair,aditi.nair.4902@example.com,Germany,2020-11-15,Repeat,2594.87
CUST-04903,Arjun Kumar,arjun.kumar.4903@example.com,United Kingdom,2022-03-20,One-Time,735.97
CUST-04904,Vikram Mehta,vikram.mehta.4904@example.com,Canada,2018-04-27,One-Time,995.50
CUST-04905,Aarav Gupta,aarav.gupta.4905@example.com,Australia,2022-05-21,Repeat,4012.70
CUST-04906,Diya Brown,diya.brown.4906@example.com,United Kingdom,2022-05-10,One-Time,997.25
CUST-04907,Olivia Reddy,olivia.reddy.4907@example.com,Singapore,2025-08-14,Inactive,295.82
CUST-04908,Arjun Miller,arjun.miller.4908@example.com,Germany,2025-04-22,Repeat,1235.27
CUST-04909,Meera Kumar,meera.kumar.4909@example.com,United Arab Emirates,2023-09-05,One-Time,199.04
CUST-04910,Ishaan Wilson,ishaan.wilson.4910@example.com,United Kingdom,2019-04-30,Repeat,5511.04
CUST-04911,Ishaan Kumar,ishaan.kumar.4911@example.com,Singapore,2025-01-05,One-Time,147.79
CUST-04912,Ishaan Gupta,ishaan.gupta.4912@example.com,Singapore,2023-09-21,Inactive,75.15
CUST-04913,Emma Reddy,emma.reddy.4913@example.com,United Arab Emirates,2025-01-03,One-Time,862.80
CUST-04914,Aarav Gupta,aarav.gupta.4914@example.com,United Arab Emirates,2018-09-02,One-Time,1176.15
CUST-04915,Emma Miller,emma.miller.4915@example.com,India,2025-08-29,High-Value,9138.05
CUST-04916,Liam Miller,liam.miller.4916@example.com,Germany,2018-07-21,One-Time,291.24
CUST-04917,Olivia Reddy,olivia.reddy.4917@example.com,United States,2018-03-11,Repeat,804.69
CUST-04918,Aarav Brown,aarav.brown.4918@example.com,India,2022-10-09,One-Time,349.52
CUST-04919,Olivia Garcia,olivia.garcia.4919@example.com,Singapore,2025-11-07,Repeat,3696.41
CUST-04920,Neha Sharma,neha.sharma.4920@example.com,United States,2020-05-08,Repeat,4192.23
CUST-04921,Kavya Reddy,kavya.reddy.4921@example.com,Germany,2020-04-04,Repeat,5027.20
CUST-04922,Ishaan Brown,ishaan.brown.4922@example.com,India,2019-12-09,Repeat,6793.14
CUST-04923,Vikram Kumar,vikram.kumar.4923@example.com,Canada,2019-11-10,High-Value,12037.21
CUST-04924,Neha Sharma,neha.sharma.4924@example.com,United Kingdom,2025-11-21,Repeat,5366.13
CUST-04925,Neha Singh,neha.singh.4925@example.com,Germany,2022-03-11,Repeat,2341.36
CUST-04926,Neha Singh,neha.singh.4926@example.com,India,2025-11-09,Repeat,7109.23
CUST-04927,Vikram Mehta,vikram.mehta.4927@example.com,Singapore,2020-12-15,One-Time,1181.47
CUST-04928,Olivia Singh,olivia.singh.4928@example.com,United Kingdom,2020-11-16,Repeat,3992.06
CUST-04929,Diya Sharma,diya.sharma.4929@example.com,United Kingdom,2020-09-22,Repeat,4401.18
CUST-04930,Kavya Garcia,kavya.garcia.4930@example.com,Singapore,2019-01-25,Repeat,5536.09
CUST-04931,Vikram Miller,vikram.miller.4931@example.com,Singapore,2019-06-23,Repeat,2166.59
CUST-04932,Emma Mehta,emma.mehta.4932@example.com,United Arab Emirates,2025-01-31,One-Time,278.91
CUST-04933,Aarav Patel,aarav.patel.4933@example.com,United States,2021-06-14,High-Value,21281.69
CUST-04934,Liam Sharma,liam.sharma.4934@example.com,Australia,2022-06-29,One-Time,1154.93
CUST-04935,Vikram Sharma,vikram.sharma.4935@example.com,Canada,2023-02-10,One-Time,178.09
CUST-04936,Diya Brown,diya.brown.4936@example.com,United Kingdom,2019-04-01,Repeat,4793.37
CUST-04937,Neha Gupta,neha.gupta.4937@example.com,Singapore,2019-05-04,One-Time,1068.03
CUST-04938,Neha Singh,neha.singh.4938@example.com,Germany,2018-10-08,One-Time,41.49
CUST-04939,Emma Brown,emma.brown.4939@example.com,United Kingdom,2018-05-09,High-Value,16551.68
CUST-04940,Aditi Nair,aditi.nair.4940@example.com,United Kingdom,2024-03-04,Inactive,438.25
CUST-04941,Kavya Garcia,kavya.garcia.4941@example.com,United Arab Emirates,2019-06-12,High-Value,8979.82
CUST-04942,Aditi Garcia,aditi.garcia.4942@example.com,United States,2019-10-14,One-Time,599.68
CUST-04943,Rohan Brown,rohan.brown.4943@example.com,United Arab Emirates,2023-01-20,One-Time,1072.55
CUST-04944,Aditi Miller,aditi.miller.4944@example.com,Germany,2018-08-13,Repeat,6205.30
CUST-04945,Rohan Sharma,rohan.sharma.4945@example.com,Singapore,2021-09-02,High-Value,22440.34
CUST-04946,Liam Gupta,liam.gupta.4946@example.com,United States,2023-10-10,High-Value,21220.89
CUST-04947,Noah Mehta,noah.mehta.4947@example.com,United Kingdom,2024-09-02,Repeat,4740.48
CUST-04948,Rohan Gupta,rohan.gupta.4948@example.com,Australia,2023-11-27,One-Time,52.42
CUST-04949,Vikram Brown,vikram.brown.4949@example.com,United States,2023-08-15,Repeat,3954.18
CUST-04950,Arjun Kumar,arjun.kumar.4950@example.com,Singapore,2019-05-31,Inactive,200.01
CUST-04951,Diya Garcia,diya.garcia.4951@example.com,Australia,2020-11-07,Inactive,348.03
CUST-04952,Aarav Singh,aarav.singh.4952@example.com,United States,2025-01-28,One-Time,311.25
CUST-04953,Diya Singh,diya.singh.4953@example.com,United Arab Emirates,2020-03-27,One-Time,907.59
CUST-04954,Diya Garcia,diya.garcia.4954@example.com,United Arab Emirates,2023-11-24,High-Value,19828.58
CUST-04955,Vikram Kumar,vikram.kumar.4955@example.com,Singapore,2019-06-29,Inactive,432.07
CUST-04956,Noah Wilson,noah.wilson.4956@example.com,India,2020-06-04,One-Time,181.48
CUST-04957,Sophia Mehta,sophia.mehta.4957@example.com,India,2020-10-22,High-Value,5935.56
CUST-04958,Noah Singh,noah.singh.4958@example.com,United States,2021-12-27,Inactive,123.98
CUST-04959,Meera Singh,meera.singh.4959@example.com,United States,2023-11-06,Repeat,2561.00
CUST-04960,Meera Sharma,meera.sharma.4960@example.com,Australia,2025-11-22,Repeat,5205.45
CUST-04961,Meera Brown,meera.brown.4961@example.com,Canada,2022-05-20,Inactive,125.72
CUST-04962,Rohan Gupta,rohan.gupta.4962@example.com,Germany,2025-01-14,Inactive,170.91
CUST-04963,Vikram Reddy,vikram.reddy.4963@example.com,Singapore,2023-07-02,Repeat,3652.90
CUST-04964,Aarav Kumar,aarav.kumar.4964@example.com,India,2018-08-09,Inactive,254.33
CUST-04965,Olivia Kumar,olivia.kumar.4965@example.com,United Arab Emirates,2019-01-21,One-Time,1139.61
CUST-04966,Sophia Miller,sophia.miller.4966@example.com,Germany,2019-03-27,One-Time,528.79
CUST-04967,Diya Singh,diya.singh.4967@example.com,Germany,2019-02-15,One-Time,1115.41
CUST-04968,Emma Reddy,emma.reddy.4968@example.com,Germany,2018-06-30,One-Time,46.95
CUST-04969,Kavya Miller,kavya.miller.4969@example.com,India,2023-07-14,Repeat,4655.70
CUST-04970,Kavya Reddy,kavya.reddy.4970@example.com,United Arab Emirates,2018-04-24,Repeat,6020.17
CUST-04971,Neha Miller,neha.miller.4971@example.com,Australia,2018-09-26,One-Time,584.40
CUST-04972,Liam Nair,liam.nair.4972@example.com,India,2020-08-10,Inactive,85.71
CUST-04973,Aarav Gupta,aarav.gupta.4973@example.com,United States,2022-04-01,Repeat,4244.31
CUST-04974,Emma Reddy,emma.reddy.4974@example.com,Canada,2025-01-16,One-Time,1191.47
CUST-04975,Sophia Nair,sophia.nair.4975@example.com,India,2021-01-05,One-Time,934.85
CUST-04976,Arjun Reddy,arjun.reddy.4976@example.com,Singapore,2020-06-08,Repeat,5998.39
CUST-04977,Liam Wilson,liam.wilson.4977@example.com,United Arab Emirates,2018-01-20,One-Time,705.56
CUST-04978,Diya Singh,diya.singh.4978@example.com,United Kingdom,2023-05-10,One-Time,951.36
CUST-04979,Rohan Mehta,rohan.mehta.4979@example.com,India,2025-05-26,One-Time,329.53
CUST-04980,Arjun Patel,arjun.patel.4980@example.com,United Kingdom,2021-01-28,One-Time,733.47
CUST-04981,Kavya Mehta,kavya.mehta.4981@example.com,India,2018-09-14,Inactive,20.27
CUST-04982,Rohan Mehta,rohan.mehta.4982@example.com,Canada,2023-12-08,One-Time,1158.25
CUST-04983,Liam Gupta,liam.gupta.4983@example.com,India,2022-08-27,One-Time,213.49
CUST-04984,Kavya Nair,kavya.nair.4984@example.com,India,2022-05-29,Repeat,3565.27
CUST-04985,Emma Reddy,emma.reddy.4985@example.com,Canada,2024-07-17,One-Time,958.85
CUST-04986,Arjun Wilson,arjun.wilson.4986@example.com,Canada,2018-03-22,Inactive,74.57
CUST-04987,Neha Sharma,neha.sharma.4987@example.com,Singapore,2019-03-16,Inactive,451.99
CUST-04988,Olivia Patel,olivia.patel.4988@example.com,United Arab Emirates,2024-03-11,Repeat,4309.65
CUST-04989,Kavya Patel,kavya.patel.4989@example.com,Singapore,2021-12-27,High-Value,24140.69
CUST-04990,Olivia Wilson,olivia.wilson.4990@example.com,United Arab Emirates,2025-05-01,Inactive,160.16
CUST-04991,Diya Nair,diya.nair.4991@example.com,India,2024-03-05,Repeat,2589.65
CUST-04992,Noah Reddy,noah.reddy.4992@example.com,Australia,2019-01-07,One-Time,616.07
CUST-04993,Neha Reddy,neha.reddy.4993@example.com,India,2020-05-07,Repeat,3614.65
CUST-04994,Diya Gupta,diya.gupta.4994@example.com,India,2019-07-27,Repeat,4068.73
CUST-04995,Sophia Brown,sophia.brown.4995@example.com,United Kingdom,2021-08-02,Inactive,103.31
CUST-04996,Kavya Mehta,kavya.mehta.4996@example.com,United Kingdom,2023-06-16,Repeat,2829.14
CUST-04997,Aarav Garcia,aarav.garcia.4997@example.com,United Arab Emirates,2025-07-18,Repeat,4711.20
CUST-04998,Aditi Nair,aditi.nair.4998@example.com,United Arab Emirates,2018-11-14,Repeat,5163.27
CUST-04999,Emma Sharma,emma.sharma.4999@example.com,India,2018-09-30,High-Value,24101.28
CUST-05000,Sophia Garcia,sophia.garcia.5000@example.com,United States,2018-06-21,Repeat,5407.37
CUST-05001,Liam Gupta,liam.gupta.5001@example.com,Germany,2020-04-21,Inactive,462.69
CUST-05002,Sophia Nair,sophia.nair.5002@example.com,United Kingdom,2022-09-16,Repeat,5822.65
CUST-05003,Diya Kumar,diya.kumar.5003@example.com,United Kingdom,2019-01-20,Repeat,5075.75
CUST-05004,Meera Miller,meera.miller.5004@example.com,Germany,2019-01-18,Repeat,7365.71
CUST-05005,Ishaan Patel,ishaan.patel.5005@example.com,United Kingdom,2020-01-13,High-Value,20795.60
CUST-05006,Olivia Reddy,olivia.reddy.5006@example.com,United Arab Emirates,2022-07-10,Repeat,1549.38
CUST-05007,Diya Patel,diya.patel.5007@example.com,Singapore,2024-01-24,High-Value,20164.16
CUST-05008,Sophia Wilson,sophia.wilson.5008@example.com,India,2019-11-29,Inactive,62.42
CUST-05009,Sophia Reddy,sophia.reddy.5009@example.com,Australia,2022-06-17,One-Time,344.58
CUST-05010,Diya Kumar,diya.kumar.5010@example.com,Singapore,2018-01-21,Repeat,4333.28
CUST-05011,Ishaan Wilson,ishaan.wilson.5011@example.com,United Kingdom,2024-08-04,One-Time,573.27
CUST-05012,Rohan Mehta,rohan.mehta.5012@example.com,Australia,2023-10-03,Inactive,208.93
CUST-05013,Ishaan Garcia,ishaan.garcia.5013@example.com,United States,2021-05-10,High-Value,21847.32
CUST-05014,Emma Garcia,emma.garcia.5014@example.com,India,2023-10-30,One-Time,1183.78
CUST-05015,Aditi Brown,aditi.brown.5015@example.com,United Kingdom,2020-02-06,Inactive,364.95
CUST-05016,Diya Mehta,diya.mehta.5016@example.com,United Arab Emirates,2019-02-19,Inactive,494.18
CUST-05017,Sophia Miller,sophia.miller.5017@example.com,Germany,2024-12-19,One-Time,885.24
CUST-05018,Noah Gupta,noah.gupta.5018@example.com,United States,2024-06-19,One-Time,113.88
CUST-05019,Diya Brown,diya.brown.5019@example.com,Australia,2023-10-30,One-Time,507.07
CUST-05020,Diya Mehta,diya.mehta.5020@example.com,Canada,2024-07-09,One-Time,568.61
CUST-05021,Emma Singh,emma.singh.5021@example.com,Singapore,2021-09-22,One-Time,89.05
CUST-05022,Noah Singh,noah.singh.5022@example.com,United Arab Emirates,2022-04-15,Inactive,75.76
CUST-05023,Emma Kumar,emma.kumar.5023@example.com,Australia,2022-02-20,Repeat,6940.70
CUST-05024,Vikram Wilson,vikram.wilson.5024@example.com,Australia,2021-04-01,Repeat,2459.02
CUST-05025,Aarav Nair,aarav.nair.5025@example.com,Canada,2019-10-20,One-Time,182.67
CUST-05026,Vikram Sharma,vikram.sharma.5026@example.com,United States,2021-11-11,Repeat,6318.39
CUST-05027,Meera Garcia,meera.garcia.5027@example.com,United Arab Emirates,2018-10-07,Inactive,400.35
CUST-05028,Meera Mehta,meera.mehta.5028@example.com,India,2021-04-17,High-Value,17016.64
CUST-05029,Aditi Miller,aditi.miller.5029@example.com,Germany,2019-02-01,High-Value,16026.00
CUST-05030,Ishaan Kumar,ishaan.kumar.5030@example.com,India,2020-03-30,Repeat,2615.02
CUST-05031,Arjun Garcia,arjun.garcia.5031@example.com,Australia,2025-10-26,Repeat,6150.59
CUST-05032,Kavya Kumar,kavya.kumar.5032@example.com,United States,2019-11-09,One-Time,569.27
CUST-05033,Aditi Nair,aditi.nair.5033@example.com,United States,2023-04-18,One-Time,499.42
CUST-05034,Neha Kumar,neha.kumar.5034@example.com,United States,2021-12-24,Repeat,4619.71
CUST-05035,Olivia Brown,olivia.brown.5035@example.com,India,2024-02-14,Repeat,1580.08
CUST-05036,Emma Kumar,emma.kumar.5036@example.com,India,2022-06-07,One-Time,107.33
CUST-05037,Diya Patel,diya.patel.5037@example.com,India,2022-10-23,High-Value,5003.43
CUST-05038,Ishaan Patel,ishaan.patel.5038@example.com,Germany,2020-07-31,Inactive,25.74
CUST-05039,Aarav Garcia,aarav.garcia.5039@example.com,Canada,2025-09-25,One-Time,314.61
CUST-05040,Meera Brown,meera.brown.5040@example.com,Germany,2022-07-14,One-Time,973.16
CUST-05041,Arjun Patel,arjun.patel.5041@example.com,Canada,2023-04-13,Repeat,7016.19
CUST-05042,Ishaan Miller,ishaan.miller.5042@example.com,Canada,2021-03-08,Repeat,1403.74
CUST-05043,Vikram Kumar,vikram.kumar.5043@example.com,Singapore,2024-08-09,One-Time,141.97
CUST-05044,Noah Reddy,noah.reddy.5044@example.com,Singapore,2024-04-11,Repeat,6132.86
CUST-05045,Arjun Patel,arjun.patel.5045@example.com,Australia,2023-11-04,One-Time,1012.60
CUST-05046,Emma Wilson,emma.wilson.5046@example.com,India,2019-02-14,Repeat,7093.60
CUST-05047,Emma Sharma,emma.sharma.5047@example.com,United Arab Emirates,2022-12-02,One-Time,568.47
CUST-05048,Olivia Wilson,olivia.wilson.5048@example.com,Germany,2020-06-02,One-Time,614.81
CUST-05049,Meera Singh,meera.singh.5049@example.com,Germany,2025-08-31,One-Time,804.55
CUST-05050,Arjun Reddy,arjun.reddy.5050@example.com,United States,2021-02-21,One-Time,749.50
CUST-05051,Neha Gupta,neha.gupta.5051@example.com,India,2018-10-01,Repeat,5557.33
CUST-05052,Arjun Singh,arjun.singh.5052@example.com,Australia,2024-06-16,One-Time,487.01
CUST-05053,Neha Singh,neha.singh.5053@example.com,Singapore,2020-03-13,Repeat,4794.83
CUST-05054,Vikram Kumar,vikram.kumar.5054@example.com,India,2021-04-16,One-Time,1075.91
CUST-05055,Sophia Mehta,sophia.mehta.5055@example.com,United Kingdom,2023-08-19,Repeat,2729.65
CUST-05056,Meera Brown,meera.brown.5056@example.com,Canada,2021-11-28,One-Time,588.48
CUST-05057,Diya Brown,diya.brown.5057@example.com,India,2024-06-09,Repeat,5046.73
CUST-05058,Sophia Kumar,sophia.kumar.5058@example.com,Canada,2018-12-21,One-Time,245.23
CUST-05059,Noah Mehta,noah.mehta.5059@example.com,United States,2022-10-27,Repeat,3854.41
CUST-05060,Ishaan Kumar,ishaan.kumar.5060@example.com,United States,2022-08-09,Repeat,2026.11
CUST-05061,Noah Brown,noah.brown.5061@example.com,United Arab Emirates,2020-09-26,Repeat,4205.13
CUST-05062,Aditi Kumar,aditi.kumar.5062@example.com,Australia,2020-03-16,One-Time,1182.41
CUST-05063,Liam Gupta,liam.gupta.5063@example.com,United States,2023-04-14,Inactive,140.76
CUST-05064,Arjun Wilson,arjun.wilson.5064@example.com,India,2018-12-13,One-Time,1001.46
CUST-05065,Olivia Nair,olivia.nair.5065@example.com,United Kingdom,2019-06-10,Inactive,215.04
CUST-05066,Neha Garcia,neha.garcia.5066@example.com,United Arab Emirates,2023-04-23,Repeat,5658.07
CUST-05067,Kavya Miller,kavya.miller.5067@example.com,United Arab Emirates,2018-05-27,Repeat,1401.15
CUST-05068,Meera Miller,meera.miller.5068@example.com,Australia,2020-04-12,Repeat,1144.35
CUST-05069,Aditi Reddy,aditi.reddy.5069@example.com,United Arab Emirates,2024-11-01,High-Value,11682.82
CUST-05070,Meera Reddy,meera.reddy.5070@example.com,United Arab Emirates,2021-10-14,Inactive,197.55
CUST-05071,Arjun Reddy,arjun.reddy.5071@example.com,Singapore,2025-02-12,One-Time,842.01
CUST-05072,Kavya Miller,kavya.miller.5072@example.com,Australia,2019-01-29,One-Time,848.16
CUST-05073,Kavya Gupta,kavya.gupta.5073@example.com,Germany,2019-02-23,One-Time,359.58
CUST-05074,Meera Miller,meera.miller.5074@example.com,United States,2020-11-07,Inactive,275.53
CUST-05075,Neha Wilson,neha.wilson.5075@example.com,Canada,2018-11-02,Inactive,360.43
CUST-05076,Neha Singh,neha.singh.5076@example.com,Singapore,2024-08-29,One-Time,452.69
CUST-05077,Neha Wilson,neha.wilson.5077@example.com,India,2018-10-30,High-Value,20510.00
CUST-05078,Aarav Gupta,aarav.gupta.5078@example.com,Canada,2025-07-18,Inactive,185.29
CUST-05079,Liam Miller,liam.miller.5079@example.com,United Kingdom,2024-12-07,High-Value,24325.02
CUST-05080,Kavya Kumar,kavya.kumar.5080@example.com,United States,2018-08-08,Repeat,1737.54
CUST-05081,Emma Brown,emma.brown.5081@example.com,Germany,2018-12-16,Inactive,114.93
CUST-05082,Emma Brown,emma.brown.5082@example.com,Australia,2025-01-15,High-Value,10192.94
CUST-05083,Rohan Reddy,rohan.reddy.5083@example.com,Canada,2020-06-16,Repeat,6158.26
CUST-05084,Kavya Singh,kavya.singh.5084@example.com,Canada,2023-10-17,High-Value,9339.96
CUST-05085,Noah Miller,noah.miller.5085@example.com,India,2025-01-31,High-Value,11834.33
CUST-05086,Diya Wilson,diya.wilson.5086@example.com,India,2024-08-16,One-Time,28.95
CUST-05087,Ishaan Mehta,ishaan.mehta.5087@example.com,United States,2021-08-17,One-Time,1170.94
CUST-05088,Aarav Mehta,aarav.mehta.5088@example.com,Singapore,2024-12-15,One-Time,50.10
CUST-05089,Aarav Sharma,aarav.sharma.5089@example.com,United Kingdom,2021-04-13,Inactive,187.66
CUST-05090,Kavya Sharma,kavya.sharma.5090@example.com,United Arab Emirates,2021-10-10,Repeat,4351.81
CUST-05091,Emma Nair,emma.nair.5091@example.com,Australia,2025-09-29,One-Time,290.33
CUST-05092,Diya Mehta,diya.mehta.5092@example.com,India,2023-08-07,Repeat,1240.07
CUST-05093,Olivia Singh,olivia.singh.5093@example.com,Canada,2022-02-08,Repeat,5332.60
CUST-05094,Ishaan Kumar,ishaan.kumar.5094@example.com,Singapore,2021-02-16,High-Value,6360.49
CUST-05095,Meera Sharma,meera.sharma.5095@example.com,India,2021-09-02,One-Time,824.92
CUST-05096,Meera Gupta,meera.gupta.5096@example.com,United Kingdom,2022-08-28,Repeat,7048.28
CUST-05097,Emma Wilson,emma.wilson.5097@example.com,Germany,2023-03-28,One-Time,46.20
CUST-05098,Vikram Singh,vikram.singh.5098@example.com,Germany,2023-04-04,One-Time,376.89
CUST-05099,Diya Singh,diya.singh.5099@example.com,United States,2018-01-07,Inactive,459.40
CUST-05100,Sophia Kumar,sophia.kumar.5100@example.com,United States,2024-11-05,Repeat,3718.18
CUST-05101,Rohan Gupta,rohan.gupta.5101@example.com,India,2020-09-29,One-Time,147.67
CUST-05102,Noah Reddy,noah.reddy.5102@example.com,Germany,2024-03-17,Repeat,2292.31
CUST-05103,Sophia Brown,sophia.brown.5103@example.com,India,2025-04-30,Repeat,5022.30
CUST-05104,Vikram Reddy,vikram.reddy.5104@example.com,Australia,2022-06-04,Inactive,25.95
CUST-05105,Olivia Sharma,olivia.sharma.5105@example.com,Australia,2023-08-05,One-Time,591.40
CUST-05106,Aditi Singh,aditi.singh.5106@example.com,Canada,2024-04-01,High-Value,16928.47
CUST-05107,Diya Mehta,diya.mehta.5107@example.com,United States,2022-07-26,One-Time,844.05
CUST-05108,Diya Kumar,diya.kumar.5108@example.com,Germany,2020-04-04,One-Time,56.17
CUST-05109,Arjun Patel,arjun.patel.5109@example.com,Singapore,2019-08-02,Repeat,5022.72
CUST-05110,Ishaan Gupta,ishaan.gupta.5110@example.com,United Kingdom,2025-03-02,Repeat,4383.72
CUST-05111,Vikram Kumar,vikram.kumar.5111@example.com,India,2020-07-28,Repeat,6883.54
CUST-05112,Rohan Gupta,rohan.gupta.5112@example.com,Singapore,2018-07-23,Repeat,6161.45
CUST-05113,Ishaan Sharma,ishaan.sharma.5113@example.com,Canada,2022-03-09,Repeat,1793.34
CUST-05114,Ishaan Brown,ishaan.brown.5114@example.com,Singapore,2021-12-09,Inactive,95.14
CUST-05115,Liam Miller,liam.miller.5115@example.com,Singapore,2021-11-18,Repeat,2793.06
CUST-05116,Olivia Gupta,olivia.gupta.5116@example.com,Singapore,2021-04-14,Repeat,2002.21
CUST-05117,Neha Patel,neha.patel.5117@example.com,Germany,2019-02-24,Repeat,5923.18
CUST-05118,Liam Kumar,liam.kumar.5118@example.com,Canada,2022-10-12,Inactive,460.42
CUST-05119,Aarav Brown,aarav.brown.5119@example.com,Singapore,2018-03-08,High-Value,17385.69
CUST-05120,Vikram Nair,vikram.nair.5120@example.com,United States,2024-08-23,Repeat,1493.54
CUST-05121,Aditi Mehta,aditi.mehta.5121@example.com,Germany,2023-01-28,One-Time,683.82
CUST-05122,Neha Singh,neha.singh.5122@example.com,Singapore,2024-07-23,Repeat,3286.54
CUST-05123,Kavya Nair,kavya.nair.5123@example.com,Australia,2021-12-22,Inactive,34.50
CUST-05124,Aarav Brown,aarav.brown.5124@example.com,United States,2022-03-26,Repeat,5776.07
CUST-05125,Diya Brown,diya.brown.5125@example.com,United Arab Emirates,2024-09-27,One-Time,271.29
CUST-05126,Aditi Singh,aditi.singh.5126@example.com,United Kingdom,2021-02-03,One-Time,1018.16
CUST-05127,Sophia Sharma,sophia.sharma.5127@example.com,United States,2018-02-18,One-Time,1164.36
CUST-05128,Liam Reddy,liam.reddy.5128@example.com,United Arab Emirates,2022-11-21,Inactive,341.14
CUST-05129,Ishaan Brown,ishaan.brown.5129@example.com,United States,2021-03-27,Inactive,283.00
CUST-05130,Sophia Gupta,sophia.gupta.5130@example.com,United States,2018-07-20,Inactive,217.92
CUST-05131,Vikram Wilson,vikram.wilson.5131@example.com,Germany,2019-09-18,Repeat,3745.87
CUST-05132,Olivia Brown,olivia.brown.5132@example.com,Canada,2022-01-11,One-Time,605.58
CUST-05133,Kavya Sharma,kavya.sharma.5133@example.com,India,2018-02-10,Inactive,344.66
CUST-05134,Diya Reddy,diya.reddy.5134@example.com,Canada,2019-04-27,High-Value,19590.40
CUST-05135,Aditi Wilson,aditi.wilson.5135@example.com,Australia,2021-01-30,Repeat,5532.68
CUST-05136,Olivia Brown,olivia.brown.5136@example.com,United Arab Emirates,2020-06-22,Repeat,2602.55
CUST-05137,Diya Patel,diya.patel.5137@example.com,India,2019-06-12,Inactive,395.74
CUST-05138,Olivia Singh,olivia.singh.5138@example.com,United Kingdom,2024-10-14,One-Time,1070.86
CUST-05139,Sophia Reddy,sophia.reddy.5139@example.com,Singapore,2024-05-05,One-Time,669.72
CUST-05140,Arjun Sharma,arjun.sharma.5140@example.com,India,2018-04-27,Inactive,33.85
CUST-05141,Ishaan Singh,ishaan.singh.5141@example.com,Canada,2023-03-13,High-Value,8904.08
CUST-05142,Liam Reddy,liam.reddy.5142@example.com,United Kingdom,2020-09-27,Inactive,342.88
CUST-05143,Noah Gupta,noah.gupta.5143@example.com,Singapore,2022-04-02,Inactive,35.19
CUST-05144,Noah Singh,noah.singh.5144@example.com,Singapore,2022-04-23,One-Time,1072.14
CUST-05145,Noah Brown,noah.brown.5145@example.com,India,2024-04-21,Repeat,5198.54
CUST-05146,Liam Mehta,liam.mehta.5146@example.com,United States,2021-01-14,Inactive,330.78
CUST-05147,Meera Miller,meera.miller.5147@example.com,Canada,2025-11-13,One-Time,281.31
CUST-05148,Meera Brown,meera.brown.5148@example.com,United States,2022-06-16,Repeat,2258.91
CUST-05149,Olivia Brown,olivia.brown.5149@example.com,United Arab Emirates,2025-07-11,One-Time,817.56
CUST-05150,Arjun Mehta,arjun.mehta.5150@example.com,Singapore,2021-02-27,Repeat,6137.77
CUST-05151,Sophia Singh,sophia.singh.5151@example.com,Singapore,2023-12-22,High-Value,19231.35
CUST-05152,Noah Reddy,noah.reddy.5152@example.com,Canada,2025-01-13,One-Time,828.03
CUST-05153,Liam Mehta,liam.mehta.5153@example.com,Canada,2020-10-23,Repeat,2753.50
CUST-05154,Olivia Brown,olivia.brown.5154@example.com,Germany,2021-03-02,High-Value,13132.43
CUST-05155,Neha Mehta,neha.mehta.5155@example.com,India,2019-04-14,Repeat,6728.15
CUST-05156,Meera Gupta,meera.gupta.5156@example.com,Australia,2019-12-23,One-Time,400.15
CUST-05157,Meera Singh,meera.singh.5157@example.com,Australia,2019-03-07,One-Time,584.44
CUST-05158,Ishaan Gupta,ishaan.gupta.5158@example.com,Germany,2024-03-23,One-Time,400.72
CUST-05159,Diya Gupta,diya.gupta.5159@example.com,United States,2021-09-23,One-Time,716.24
CUST-05160,Emma Mehta,emma.mehta.5160@example.com,Australia,2023-06-09,Repeat,6776.21
CUST-05161,Sophia Singh,sophia.singh.5161@example.com,United Kingdom,2019-08-16,Inactive,369.89
CUST-05162,Emma Mehta,emma.mehta.5162@example.com,India,2019-09-28,Repeat,4050.45
CUST-05163,Olivia Singh,olivia.singh.5163@example.com,India,2019-10-20,Repeat,7396.00
CUST-05164,Arjun Wilson,arjun.wilson.5164@example.com,United Arab Emirates,2024-08-31,Inactive,5.49
CUST-05165,Emma Garcia,emma.garcia.5165@example.com,United Kingdom,2020-10-22,One-Time,392.30
CUST-05166,Ishaan Sharma,ishaan.sharma.5166@example.com,Australia,2022-07-15,Inactive,224.24
CUST-05167,Sophia Gupta,sophia.gupta.5167@example.com,United Arab Emirates,2023-10-08,Repeat,3572.91
CUST-05168,Olivia Gupta,olivia.gupta.5168@example.com,United States,2023-01-02,Repeat,1913.97
CUST-05169,Vikram Kumar,vikram.kumar.5169@example.com,India,2023-02-02,One-Time,912.88
CUST-05170,Aarav Miller,aarav.miller.5170@example.com,United Kingdom,2021-07-12,One-Time,1048.58
CUST-05171,Aditi Brown,aditi.brown.5171@example.com,United Arab Emirates,2024-03-30,One-Time,704.97
CUST-05172,Vikram Reddy,vikram.reddy.5172@example.com,Australia,2019-03-24,Repeat,5777.21
CUST-05173,Sophia Mehta,sophia.mehta.5173@example.com,Canada,2022-09-26,Inactive,219.26
CUST-05174,Diya Sharma,diya.sharma.5174@example.com,Germany,2018-10-06,Inactive,237.28
CUST-05175,Noah Garcia,noah.garcia.5175@example.com,United States,2022-12-29,Inactive,367.71
CUST-05176,Liam Brown,liam.brown.5176@example.com,Germany,2018-10-21,Repeat,1199.28
CUST-05177,Emma Patel,emma.patel.5177@example.com,Australia,2019-01-09,High-Value,20048.35
CUST-05178,Aditi Mehta,aditi.mehta.5178@example.com,United States,2021-09-18,One-Time,363.31
CUST-05179,Olivia Miller,olivia.miller.5179@example.com,United Kingdom,2019-01-04,Repeat,4576.03
CUST-05180,Aditi Mehta,aditi.mehta.5180@example.com,Canada,2024-09-23,Repeat,4423.68
CUST-05181,Noah Miller,noah.miller.5181@example.com,United States,2022-10-06,High-Value,23174.48
CUST-05182,Rohan Miller,rohan.miller.5182@example.com,United Kingdom,2022-04-26,High-Value,16020.58
CUST-05183,Liam Mehta,liam.mehta.5183@example.com,Singapore,2020-09-20,High-Value,24871.60
CUST-05184,Liam Garcia,liam.garcia.5184@example.com,Australia,2022-05-01,Inactive,141.22
CUST-05185,Olivia Wilson,olivia.wilson.5185@example.com,Canada,2018-02-18,Repeat,1574.79
CUST-05186,Rohan Brown,rohan.brown.5186@example.com,Canada,2018-12-14,Repeat,1818.38
CUST-05187,Aarav Reddy,aarav.reddy.5187@example.com,United Kingdom,2025-06-07,Repeat,6338.68
CUST-05188,Olivia Miller,olivia.miller.5188@example.com,Canada,2018-07-31,Repeat,4989.23
CUST-05189,Ishaan Patel,ishaan.patel.5189@example.com,United States,2023-02-25,One-Time,559.58
CUST-05190,Noah Wilson,noah.wilson.5190@example.com,Singapore,2023-06-19,Repeat,3197.10
CUST-05191,Meera Sharma,meera.sharma.5191@example.com,India,2024-09-22,Repeat,1251.28
CUST-05192,Aarav Nair,aarav.nair.5192@example.com,Canada,2018-09-22,One-Time,657.70
CUST-05193,Emma Wilson,emma.wilson.5193@example.com,United Kingdom,2019-02-07,Inactive,103.58
CUST-05194,Aarav Nair,aarav.nair.5194@example.com,Singapore,2025-04-05,Repeat,2153.78
CUST-05195,Emma Kumar,emma.kumar.5195@example.com,Singapore,2023-10-29,Repeat,3110.13
CUST-05196,Emma Brown,emma.brown.5196@example.com,India,2018-01-21,Repeat,3753.20
CUST-05197,Ishaan Gupta,ishaan.gupta.5197@example.com,Australia,2020-10-15,One-Time,654.71
CUST-05198,Ishaan Kumar,ishaan.kumar.5198@example.com,Australia,2024-01-21,Repeat,2317.12
CUST-05199,Vikram Miller,vikram.miller.5199@example.com,India,2023-03-03,One-Time,85.64
CUST-05200,Emma Sharma,emma.sharma.5200@example.com,United Arab Emirates,2025-10-23,High-Value,9772.97
CUST-05201,Olivia Nair,olivia.nair.5201@example.com,Germany,2025-09-05,Inactive,217.90
CUST-05202,Emma Patel,emma.patel.5202@example.com,Canada,2021-01-24,Inactive,228.04
CUST-05203,Rohan Brown,rohan.brown.5203@example.com,Singapore,2022-03-10,One-Time,1131.40
CUST-05204,Neha Nair,neha.nair.5204@example.com,United States,2025-08-13,One-Time,304.77
CUST-05205,Kavya Mehta,kavya.mehta.5205@example.com,United Arab Emirates,2023-03-30,Repeat,4802.75
CUST-05206,Emma Gupta,emma.gupta.5206@example.com,Singapore,2020-01-27,Repeat,4244.84
CUST-05207,Liam Miller,liam.miller.5207@example.com,Singapore,2025-02-23,Repeat,5155.13
CUST-05208,Diya Sharma,diya.sharma.5208@example.com,Singapore,2025-05-16,Repeat,5888.47
CUST-05209,Ishaan Mehta,ishaan.mehta.5209@example.com,Canada,2021-04-22,Inactive,123.57
CUST-05210,Ishaan Nair,ishaan.nair.5210@example.com,Germany,2020-04-02,Repeat,5018.08
CUST-05211,Sophia Wilson,sophia.wilson.5211@example.com,India,2023-04-04,One-Time,854.23
CUST-05212,Liam Gupta,liam.gupta.5212@example.com,Germany,2023-01-25,Inactive,287.01
CUST-05213,Olivia Garcia,olivia.garcia.5213@example.com,United States,2025-06-12,Repeat,5652.43
CUST-05214,Diya Mehta,diya.mehta.5214@example.com,Singapore,2019-02-23,Repeat,7493.06
CUST-05215,Olivia Singh,olivia.singh.5215@example.com,United Arab Emirates,2020-09-04,Inactive,136.34
CUST-05216,Meera Sharma,meera.sharma.5216@example.com,Canada,2018-08-03,One-Time,351.60
CUST-05217,Emma Nair,emma.nair.5217@example.com,Singapore,2023-11-21,Inactive,355.43
CUST-05218,Olivia Gupta,olivia.gupta.5218@example.com,United Kingdom,2023-04-23,Repeat,4384.53
CUST-05219,Vikram Kumar,vikram.kumar.5219@example.com,Canada,2023-06-16,High-Value,6376.77
CUST-05220,Olivia Patel,olivia.patel.5220@example.com,Germany,2018-03-27,One-Time,524.72
CUST-05221,Sophia Gupta,sophia.gupta.5221@example.com,India,2022-09-30,High-Value,24334.16
CUST-05222,Liam Miller,liam.miller.5222@example.com,Germany,2021-03-01,Repeat,1904.37
CUST-05223,Ishaan Mehta,ishaan.mehta.5223@example.com,United Arab Emirates,2021-04-07,Repeat,5873.75
CUST-05224,Sophia Miller,sophia.miller.5224@example.com,India,2021-05-18,High-Value,9288.98
CUST-05225,Kavya Sharma,kavya.sharma.5225@example.com,Canada,2020-08-09,High-Value,24691.64
CUST-05226,Aarav Patel,aarav.patel.5226@example.com,United States,2022-12-19,Inactive,418.78
CUST-05227,Neha Patel,neha.patel.5227@example.com,United Arab Emirates,2025-10-10,High-Value,11105.29
CUST-05228,Sophia Miller,sophia.miller.5228@example.com,United Arab Emirates,2019-03-12,Repeat,6043.27
CUST-05229,Arjun Wilson,arjun.wilson.5229@example.com,United States,2019-07-28,One-Time,792.00
CUST-05230,Diya Reddy,diya.reddy.5230@example.com,United Kingdom,2022-03-23,Repeat,2341.13
CUST-05231,Liam Wilson,liam.wilson.5231@example.com,United States,2025-08-24,Repeat,3440.68
CUST-05232,Diya Sharma,diya.sharma.5232@example.com,India,2020-08-30,One-Time,69.21
CUST-05233,Diya Patel,diya.patel.5233@example.com,India,2021-05-08,One-Time,132.13
CUST-05234,Kavya Singh,kavya.singh.5234@example.com,Australia,2024-05-09,One-Time,890.50
CUST-05235,Vikram Singh,vikram.singh.5235@example.com,United Kingdom,2023-02-05,Repeat,6998.32
CUST-05236,Sophia Miller,sophia.miller.5236@example.com,Canada,2022-08-27,Repeat,5432.99
CUST-05237,Olivia Garcia,olivia.garcia.5237@example.com,Singapore,2021-05-04,Repeat,6874.69
CUST-05238,Noah Patel,noah.patel.5238@example.com,Australia,2023-02-20,High-Value,22482.21
CUST-05239,Ishaan Patel,ishaan.patel.5239@example.com,United Kingdom,2018-12-02,High-Value,22451.92
CUST-05240,Neha Reddy,neha.reddy.5240@example.com,Canada,2023-01-21,One-Time,1089.62
CUST-05241,Aditi Brown,aditi.brown.5241@example.com,Germany,2022-07-26,Repeat,2512.32
CUST-05242,Arjun Brown,arjun.brown.5242@example.com,United Arab Emirates,2019-10-11,One-Time,34.26
CUST-05243,Vikram Gupta,vikram.gupta.5243@example.com,Canada,2020-10-07,One-Time,168.94
CUST-05244,Arjun Miller,arjun.miller.5244@example.com,Singapore,2019-05-12,One-Time,751.02
CUST-05245,Ishaan Kumar,ishaan.kumar.5245@example.com,United States,2023-10-21,One-Time,248.98
CUST-05246,Ishaan Reddy,ishaan.reddy.5246@example.com,United States,2019-07-11,One-Time,1059.18
CUST-05247,Vikram Singh,vikram.singh.5247@example.com,Australia,2022-11-01,Repeat,3699.13
CUST-05248,Liam Patel,liam.patel.5248@example.com,Canada,2020-01-17,Repeat,3794.04
CUST-05249,Olivia Patel,olivia.patel.5249@example.com,United Kingdom,2020-06-23,One-Time,116.49
CUST-05250,Ishaan Garcia,ishaan.garcia.5250@example.com,United States,2018-04-08,High-Value,7050.72
CUST-05251,Kavya Wilson,kavya.wilson.5251@example.com,Australia,2025-06-12,One-Time,1043.05
CUST-05252,Olivia Mehta,olivia.mehta.5252@example.com,Singapore,2021-08-19,Inactive,165.63
CUST-05253,Emma Reddy,emma.reddy.5253@example.com,United Kingdom,2024-02-02,High-Value,13758.24
CUST-05254,Aarav Mehta,aarav.mehta.5254@example.com,Australia,2023-08-30,One-Time,1173.99
CUST-05255,Meera Singh,meera.singh.5255@example.com,United Arab Emirates,2025-08-14,High-Value,14039.75
CUST-05256,Aditi Garcia,aditi.garcia.5256@example.com,Singapore,2018-11-04,One-Time,97.44
CUST-05257,Ishaan Mehta,ishaan.mehta.5257@example.com,United States,2025-01-11,One-Time,1180.47
CUST-05258,Kavya Wilson,kavya.wilson.5258@example.com,Canada,2022-04-28,One-Time,681.54
CUST-05259,Vikram Singh,vikram.singh.5259@example.com,Germany,2023-06-02,Repeat,2817.41
CUST-05260,Olivia Patel,olivia.patel.5260@example.com,Singapore,2025-02-14,One-Time,307.82
CUST-05261,Arjun Gupta,arjun.gupta.5261@example.com,Australia,2022-09-17,Repeat,4666.74
CUST-05262,Aditi Gupta,aditi.gupta.5262@example.com,United Arab Emirates,2025-01-27,Repeat,2525.00
CUST-05263,Noah Garcia,noah.garcia.5263@example.com,Australia,2025-12-06,Inactive,449.18
CUST-05264,Emma Brown,emma.brown.5264@example.com,United States,2020-01-29,High-Value,17166.60
CUST-05265,Arjun Nair,arjun.nair.5265@example.com,Germany,2021-02-28,Repeat,7014.84
CUST-05266,Diya Garcia,diya.garcia.5266@example.com,India,2023-12-25,Repeat,830.03
CUST-05267,Arjun Singh,arjun.singh.5267@example.com,United Kingdom,2023-09-23,High-Value,18898.07
CUST-05268,Olivia Wilson,olivia.wilson.5268@example.com,Germany,2018-12-31,One-Time,544.81
CUST-05269,Noah Garcia,noah.garcia.5269@example.com,Germany,2020-09-27,One-Time,741.13
CUST-05270,Noah Wilson,noah.wilson.5270@example.com,Germany,2020-11-10,Repeat,3502.89
CUST-05271,Sophia Sharma,sophia.sharma.5271@example.com,Singapore,2023-08-15,One-Time,1068.97
CUST-05272,Noah Wilson,noah.wilson.5272@example.com,Singapore,2024-05-01,One-Time,954.58
CUST-05273,Sophia Kumar,sophia.kumar.5273@example.com,India,2019-02-12,Inactive,109.14
CUST-05274,Diya Mehta,diya.mehta.5274@example.com,United Arab Emirates,2024-07-27,One-Time,624.34
CUST-05275,Liam Wilson,liam.wilson.5275@example.com,Australia,2022-03-05,One-Time,800.73
CUST-05276,Aarav Wilson,aarav.wilson.5276@example.com,Australia,2022-11-09,One-Time,923.70
CUST-05277,Vikram Kumar,vikram.kumar.5277@example.com,United States,2018-03-17,Inactive,421.08
CUST-05278,Diya Patel,diya.patel.5278@example.com,Germany,2025-04-08,One-Time,1199.46
CUST-05279,Meera Sharma,meera.sharma.5279@example.com,United States,2024-11-15,High-Value,23741.10
CUST-05280,Meera Brown,meera.brown.5280@example.com,Germany,2022-12-22,Repeat,1956.30
CUST-05281,Arjun Miller,arjun.miller.5281@example.com,United Arab Emirates,2021-09-14,Repeat,2098.54
CUST-05282,Olivia Mehta,olivia.mehta.5282@example.com,Germany,2019-03-14,High-Value,15387.78
CUST-05283,Ishaan Reddy,ishaan.reddy.5283@example.com,United States,2023-02-08,Inactive,55.80
CUST-05284,Neha Kumar,neha.kumar.5284@example.com,Australia,2022-11-02,One-Time,162.97
CUST-05285,Sophia Reddy,sophia.reddy.5285@example.com,Australia,2023-02-12,Repeat,2905.93
CUST-05286,Meera Kumar,meera.kumar.5286@example.com,Germany,2019-11-27,Inactive,307.96
CUST-05287,Emma Gupta,emma.gupta.5287@example.com,United Arab Emirates,2023-09-22,Repeat,5786.14
CUST-05288,Neha Reddy,neha.reddy.5288@example.com,Canada,2018-09-17,Repeat,5743.12
CUST-05289,Rohan Brown,rohan.brown.5289@example.com,United Kingdom,2025-12-16,Inactive,223.06
CUST-05290,Olivia Mehta,olivia.mehta.5290@example.com,Germany,2019-05-30,One-Time,269.68
CUST-05291,Aditi Reddy,aditi.reddy.5291@example.com,Germany,2023-06-07,One-Time,117.43
CUST-05292,Liam Nair,liam.nair.5292@example.com,Australia,2025-05-26,One-Time,1093.42
CUST-05293,Emma Wilson,emma.wilson.5293@example.com,India,2018-08-06,Repeat,3078.95
CUST-05294,Vikram Nair,vikram.nair.5294@example.com,United States,2019-04-22,Repeat,2749.67
CUST-05295,Sophia Brown,sophia.brown.5295@example.com,United Kingdom,2022-07-18,Repeat,5927.62
CUST-05296,Arjun Patel,arjun.patel.5296@example.com,United States,2024-04-19,Repeat,7295.83
CUST-05297,Liam Wilson,liam.wilson.5297@example.com,United States,2021-01-08,One-Time,1079.17
CUST-05298,Neha Patel,neha.patel.5298@example.com,United States,2024-07-26,One-Time,523.22
CUST-05299,Ishaan Singh,ishaan.singh.5299@example.com,United Kingdom,2019-08-30,One-Time,458.10
CUST-05300,Neha Garcia,neha.garcia.5300@example.com,Canada,2020-01-14,High-Value,5397.08
CUST-05301,Meera Nair,meera.nair.5301@example.com,Australia,2022-09-02,High-Value,20092.75
CUST-05302,Aditi Brown,aditi.brown.5302@example.com,India,2020-04-23,One-Time,1000.66
CUST-05303,Aarav Brown,aarav.brown.5303@example.com,India,2023-10-10,Repeat,3135.38
CUST-05304,Arjun Miller,arjun.miller.5304@example.com,Canada,2023-08-26,Repeat,5221.74
CUST-05305,Rohan Reddy,rohan.reddy.5305@example.com,United States,2025-05-13,High-Value,24307.09
CUST-05306,Aarav Nair,aarav.nair.5306@example.com,United Arab Emirates,2023-10-11,One-Time,1145.11
CUST-05307,Olivia Miller,olivia.miller.5307@example.com,Canada,2023-10-27,Repeat,4696.02
CUST-05308,Kavya Garcia,kavya.garcia.5308@example.com,United States,2021-07-15,One-Time,406.91
CUST-05309,Arjun Singh,arjun.singh.5309@example.com,India,2021-10-30,Inactive,88.27
CUST-05310,Olivia Kumar,olivia.kumar.5310@example.com,United Arab Emirates,2023-03-16,Inactive,209.92
CUST-05311,Sophia Reddy,sophia.reddy.5311@example.com,United States,2025-01-16,High-Value,23173.59
CUST-05312,Aditi Miller,aditi.miller.5312@example.com,Germany,2019-08-18,One-Time,329.87
CUST-05313,Neha Brown,neha.brown.5313@example.com,United States,2023-10-31,One-Time,209.58
CUST-05314,Noah Patel,noah.patel.5314@example.com,Canada,2024-11-19,Repeat,7220.49
CUST-05315,Liam Kumar,liam.kumar.5315@example.com,Singapore,2019-11-09,Repeat,6978.03
CUST-05316,Meera Nair,meera.nair.5316@example.com,United Kingdom,2025-07-22,Inactive,19.82
CUST-05317,Vikram Mehta,vikram.mehta.5317@example.com,United States,2021-12-30,One-Time,907.51
CUST-05318,Noah Miller,noah.miller.5318@example.com,United Arab Emirates,2021-04-11,Repeat,4589.25
CUST-05319,Noah Singh,noah.singh.5319@example.com,United Kingdom,2018-09-01,One-Time,1139.16
CUST-05320,Arjun Nair,arjun.nair.5320@example.com,Germany,2019-12-13,Repeat,7481.40
CUST-05321,Rohan Patel,rohan.patel.5321@example.com,United States,2020-10-02,Repeat,6764.11
CUST-05322,Arjun Brown,arjun.brown.5322@example.com,United States,2020-05-22,One-Time,1096.09
CUST-05323,Noah Kumar,noah.kumar.5323@example.com,Germany,2019-06-24,Repeat,3758.45
CUST-05324,Olivia Singh,olivia.singh.5324@example.com,Germany,2018-09-22,Repeat,6105.10
CUST-05325,Neha Nair,neha.nair.5325@example.com,Singapore,2018-05-20,Inactive,484.18
CUST-05326,Diya Miller,diya.miller.5326@example.com,United Arab Emirates,2021-11-27,Repeat,3918.14
CUST-05327,Diya Sharma,diya.sharma.5327@example.com,Germany,2021-01-04,High-Value,14680.77
CUST-05328,Neha Wilson,neha.wilson.5328@example.com,Singapore,2024-09-23,One-Time,483.06
CUST-05329,Diya Kumar,diya.kumar.5329@example.com,Australia,2020-04-29,High-Value,20876.60
CUST-05330,Aarav Patel,aarav.patel.5330@example.com,India,2018-12-30,Repeat,4293.95
CUST-05331,Sophia Patel,sophia.patel.5331@example.com,Singapore,2019-12-12,Repeat,4212.25
CUST-05332,Vikram Miller,vikram.miller.5332@example.com,India,2019-01-20,Repeat,974.13
CUST-05333,Emma Brown,emma.brown.5333@example.com,Australia,2025-06-19,High-Value,5268.41
CUST-05334,Rohan Singh,rohan.singh.5334@example.com,United States,2020-01-02,Repeat,5863.09
CUST-05335,Sophia Brown,sophia.brown.5335@example.com,Germany,2022-04-13,One-Time,1162.83
CUST-05336,Vikram Gupta,vikram.gupta.5336@example.com,Germany,2024-04-17,One-Time,937.13
CUST-05337,Arjun Wilson,arjun.wilson.5337@example.com,United Arab Emirates,2021-09-13,High-Value,22984.72
CUST-05338,Neha Wilson,neha.wilson.5338@example.com,Singapore,2021-05-25,One-Time,209.17
CUST-05339,Aarav Patel,aarav.patel.5339@example.com,United Kingdom,2024-10-23,Repeat,3737.64
CUST-05340,Vikram Kumar,vikram.kumar.5340@example.com,United Arab Emirates,2025-05-02,One-Time,872.21
CUST-05341,Arjun Reddy,arjun.reddy.5341@example.com,United States,2022-11-22,Inactive,417.23
CUST-05342,Kavya Reddy,kavya.reddy.5342@example.com,Australia,2024-08-31,One-Time,1099.63
CUST-05343,Rohan Brown,rohan.brown.5343@example.com,Canada,2019-11-09,High-Value,10527.84
CUST-05344,Sophia Singh,sophia.singh.5344@example.com,India,2019-07-16,High-Value,5878.41
CUST-05345,Diya Sharma,diya.sharma.5345@example.com,India,2018-04-25,One-Time,795.33
CUST-05346,Arjun Kumar,arjun.kumar.5346@example.com,United States,2021-06-02,Repeat,4756.18
CUST-05347,Vikram Miller,vikram.miller.5347@example.com,Germany,2024-04-10,One-Time,497.06
CUST-05348,Kavya Nair,kavya.nair.5348@example.com,United Arab Emirates,2018-10-06,Repeat,4497.71
CUST-05349,Aarav Brown,aarav.brown.5349@example.com,Canada,2021-01-13,Inactive,101.32
CUST-05350,Aditi Miller,aditi.miller.5350@example.com,India,2024-02-26,One-Time,1178.15
CUST-05351,Noah Reddy,noah.reddy.5351@example.com,India,2021-04-05,High-Value,7284.74
CUST-05352,Rohan Nair,rohan.nair.5352@example.com,India,2022-09-13,Inactive,347.43
CUST-05353,Aditi Nair,aditi.nair.5353@example.com,Singapore,2025-11-04,Repeat,5337.80
CUST-05354,Aarav Gupta,,United States,2021-06-24,Inactive,352.07
CUST-05355,Olivia Wilson,olivia.wilson.5355@example.com,United States,2025-03-09,Repeat,3318.00
CUST-05356,Aarav Nair,aarav.nair.5356@example.com,Singapore,2020-11-08,One-Time,840.72
CUST-05357,Olivia Kumar,olivia.kumar.5357@example.com,Canada,2018-08-16,One-Time,858.10
CUST-05358,Arjun Reddy,arjun.reddy.5358@example.com,Canada,2022-08-05,High-Value,6796.42
CUST-05359,Olivia Miller,,Australia,2025-07-12,High-Value,8674.05
CUST-05360,Aditi Wilson,aditi.wilson.5360@example.com,United Arab Emirates,2018-01-17,One-Time,88.92
CUST-05361,Vikram Patel,vikram.patel.5361@example.com,Germany,2021-12-18,Inactive,25.36
CUST-05362,Vikram Singh,vikram.singh.5362@example.com,Singapore,2023-11-14,Repeat,7331.39
CUST-05363,Aarav Kumar,aarav.kumar.5363@example.com,Germany,2023-01-19,One-Time,964.55
CUST-05364,Aditi Nair,aditi.nair.5364@example.com,Germany,2021-02-17,Repeat,2502.91
CUST-05365,Meera Nair,meera.nair.5365@example.com,Germany,2023-10-23,One-Time,419.59
CUST-05366,Arjun Mehta,arjun.mehta.5366@example.com,United States,2024-10-08,Repeat,4010.25
CUST-05367,Aditi Miller,aditi.miller.5367@example.com,Australia,2022-08-24,One-Time,576.76
CUST-05368,Kavya Brown,kavya.brown.5368@example.com,Singapore,2021-01-01,High-Value,15800.58
CUST-05369,Rohan Miller,rohan.miller.5369@example.com,Australia,2021-03-15,One-Time,868.28
CUST-05370,Liam Sharma,liam.sharma.5370@example.com,Canada,2018-11-30,Repeat,5509.76
CUST-05371,Aarav Mehta,aarav.mehta.5371@example.com,India,2024-05-27,Repeat,2930.27
CUST-05372,Noah Singh,noah.singh.5372@example.com,United Arab Emirates,2021-09-10,High-Value,18766.83
CUST-05373,Aditi Brown,aditi.brown.5373@example.com,United Kingdom,2023-04-24,Repeat,4880.53
CUST-05374,Arjun Wilson,arjun.wilson.5374@example.com,Canada,2020-10-06,One-Time,759.48
CUST-05375,Olivia Sharma,olivia.sharma.5375@example.com,Singapore,2019-05-14,One-Time,488.70
CUST-05376,Meera Miller,meera.miller.5376@example.com,India,2025-05-12,Repeat,2288.66
CUST-05377,Olivia Brown,olivia.brown.5377@example.com,Singapore,2021-03-13,One-Time,786.56
CUST-05378,Ishaan Mehta,ishaan.mehta.5378@example.com,United States,2019-01-14,High-Value,24056.47
CUST-05379,Emma Sharma,emma.sharma.5379@example.com,Germany,2024-09-09,One-Time,145.72
CUST-05380,Vikram Patel,vikram.patel.5380@example.com,Canada,2021-10-22,Repeat,3340.81
CUST-05381,Noah Reddy,noah.reddy.5381@example.com,United Kingdom,2023-05-08,One-Time,457.18
CUST-05382,Diya Kumar,diya.kumar.5382@example.com,Australia,2021-03-21,One-Time,461.18
CUST-05383,Aditi Kumar,aditi.kumar.5383@example.com,Germany,2021-11-07,One-Time,1184.25
CUST-05384,Sophia Gupta,sophia.gupta.5384@example.com,United States,2020-11-26,One-Time,927.21
CUST-05385,Aditi Nair,aditi.nair.5385@example.com,Germany,2023-11-09,One-Time,1174.98
CUST-05386,Neha Mehta,neha.mehta.5386@example.com,Singapore,2024-01-03,High-Value,13552.59
CUST-05387,Rohan Brown,rohan.brown.5387@example.com,Singapore,2025-04-24,Repeat,3326.47
CUST-05388,Liam Nair,liam.nair.5388@example.com,Germany,2019-01-10,Repeat,6731.16
CUST-05389,Olivia Brown,olivia.brown.5389@example.com,Germany,2021-04-10,One-Time,831.53
CUST-05390,Emma Kumar,emma.kumar.5390@example.com,Australia,2022-03-17,Repeat,5558.45
CUST-05391,Kavya Patel,kavya.patel.5391@example.com,India,2023-12-09,High-Value,5560.53
CUST-05392,Emma Garcia,emma.garcia.5392@example.com,Singapore,2019-09-26,One-Time,1024.35
CUST-05393,Aarav Singh,aarav.singh.5393@example.com,Canada,2019-09-25,One-Time,158.62
CUST-05394,Kavya Wilson,kavya.wilson.5394@example.com,Canada,2024-08-29,Repeat,7035.91
CUST-05395,Aditi Brown,aditi.brown.5395@example.com,Australia,2023-03-17,One-Time,299.64
CUST-05396,Arjun Brown,arjun.brown.5396@example.com,India,2018-09-18,One-Time,560.23
CUST-05397,Olivia Gupta,olivia.gupta.5397@example.com,Australia,2025-09-24,High-Value,7159.49
CUST-05398,Sophia Wilson,sophia.wilson.5398@example.com,Australia,2024-01-13,Repeat,6607.77
CUST-05399,Sophia Nair,sophia.nair.5399@example.com,India,2019-02-16,Inactive,455.01
CUST-05400,Arjun Reddy,arjun.reddy.5400@example.com,India,2019-12-21,Inactive,384.80
CUST-05401,Kavya Sharma,kavya.sharma.5401@example.com,India,2021-09-22,One-Time,284.91
CUST-05402,Aarav Miller,aarav.miller.5402@example.com,India,2018-11-26,High-Value,16124.26
CUST-05403,Emma Reddy,emma.reddy.5403@example.com,Australia,2020-11-10,Repeat,3189.86
CUST-05404,Emma Garcia,emma.garcia.5404@example.com,United Kingdom,2019-11-21,One-Time,83.75
CUST-05405,Diya Singh,diya.singh.5405@example.com,United Arab Emirates,2024-11-07,High-Value,18412.59
CUST-05406,Vikram Gupta,vikram.gupta.5406@example.com,United Kingdom,2023-12-01,Inactive,314.13
CUST-05407,Olivia Gupta,olivia.gupta.5407@example.com,United Arab Emirates,2024-11-30,One-Time,1172.14
CUST-05408,Aarav Gupta,aarav.gupta.5408@example.com,Singapore,2018-08-15,High-Value,19307.33
CUST-05409,Meera Patel,meera.patel.5409@example.com,United Kingdom,2019-09-01,Repeat,2198.01
CUST-05410,Kavya Sharma,kavya.sharma.5410@example.com,Canada,2022-06-08,Repeat,4420.66
CUST-05411,Olivia Gupta,olivia.gupta.5411@example.com,United Arab Emirates,2018-11-06,High-Value,20499.66
CUST-05412,Kavya Miller,kavya.miller.5412@example.com,India,2022-06-21,One-Time,431.65
CUST-05413,Aarav Wilson,aarav.wilson.5413@example.com,India,2025-03-03,High-Value,5005.78
CUST-05414,Emma Miller,emma.miller.5414@example.com,United Arab Emirates,2023-04-10,Repeat,6915.27
CUST-05415,Arjun Garcia,arjun.garcia.5415@example.com,India,2025-01-29,Inactive,373.39
CUST-05416,Sophia Brown,sophia.brown.5416@example.com,Canada,2020-10-12,Repeat,3204.42
CUST-05417,Vikram Kumar,vikram.kumar.5417@example.com,Germany,2018-08-17,Inactive,386.01
CUST-05418,Aditi Patel,,United Arab Emirates,2024-07-25,Inactive,243.10
CUST-05419,Arjun Nair,arjun.nair.5419@example.com,Australia,2021-12-14,Inactive,496.47
CUST-05420,Arjun Singh,arjun.singh.5420@example.com,Singapore,2024-01-21,Repeat,3906.12
CUST-05421,Noah Patel,noah.patel.5421@example.com,United States,2024-07-25,Inactive,205.85
CUST-05422,Neha Nair,neha.nair.5422@example.com,Canada,2020-08-26,Inactive,301.11
CUST-05423,Arjun Garcia,arjun.garcia.5423@example.com,United Arab Emirates,2020-07-17,Repeat,4996.46
CUST-05424,Aarav Garcia,aarav.garcia.5424@example.com,Singapore,2024-12-04,High-Value,8607.05
CUST-05425,Noah Brown,noah.brown.5425@example.com,Germany,2019-03-22,One-Time,1041.05
CUST-05426,Rohan Miller,rohan.miller.5426@example.com,United Kingdom,2019-04-10,Repeat,5132.24
CUST-05427,Emma Brown,emma.brown.5427@example.com,Canada,2022-11-07,Inactive,488.04
CUST-05428,Emma Singh,emma.singh.5428@example.com,United Kingdom,2020-08-18,One-Time,995.10
CUST-05429,Liam Nair,liam.nair.5429@example.com,Germany,2021-07-19,Repeat,3304.54
CUST-05430,Kavya Garcia,kavya.garcia.5430@example.com,Australia,2022-08-25,Inactive,76.22
CUST-05431,Kavya Patel,kavya.patel.5431@example.com,Australia,2025-08-06,Repeat,3969.83
CUST-05432,Emma Garcia,emma.garcia.5432@example.com,Germany,2024-05-12,Repeat,7073.69
CUST-05433,Aditi Brown,aditi.brown.5433@example.com,Germany,2024-07-28,One-Time,741.38
CUST-05434,Liam Nair,liam.nair.5434@example.com,United Kingdom,2021-08-16,Repeat,815.22
CUST-05435,Kavya Garcia,kavya.garcia.5435@example.com,Singapore,2019-11-04,One-Time,215.38
CUST-05436,Ishaan Singh,ishaan.singh.5436@example.com,Canada,2020-06-06,Repeat,832.87
CUST-05437,Olivia Patel,olivia.patel.5437@example.com,Canada,2018-04-02,One-Time,866.96
CUST-05438,Rohan Mehta,rohan.mehta.5438@example.com,Canada,2023-06-24,High-Value,10213.17
CUST-05439,Kavya Miller,kavya.miller.5439@example.com,United Arab Emirates,2022-01-10,One-Time,297.14
CUST-05440,Ishaan Nair,ishaan.nair.5440@example.com,United Arab Emirates,2025-12-04,One-Time,460.84
CUST-05441,Sophia Reddy,sophia.reddy.5441@example.com,Canada,2018-11-27,One-Time,570.82
CUST-05442,Meera Patel,meera.patel.5442@example.com,United States,2023-04-05,High-Value,6185.66
CUST-05443,Diya Kumar,diya.kumar.5443@example.com,United Arab Emirates,2024-04-29,One-Time,373.75
CUST-05444,Aarav Brown,aarav.brown.5444@example.com,India,2019-11-26,One-Time,1057.48
CUST-05445,Diya Sharma,diya.sharma.5445@example.com,Australia,2022-12-27,One-Time,640.29
CUST-05446,Noah Sharma,noah.sharma.5446@example.com,Singapore,2022-02-10,Inactive,377.69
CUST-05447,Rohan Wilson,rohan.wilson.5447@example.com,Singapore,2018-08-06,Repeat,2720.96
CUST-05448,Aarav Garcia,aarav.garcia.5448@example.com,Australia,2022-03-11,Inactive,453.79
CUST-05449,Liam Brown,liam.brown.5449@example.com,Australia,2025-04-18,Inactive,285.00
CUST-05450,Aditi Gupta,aditi.gupta.5450@example.com,United Arab Emirates,2022-04-29,One-Time,113.02
CUST-05451,Arjun Patel,arjun.patel.5451@example.com,Germany,2022-02-18,Repeat,2982.86
CUST-05452,Ishaan Patel,ishaan.patel.5452@example.com,Singapore,2023-12-21,One-Time,992.16
CUST-05453,Meera Kumar,meera.kumar.5453@example.com,India,2020-12-30,One-Time,235.46
CUST-05454,Meera Kumar,meera.kumar.5454@example.com,Singapore,2023-11-01,Inactive,74.17
CUST-05455,Neha Kumar,neha.kumar.5455@example.com,United States,2020-06-30,One-Time,1047.88
CUST-05456,Neha Miller,neha.miller.5456@example.com,Australia,2023-07-12,One-Time,970.88
CUST-05457,Ishaan Reddy,ishaan.reddy.5457@example.com,Singapore,2024-09-05,High-Value,24092.58
CUST-05458,Neha Nair,neha.nair.5458@example.com,Australia,2018-10-23,One-Time,397.93
CUST-05459,Olivia Nair,olivia.nair.5459@example.com,Australia,2022-12-06,Repeat,6817.62
CUST-05460,Kavya Patel,kavya.patel.5460@example.com,Australia,2018-11-04,Repeat,4702.76
CUST-05461,Vikram Reddy,vikram.reddy.5461@example.com,United Kingdom,2019-04-17,Repeat,5379.10
CUST-05462,Sophia Garcia,sophia.garcia.5462@example.com,United Kingdom,2023-04-20,Repeat,2164.21
CUST-05463,Liam Patel,liam.patel.5463@example.com,India,2018-09-22,High-Value,24024.36
CUST-05464,Sophia Patel,sophia.patel.5464@example.com,India,2019-03-24,Inactive,217.25
CUST-05465,Noah Gupta,noah.gupta.5465@example.com,Singapore,2021-09-03,Repeat,4321.60
CUST-05466,Diya Wilson,diya.wilson.5466@example.com,Germany,2024-04-22,Inactive,138.86
CUST-05467,Aarav Gupta,aarav.gupta.5467@example.com,United Kingdom,2019-07-09,Repeat,7133.74
CUST-05468,Aarav Sharma,aarav.sharma.5468@example.com,Canada,2020-04-12,One-Time,408.60
CUST-05469,Rohan Mehta,rohan.mehta.5469@example.com,United States,2021-05-03,One-Time,838.46
CUST-05470,Noah Reddy,noah.reddy.5470@example.com,Australia,2020-11-25,High-Value,8520.35
CUST-05471,Meera Brown,meera.brown.5471@example.com,Germany,2018-03-12,One-Time,281.26
CUST-05472,Vikram Wilson,vikram.wilson.5472@example.com,Canada,2018-05-14,One-Time,574.75
CUST-05473,Vikram Wilson,vikram.wilson.5473@example.com,Germany,2024-04-26,One-Time,971.20
CUST-05474,Kavya Nair,kavya.nair.5474@example.com,United Kingdom,2023-12-18,One-Time,715.53
CUST-05475,Vikram Nair,vikram.nair.5475@example.com,United Kingdom,2024-05-06,One-Time,925.32
CUST-05476,Olivia Nair,olivia.nair.5476@example.com,United Kingdom,2018-02-09,Repeat,1722.54
CUST-05477,Arjun Patel,arjun.patel.5477@example.com,Singapore,2025-09-19,One-Time,673.97
CUST-05478,Arjun Gupta,arjun.gupta.5478@example.com,Canada,2023-09-17,High-Value,7944.75
CUST-05479,Aditi Singh,aditi.singh.5479@example.com,Singapore,2025-04-09,Repeat,2498.46
CUST-05480,Liam Singh,liam.singh.5480@example.com,Singapore,2023-05-27,High-Value,16730.70
CUST-05481,Aditi Miller,aditi.miller.5481@example.com,Germany,2023-09-05,Inactive,166.66
CUST-05482,Olivia Wilson,olivia.wilson.5482@example.com,United States,2020-06-23,Repeat,3443.15
CUST-05483,Sophia Mehta,sophia.mehta.5483@example.com,United Arab Emirates,2025-04-02,One-Time,477.48
CUST-05484,Noah Singh,noah.singh.5484@example.com,Australia,2025-05-07,One-Time,910.22
CUST-05485,Sophia Garcia,sophia.garcia.5485@example.com,United Arab Emirates,2025-06-15,Repeat,2979.47
CUST-05486,Ishaan Sharma,ishaan.sharma.5486@example.com,United Arab Emirates,2025-04-26,Inactive,160.54
CUST-05487,Diya Singh,diya.singh.5487@example.com,Germany,2024-12-22,One-Time,446.14
CUST-05488,Aditi Nair,aditi.nair.5488@example.com,India,2019-10-22,One-Time,874.36
CUST-05489,Ishaan Sharma,ishaan.sharma.5489@example.com,United States,2020-12-16,One-Time,224.49
CUST-05490,Kavya Kumar,kavya.kumar.5490@example.com,United Kingdom,2023-03-19,High-Value,7391.71
CUST-05491,Rohan Nair,rohan.nair.5491@example.com,United Kingdom,2022-09-20,One-Time,238.70
CUST-05492,Meera Mehta,meera.mehta.5492@example.com,India,2025-11-26,One-Time,1169.73
CUST-05493,Aditi Garcia,aditi.garcia.5493@example.com,United States,2019-02-16,Repeat,2498.59
CUST-05494,Sophia Gupta,sophia.gupta.5494@example.com,Australia,2022-06-28,Repeat,1758.27
CUST-05495,Vikram Reddy,vikram.reddy.5495@example.com,United Kingdom,2024-08-27,One-Time,576.63
CUST-05496,Aditi Nair,aditi.nair.5496@example.com,Germany,2019-11-01,One-Time,554.96
CUST-05497,Emma Mehta,emma.mehta.5497@example.com,United Arab Emirates,2020-01-16,Inactive,274.46
CUST-05498,Meera Garcia,meera.garcia.5498@example.com,United Arab Emirates,2024-11-22,One-Time,32.08
CUST-05499,Kavya Sharma,kavya.sharma.5499@example.com,Canada,2023-03-02,High-Value,11638.63
CUST-05500,Rohan Miller,rohan.miller.5500@example.com,United Arab Emirates,2023-10-18,Repeat,1032.24
CUST-05501,Meera Miller,meera.miller.5501@example.com,Australia,2018-11-29,Repeat,2378.62
CUST-05502,Emma Kumar,emma.kumar.5502@example.com,United Kingdom,2019-11-03,Inactive,24.12
CUST-05503,Aditi Singh,aditi.singh.5503@example.com,United States,2024-01-04,One-Time,748.62
CUST-05504,Ishaan Wilson,ishaan.wilson.5504@example.com,India,2021-08-06,Repeat,6880.85
CUST-05505,Sophia Garcia,sophia.garcia.5505@example.com,India,2020-08-03,Repeat,1683.90
CUST-05506,Vikram Wilson,vikram.wilson.5506@example.com,United Kingdom,2021-02-16,Repeat,5171.79
CUST-05507,Rohan Patel,rohan.patel.5507@example.com,United Arab Emirates,2024-12-05,Inactive,65.69
CUST-05508,Kavya Patel,kavya.patel.5508@example.com,Germany,2024-07-21,One-Time,379.32
CUST-05509,Neha Sharma,neha.sharma.5509@example.com,Canada,2021-10-22,High-Value,17018.70
CUST-05510,Rohan Singh,rohan.singh.5510@example.com,United States,2022-03-29,High-Value,19270.72
CUST-05511,Neha Wilson,neha.wilson.5511@example.com,India,2025-05-18,Repeat,4743.32
CUST-05512,Kavya Garcia,kavya.garcia.5512@example.com,India,2024-01-01,Repeat,6147.02
CUST-05513,Arjun Miller,arjun.miller.5513@example.com,United Kingdom,2023-11-08,Repeat,2448.01
CUST-05514,Neha Miller,neha.miller.5514@example.com,Australia,2023-01-10,High-Value,9260.68
CUST-05515,Aarav Kumar,aarav.kumar.5515@example.com,Australia,2021-09-28,Repeat,4935.94
CUST-05516,Rohan Kumar,rohan.kumar.5516@example.com,India,2023-12-01,Inactive,72.19
CUST-05517,Rohan Nair,rohan.nair.5517@example.com,United Arab Emirates,2019-06-04,High-Value,11158.08
CUST-05518,Meera Mehta,meera.mehta.5518@example.com,United Arab Emirates,2025-09-18,Repeat,6840.78
CUST-05519,Ishaan Kumar,ishaan.kumar.5519@example.com,Canada,2024-02-26,Inactive,270.61
CUST-05520,Vikram Nair,vikram.nair.5520@example.com,India,2024-10-23,High-Value,22017.04
CUST-05521,Emma Sharma,emma.sharma.5521@example.com,Canada,2024-11-12,One-Time,454.11
CUST-05522,Sophia Singh,sophia.singh.5522@example.com,India,2024-09-11,Repeat,7059.91
CUST-05523,Meera Brown,meera.brown.5523@example.com,United Arab Emirates,2021-11-27,Inactive,130.90
CUST-05524,Aditi Brown,aditi.brown.5524@example.com,United States,2024-10-16,One-Time,378.18
CUST-05525,Kavya Wilson,kavya.wilson.5525@example.com,Germany,2021-10-31,One-Time,744.00
CUST-05526,Emma Reddy,emma.reddy.5526@example.com,Canada,2022-12-23,High-Value,13361.67
CUST-05527,Emma Wilson,emma.wilson.5527@example.com,United Arab Emirates,2025-10-03,One-Time,986.85
CUST-05528,Ishaan Gupta,ishaan.gupta.5528@example.com,Australia,2021-05-01,Repeat,4325.99
CUST-05529,Vikram Miller,vikram.miller.5529@example.com,United Kingdom,2018-01-13,Repeat,2609.35
CUST-05530,Aditi Nair,aditi.nair.5530@example.com,Germany,2018-03-06,One-Time,96.37
CUST-05531,Olivia Sharma,olivia.sharma.5531@example.com,Germany,2020-07-18,Repeat,6695.76
CUST-05532,Aditi Gupta,aditi.gupta.5532@example.com,Australia,2020-05-27,One-Time,354.79
CUST-05533,Meera Mehta,meera.mehta.5533@example.com,Canada,2023-12-09,Repeat,6614.78
CUST-05534,Ishaan Miller,ishaan.miller.5534@example.com,Singapore,2025-02-11,Inactive,92.31
CUST-05535,Noah Nair,noah.nair.5535@example.com,United Kingdom,2018-03-13,One-Time,51.18
CUST-05536,Aarav Kumar,aarav.kumar.5536@example.com,Australia,2019-10-03,One-Time,173.00
CUST-05537,Arjun Kumar,arjun.kumar.5537@example.com,India,2024-01-26,High-Value,10425.05
CUST-05538,Vikram Wilson,vikram.wilson.5538@example.com,Canada,2018-10-03,Repeat,2141.27
CUST-05539,Sophia Singh,sophia.singh.5539@example.com,United States,2023-05-26,High-Value,16072.46
CUST-05540,Neha Miller,neha.miller.5540@example.com,Canada,2021-06-18,Repeat,5450.05
CUST-05541,Vikram Mehta,vikram.mehta.5541@example.com,United Arab Emirates,2020-06-05,Repeat,3505.83
CUST-05542,Olivia Sharma,olivia.sharma.5542@example.com,Germany,2024-03-26,Repeat,4445.99
CUST-05543,Liam Garcia,liam.garcia.5543@example.com,Canada,2023-12-10,Repeat,1873.22
CUST-05544,Meera Garcia,meera.garcia.5544@example.com,Australia,2023-03-08,One-Time,284.78
CUST-05545,Olivia Brown,olivia.brown.5545@example.com,Singapore,2019-05-07,Inactive,284.83
CUST-05546,Rohan Gupta,rohan.gupta.5546@example.com,Canada,2025-03-08,High-Value,24736.36
CUST-05547,Vikram Sharma,vikram.sharma.5547@example.com,Germany,2023-03-24,Inactive,383.45
CUST-05548,Vikram Nair,vikram.nair.5548@example.com,Germany,2020-08-09,Repeat,5544.30
CUST-05549,Noah Nair,noah.nair.5549@example.com,India,2024-04-15,One-Time,87.23
CUST-05550,Aarav Brown,aarav.brown.5550@example.com,Canada,2022-11-17,Inactive,415.52
CUST-05551,Ishaan Patel,ishaan.patel.5551@example.com,United States,2020-01-14,Repeat,6805.32
CUST-05552,Vikram Reddy,vikram.reddy.5552@example.com,Australia,2023-02-03,One-Time,366.97
CUST-05553,Kavya Sharma,kavya.sharma.5553@example.com,India,2021-04-24,Repeat,4243.08
CUST-05554,Ishaan Singh,ishaan.singh.5554@example.com,United Arab Emirates,2021-12-09,Repeat,5325.04
CUST-05555,Diya Kumar,diya.kumar.5555@example.com,Singapore,2022-07-16,One-Time,361.50
CUST-05556,Neha Sharma,neha.sharma.5556@example.com,United Kingdom,2020-11-06,Inactive,165.48
CUST-05557,Vikram Garcia,vikram.garcia.5557@example.com,Australia,2018-06-04,Repeat,6415.46
CUST-05558,Rohan Nair,rohan.nair.5558@example.com,Australia,2021-06-28,One-Time,199.62
CUST-05559,Arjun Garcia,arjun.garcia.5559@example.com,Germany,2023-04-11,Repeat,6913.02
CUST-05560,Sophia Reddy,sophia.reddy.5560@example.com,United Arab Emirates,2024-04-22,One-Time,1061.44
CUST-05561,Aditi Patel,aditi.patel.5561@example.com,Singapore,2019-08-27,Repeat,5206.86
CUST-05562,Olivia Patel,olivia.patel.5562@example.com,United States,2024-03-23,Inactive,459.96
CUST-05563,Meera Reddy,meera.reddy.5563@example.com,Singapore,2025-02-05,Repeat,1510.25
CUST-05564,Sophia Gupta,sophia.gupta.5564@example.com,India,2023-03-12,Repeat,7362.67
CUST-05565,Neha Brown,neha.brown.5565@example.com,Canada,2018-09-09,Inactive,384.15
CUST-05566,Olivia Patel,olivia.patel.5566@example.com,United States,2023-06-29,One-Time,311.69
CUST-05567,Diya Gupta,diya.gupta.5567@example.com,Singapore,2019-11-04,One-Time,602.03
CUST-05568,Noah Gupta,noah.gupta.5568@example.com,United Kingdom,2018-10-09,Repeat,5068.55
CUST-05569,Meera Singh,meera.singh.5569@example.com,United States,2025-05-27,One-Time,612.06
CUST-05570,Rohan Wilson,rohan.wilson.5570@example.com,United Kingdom,2025-08-16,Repeat,3454.69
CUST-05571,Rohan Garcia,rohan.garcia.5571@example.com,Canada,2019-11-18,Repeat,2251.35
CUST-05572,Vikram Wilson,vikram.wilson.5572@example.com,United States,2020-03-25,One-Time,536.49
CUST-05573,Emma Patel,emma.patel.5573@example.com,Germany,2018-07-10,One-Time,851.65
CUST-05574,Kavya Garcia,kavya.garcia.5574@example.com,United Kingdom,2025-10-18,Repeat,2005.45
CUST-05575,Noah Miller,noah.miller.5575@example.com,United States,2023-05-31,One-Time,580.43
CUST-05576,Vikram Sharma,vikram.sharma.5576@example.com,Australia,2023-10-31,Repeat,1440.37
CUST-05577,Diya Patel,diya.patel.5577@example.com,United Arab Emirates,2019-03-19,One-Time,205.04
CUST-05578,Aditi Nair,aditi.nair.5578@example.com,Singapore,2020-09-02,One-Time,631.26
CUST-05579,Noah Nair,noah.nair.5579@example.com,United States,2018-01-14,One-Time,747.88
CUST-05580,Rohan Singh,rohan.singh.5580@example.com,Germany,2023-03-31,Repeat,5691.11
CUST-05581,Aditi Nair,aditi.nair.5581@example.com,United Kingdom,2020-01-25,One-Time,418.53
CUST-05582,Arjun Miller,arjun.miller.5582@example.com,Singapore,2019-06-08,Inactive,391.24
CUST-05583,Neha Singh,neha.singh.5583@example.com,Canada,2024-01-10,Repeat,5343.93
CUST-05584,Ishaan Nair,ishaan.nair.5584@example.com,Canada,2020-12-19,One-Time,1028.71
CUST-05585,Meera Patel,meera.patel.5585@example.com,United States,2020-06-10,Repeat,1255.69
CUST-05586,Kavya Miller,kavya.miller.5586@example.com,Australia,2023-12-08,High-Value,12048.38
CUST-05587,Neha Patel,neha.patel.5587@example.com,Canada,2023-07-26,Inactive,80.26
CUST-05588,Kavya Singh,kavya.singh.5588@example.com,United States,2025-08-04,One-Time,230.00
CUST-05589,Emma Wilson,emma.wilson.5589@example.com,United Arab Emirates,2021-11-28,Repeat,5226.03
CUST-05590,Kavya Mehta,kavya.mehta.5590@example.com,Canada,2025-11-02,One-Time,977.55
CUST-05591,Arjun Garcia,arjun.garcia.5591@example.com,Singapore,2021-11-15,One-Time,946.67
CUST-05592,Arjun Mehta,arjun.mehta.5592@example.com,Canada,2021-04-25,Repeat,4521.17
CUST-05593,Diya Gupta,diya.gupta.5593@example.com,United Arab Emirates,2022-07-27,Repeat,3774.95
CUST-05594,Emma Singh,emma.singh.5594@example.com,India,2021-04-18,Repeat,5290.16
CUST-05595,Sophia Kumar,sophia.kumar.5595@example.com,Canada,2021-01-13,One-Time,289.82
CUST-05596,Kavya Garcia,kavya.garcia.5596@example.com,United Arab Emirates,2023-02-21,High-Value,15252.80
CUST-05597,Vikram Gupta,vikram.gupta.5597@example.com,United Arab Emirates,2020-02-05,High-Value,23801.48
CUST-05598,Emma Garcia,emma.garcia.5598@example.com,Australia,2021-12-11,Repeat,2453.61
CUST-05599,Liam Brown,liam.brown.5599@example.com,United Arab Emirates,2022-09-09,Inactive,298.01
CUST-05600,Ishaan Miller,ishaan.miller.5600@example.com,Australia,2020-08-06,High-Value,18107.36
CUST-05601,Sophia Mehta,sophia.mehta.5601@example.com,United Arab Emirates,2023-01-31,Repeat,4739.88
CUST-05602,Diya Brown,diya.brown.5602@example.com,Germany,2025-11-23,One-Time,291.67
CUST-05603,Noah Brown,noah.brown.5603@example.com,United Kingdom,2022-11-13,Inactive,399.26
CUST-05604,Diya Kumar,diya.kumar.5604@example.com,Germany,2022-03-27,One-Time,392.39
CUST-05605,Aarav Garcia,aarav.garcia.5605@example.com,Canada,2023-04-30,One-Time,1150.39
CUST-05606,Noah Kumar,noah.kumar.5606@example.com,India,2018-04-26,Repeat,6445.04
CUST-05607,Aarav Reddy,aarav.reddy.5607@example.com,India,2021-11-17,Repeat,3003.77
CUST-05608,Noah Kumar,noah.kumar.5608@example.com,India,2018-11-12,Repeat,959.42
CUST-05609,Diya Kumar,diya.kumar.5609@example.com,United Arab Emirates,2023-11-16,Repeat,2072.23
CUST-05610,Neha Reddy,neha.reddy.5610@example.com,Canada,2024-01-16,Inactive,195.88
CUST-05611,Aarav Singh,aarav.singh.5611@example.com,Canada,2025-08-15,Inactive,271.91
CUST-05612,Olivia Garcia,olivia.garcia.5612@example.com,Australia,2024-07-11,Repeat,6093.77
CUST-05613,Diya Kumar,diya.kumar.5613@example.com,India,2021-08-21,Repeat,6740.72
CUST-05614,Aarav Garcia,aarav.garcia.5614@example.com,United States,2025-09-12,One-Time,463.47
CUST-05615,Aditi Mehta,aditi.mehta.5615@example.com,Germany,2021-12-06,High-Value,8643.66
CUST-05616,Neha Kumar,neha.kumar.5616@example.com,United Arab Emirates,2025-05-12,Inactive,306.14
CUST-05617,Sophia Kumar,sophia.kumar.5617@example.com,Australia,2024-11-30,Repeat,3491.91
CUST-05618,Kavya Gupta,kavya.gupta.5618@example.com,India,2023-11-03,One-Time,1157.73
CUST-05619,Aarav Garcia,aarav.garcia.5619@example.com,United Arab Emirates,2019-09-01,Repeat,6712.50
CUST-05620,Diya Wilson,diya.wilson.5620@example.com,India,2023-03-31,Repeat,5849.17
CUST-05621,Liam Mehta,liam.mehta.5621@example.com,United Kingdom,2018-07-30,Repeat,1720.63
CUST-05622,Emma Wilson,emma.wilson.5622@example.com,Canada,2024-12-17,One-Time,119.10
CUST-05623,Liam Wilson,liam.wilson.5623@example.com,Canada,2020-12-30,One-Time,1171.56
CUST-05624,Meera Nair,meera.nair.5624@example.com,Singapore,2024-09-12,Repeat,2158.41
CUST-05625,Emma Gupta,emma.gupta.5625@example.com,India,2025-10-19,One-Time,531.89
CUST-05626,Olivia Miller,olivia.miller.5626@example.com,Australia,2021-07-26,Repeat,7148.00
CUST-05627,Diya Garcia,diya.garcia.5627@example.com,United States,2021-03-29,One-Time,358.82
CUST-05628,Arjun Sharma,arjun.sharma.5628@example.com,United States,2021-01-12,Repeat,3269.63
CUST-05629,Sophia Singh,sophia.singh.5629@example.com,United Kingdom,2025-04-24,One-Time,1075.04
CUST-05630,Kavya Mehta,kavya.mehta.5630@example.com,United Kingdom,2020-05-07,One-Time,1184.83
CUST-05631,Noah Sharma,noah.sharma.5631@example.com,Canada,2020-05-04,Repeat,6467.44
CUST-05632,Liam Mehta,liam.mehta.5632@example.com,United States,2019-09-29,Inactive,285.00
CUST-05633,Liam Miller,liam.miller.5633@example.com,United Arab Emirates,2024-08-01,One-Time,950.70
CUST-05634,Rohan Garcia,rohan.garcia.5634@example.com,India,2025-10-21,Repeat,2704.80
CUST-05635,Liam Singh,liam.singh.5635@example.com,Canada,2021-04-11,Repeat,6880.03
CUST-05636,Meera Brown,meera.brown.5636@example.com,Canada,2019-02-19,One-Time,708.22
CUST-05637,Liam Brown,liam.brown.5637@example.com,United Kingdom,2020-04-10,Repeat,4642.17
CUST-05638,Aditi Garcia,aditi.garcia.5638@example.com,United States,2025-11-25,One-Time,386.28
CUST-05639,Ishaan Reddy,ishaan.reddy.5639@example.com,India,2022-09-26,High-Value,7742.86
CUST-05640,Arjun Wilson,arjun.wilson.5640@example.com,India,2020-04-03,One-Time,692.27
CUST-05641,Aarav Miller,aarav.miller.5641@example.com,Germany,2024-05-04,Repeat,1805.40
CUST-05642,Diya Kumar,diya.kumar.5642@example.com,Singapore,2018-10-05,One-Time,788.10
CUST-05643,Meera Reddy,meera.reddy.5643@example.com,Australia,2022-02-15,High-Value,20520.81
CUST-05644,Rohan Kumar,rohan.kumar.5644@example.com,United Kingdom,2018-03-16,Repeat,3596.59
CUST-05645,Diya Nair,diya.nair.5645@example.com,United States,2018-07-29,Repeat,2781.17
CUST-05646,Aditi Wilson,aditi.wilson.5646@example.com,Australia,2024-10-25,One-Time,371.90
CUST-05647,Diya Nair,diya.nair.5647@example.com,United Arab Emirates,2023-01-07,One-Time,109.83
CUST-05648,Kavya Patel,kavya.patel.5648@example.com,United Kingdom,2018-07-24,High-Value,17327.29
CUST-05649,Aarav Brown,aarav.brown.5649@example.com,India,2025-05-20,One-Time,293.51
CUST-05650,Aditi Singh,aditi.singh.5650@example.com,United Arab Emirates,2025-04-07,Repeat,1879.99
CUST-05651,Aarav Patel,aarav.patel.5651@example.com,Canada,2019-09-23,One-Time,952.59
CUST-05652,Arjun Brown,arjun.brown.5652@example.com,United Arab Emirates,2023-03-23,One-Time,468.10
CUST-05653,Noah Kumar,noah.kumar.5653@example.com,Singapore,2018-08-30,One-Time,253.53
CUST-05654,Noah Gupta,noah.gupta.5654@example.com,Australia,2021-03-22,One-Time,426.60
CUST-05655,Vikram Garcia,vikram.garcia.5655@example.com,United States,2024-02-07,One-Time,374.42
CUST-05656,Meera Gupta,meera.gupta.5656@example.com,United Arab Emirates,2024-07-25,One-Time,760.28
CUST-05657,Liam Nair,liam.nair.5657@example.com,United Kingdom,2021-12-17,Repeat,6075.33
CUST-05658,Kavya Wilson,kavya.wilson.5658@example.com,Singapore,2021-12-05,Repeat,2931.90
CUST-05659,Arjun Brown,arjun.brown.5659@example.com,Germany,2022-11-29,One-Time,667.17
CUST-05660,Liam Reddy,liam.reddy.5660@example.com,Germany,2025-10-21,One-Time,95.73
CUST-05661,Diya Miller,diya.miller.5661@example.com,United Kingdom,2023-06-04,One-Time,188.88
CUST-05662,Noah Mehta,noah.mehta.5662@example.com,Germany,2018-07-18,Repeat,5642.29
CUST-05663,Noah Garcia,noah.garcia.5663@example.com,Singapore,2023-05-18,Repeat,6740.42
CUST-05664,Emma Garcia,emma.garcia.5664@example.com,Germany,2022-07-02,One-Time,163.85
CUST-05665,Arjun Brown,arjun.brown.5665@example.com,United States,2025-11-04,Inactive,50.69
CUST-05666,Liam Nair,liam.nair.5666@example.com,Canada,2023-10-24,One-Time,55.40
CUST-05667,Vikram Kumar,vikram.kumar.5667@example.com,Australia,2022-12-17,Repeat,856.81
CUST-05668,Noah Nair,noah.nair.5668@example.com,Singapore,2020-09-27,One-Time,1165.98
CUST-05669,Aditi Reddy,aditi.reddy.5669@example.com,United Arab Emirates,2020-06-05,Repeat,5942.37
CUST-05670,Liam Gupta,liam.gupta.5670@example.com,Singapore,2020-05-16,Repeat,7330.33
CUST-05671,Ishaan Wilson,ishaan.wilson.5671@example.com,Canada,2019-06-01,One-Time,425.20
CUST-05672,Neha Patel,neha.patel.5672@example.com,United States,2024-08-12,Inactive,438.01
CUST-05673,Diya Garcia,diya.garcia.5673@example.com,Canada,2025-10-07,Inactive,34.93
CUST-05674,Vikram Gupta,vikram.gupta.5674@example.com,United Kingdom,2023-05-23,Repeat,2003.02
CUST-05675,Liam Brown,liam.brown.5675@example.com,India,2018-07-21,Inactive,251.83
CUST-05676,Sophia Singh,sophia.singh.5676@example.com,India,2021-01-24,One-Time,1122.58
CUST-05677,Aditi Gupta,aditi.gupta.5677@example.com,United Kingdom,2021-09-18,Repeat,2962.20
CUST-05678,Meera Mehta,meera.mehta.5678@example.com,Canada,2020-05-24,Inactive,364.72
CUST-05679,Liam Sharma,liam.sharma.5679@example.com,United Arab Emirates,2025-01-29,One-Time,602.51
CUST-05680,Kavya Gupta,kavya.gupta.5680@example.com,United Kingdom,2020-08-20,Inactive,332.81
CUST-05681,Emma Sharma,emma.sharma.5681@example.com,Canada,2020-01-21,Repeat,6988.40
CUST-05682,Diya Patel,diya.patel.5682@example.com,Germany,2021-05-05,One-Time,796.72
CUST-05683,Vikram Sharma,vikram.sharma.5683@example.com,India,2018-12-19,Inactive,489.82
CUST-05684,Rohan Brown,rohan.brown.5684@example.com,United States,2024-07-20,Repeat,2703.77
CUST-05685,Liam Garcia,liam.garcia.5685@example.com,Germany,2023-03-02,One-Time,256.15
CUST-05686,Ishaan Garcia,ishaan.garcia.5686@example.com,United Arab Emirates,2018-10-10,High-Value,23861.55
CUST-05687,Rohan Reddy,rohan.reddy.5687@example.com,United States,2021-09-05,Repeat,7383.30
CUST-05688,Neha Nair,neha.nair.5688@example.com,United Kingdom,2022-06-24,Repeat,7354.50
CUST-05689,Aarav Sharma,aarav.sharma.5689@example.com,United Arab Emirates,2018-09-27,One-Time,216.45
CUST-05690,Ishaan Singh,ishaan.singh.5690@example.com,United States,2024-08-25,One-Time,484.55
CUST-05691,Arjun Gupta,arjun.gupta.5691@example.com,United Arab Emirates,2022-05-06,Inactive,388.67
CUST-05692,Diya Mehta,diya.mehta.5946@example.com,Germany,2021-06-01,Repeat,4136.78
CUST-05692,Meera Gupta,meera.gupta.5692@example.com,United States,2022-09-01,Repeat,6440.49
CUST-05693,Emma Singh,emma.singh.5693@example.com,India,2018-10-19,Inactive,196.48
CUST-05694,Ishaan Patel,ishaan.patel.5694@example.com,United States,2023-11-16,One-Time,1168.54
CUST-05695,Vikram Garcia,vikram.garcia.5695@example.com,United Arab Emirates,2022-06-30,Inactive,425.88
CUST-05696,Arjun Singh,arjun.singh.5696@example.com,United Kingdom,2020-10-04,Repeat,5835.35
CUST-05697,Kavya Sharma,kavya.sharma.5697@example.com,Australia,2018-06-05,One-Time,275.16
CUST-05698,Aditi Gupta,aditi.gupta.5698@example.com,United States,2023-09-19,High-Value,13663.25
CUST-05699,Diya Patel,diya.patel.5699@example.com,United Arab Emirates,2022-04-25,One-Time,1128.92
CUST-05700,Meera Patel,meera.patel.5700@example.com,Germany,2018-04-11,Repeat,3546.40
CUST-05701,Aditi Mehta,aditi.mehta.5701@example.com,Germany,2021-09-20,Repeat,6139.28
CUST-05702,Emma Patel,emma.patel.5702@example.com,Canada,2022-03-10,One-Time,576.50
CUST-05703,Diya Reddy,diya.reddy.5703@example.com,Australia,2024-02-04,Repeat,4273.27
CUST-05704,Neha Patel,neha.patel.5704@example.com,Germany,2025-12-06,Repeat,1564.50
CUST-05705,Noah Nair,noah.nair.5705@example.com,Australia,2019-09-15,Repeat,4312.70
CUST-05706,Kavya Patel,kavya.patel.5706@example.com,United States,2019-06-23,One-Time,173.80
CUST-05707,Meera Wilson,meera.wilson.5707@example.com,United Kingdom,2024-11-02,One-Time,875.22
CUST-05708,Meera Reddy,meera.reddy.5708@example.com,United Kingdom,2020-06-24,Repeat,3907.23
CUST-05709,Sophia Miller,sophia.miller.5709@example.com,United Kingdom,2024-08-28,One-Time,259.33
CUST-05710,Vikram Gupta,vikram.gupta.5710@example.com,Canada,2024-04-13,Inactive,157.78
CUST-05711,Rohan Miller,rohan.miller.5711@example.com,United Arab Emirates,2020-04-23,Repeat,942.54
CUST-05712,Emma Mehta,emma.mehta.5712@example.com,Canada,2019-01-24,One-Time,177.75
CUST-05713,Emma Patel,emma.patel.5713@example.com,United Arab Emirates,2023-05-10,Repeat,6134.22
CUST-05714,Rohan Miller,rohan.miller.5714@example.com,Australia,2019-05-05,Repeat,7160.81
CUST-05715,Kavya Sharma,kavya.sharma.5715@example.com,Australia,2025-11-23,Repeat,3203.79
CUST-05716,Aditi Brown,,Singapore,2023-07-21,Inactive,63.67
CUST-05717,Vikram Garcia,vikram.garcia.5717@example.com,Australia,2025-01-03,Inactive,16.48
CUST-05718,Liam Reddy,liam.reddy.5718@example.com,Australia,2021-03-14,High-Value,6990.24
CUST-05719,Aarav Patel,aarav.patel.5719@example.com,United States,2022-10-02,Repeat,1994.78
CUST-05720,Aditi Brown,aditi.brown.5720@example.com,United Arab Emirates,2022-05-03,Repeat,3899.32
CUST-05721,Rohan Brown,rohan.brown.5721@example.com,United States,2024-08-13,Repeat,4106.84
CUST-05722,Olivia Singh,olivia.singh.5722@example.com,United States,2021-09-10,Repeat,4879.11
CUST-05723,Ishaan Singh,ishaan.singh.5723@example.com,Australia,2021-11-07,One-Time,562.14
CUST-05724,Noah Sharma,noah.sharma.5724@example.com,Canada,2025-09-30,Inactive,499.74
CUST-05725,Aditi Singh,aditi.singh.5725@example.com,Germany,2024-06-03,One-Time,583.37
CUST-05726,Noah Sharma,noah.sharma.5726@example.com,India,2022-07-26,One-Time,1023.11
CUST-05727,Meera Garcia,meera.garcia.5727@example.com,United States,2025-08-23,Inactive,355.84
CUST-05728,Meera Nair,meera.nair.5728@example.com,Germany,2022-08-11,Inactive,262.19
CUST-05729,Emma Singh,emma.singh.5729@example.com,United Arab Emirates,2025-07-10,High-Value,8163.11
CUST-05730,Olivia Garcia,olivia.garcia.5730@example.com,Australia,2021-06-26,Repeat,5458.41
CUST-05731,Meera Wilson,meera.wilson.5731@example.com,United States,2020-01-08,Repeat,2412.19
CUST-05732,Noah Kumar,noah.kumar.5732@example.com,United Kingdom,2021-08-25,Inactive,299.34
CUST-05733,Kavya Patel,kavya.patel.5733@example.com,United Kingdom,2022-03-26,Repeat,5090.69
CUST-05734,Liam Wilson,liam.wilson.5734@example.com,United Kingdom,2022-07-21,Repeat,4234.19
CUST-05735,Diya Brown,diya.brown.5735@example.com,United Arab Emirates,2018-08-12,Repeat,5366.46
CUST-05736,Meera Patel,meera.patel.5736@example.com,United Kingdom,2024-06-01,Repeat,3570.41
CUST-05737,Sophia Miller,sophia.miller.5737@example.com,Singapore,2019-12-03,High-Value,7325.93
CUST-05738,Olivia Sharma,olivia.sharma.5738@example.com,United Arab Emirates,2020-09-04,High-Value,12706.73
CUST-05739,Emma Reddy,emma.reddy.5739@example.com,India,2023-11-05,Repeat,2592.37
CUST-05740,Meera Gupta,meera.gupta.5740@example.com,India,2019-05-28,Inactive,375.04
CUST-05741,Vikram Singh,vikram.singh.5741@example.com,Australia,2019-10-16,High-Value,19031.17
CUST-05742,Noah Singh,noah.singh.5742@example.com,Singapore,2020-02-24,One-Time,79.85
CUST-05743,Rohan Miller,rohan.miller.5743@example.com,India,2021-09-09,High-Value,23605.89
CUST-05744,Aditi Singh,aditi.singh.5744@example.com,United States,2018-09-09,Inactive,26.95
CUST-05745,Vikram Kumar,vikram.kumar.5745@example.com,United States,2022-10-06,One-Time,655.27
CUST-05746,Vikram Singh,vikram.singh.5746@example.com,Germany,2024-02-22,One-Time,439.28
CUST-05747,Neha Kumar,neha.kumar.5747@example.com,Germany,2022-09-13,Inactive,139.10
CUST-05748,Diya Nair,diya.nair.5748@example.com,United States,2019-08-23,One-Time,518.16
CUST-05749,Liam Sharma,liam.sharma.5749@example.com,United Kingdom,2018-01-14,High-Value,18489.17
CUST-05750,Liam Brown,liam.brown.5750@example.com,United Kingdom,2024-01-27,Inactive,108.19
CUST-05751,Olivia Wilson,olivia.wilson.5751@example.com,United States,2021-07-17,Repeat,5425.91
CUST-05752,Diya Brown,diya.brown.5752@example.com,India,2021-05-18,Inactive,194.67
CUST-05753,Vikram Sharma,vikram.sharma.5753@example.com,United Kingdom,2025-11-24,Inactive,418.96
CUST-05754,Rohan Reddy,rohan.reddy.5754@example.com,India,2022-06-23,One-Time,1008.40
CUST-05755,Diya Sharma,diya.sharma.5755@example.com,United Arab Emirates,2021-08-22,High-Value,21158.33
CUST-05756,Aarav Wilson,aarav.wilson.5756@example.com,Australia,2025-06-05,Repeat,6042.03
CUST-05757,Meera Miller,meera.miller.5757@example.com,Australia,2025-02-02,One-Time,99.32
CUST-05758,Meera Brown,meera.brown.5758@example.com,United Arab Emirates,2018-03-29,One-Time,210.02
CUST-05759,Arjun Kumar,arjun.kumar.5759@example.com,United States,2021-07-25,Inactive,177.09
CUST-05760,Aditi Sharma,aditi.sharma.5760@example.com,India,2024-05-30,One-Time,227.38
CUST-05761,Arjun Sharma,arjun.sharma.5761@example.com,Singapore,2021-12-05,One-Time,613.91
CUST-05762,Arjun Reddy,arjun.reddy.5762@example.com,United Arab Emirates,2018-08-05,High-Value,24557.80
CUST-05763,Aarav Garcia,aarav.garcia.5763@example.com,United Arab Emirates,2025-02-06,Inactive,97.36
CUST-05764,Arjun Gupta,arjun.gupta.5764@example.com,Canada,2024-01-20,Inactive,127.16
CUST-05765,Noah Mehta,noah.mehta.5765@example.com,Singapore,2022-03-18,One-Time,628.69
CUST-05766,Rohan Garcia,rohan.garcia.5766@example.com,India,2019-02-06,Repeat,4426.72
CUST-05767,Arjun Sharma,arjun.sharma.5767@example.com,India,2021-07-28,Inactive,301.61
CUST-05768,Liam Miller,liam.miller.5768@example.com,United Arab Emirates,2022-12-03,High-Value,19714.41
CUST-05769,Emma Mehta,emma.mehta.5769@example.com,Canada,2019-01-04,Inactive,406.47
CUST-05770,Liam Gupta,liam.gupta.5770@example.com,Canada,2020-10-07,One-Time,892.34
CUST-05771,Diya Wilson,diya.wilson.5771@example.com,India,2024-05-25,One-Time,801.21
CUST-05772,Vikram Patel,vikram.patel.5772@example.com,United Arab Emirates,2021-01-19,One-Time,743.69
CUST-05773,Meera Patel,meera.patel.5773@example.com,Germany,2018-11-08,Repeat,5078.38
CUST-05774,Arjun Patel,arjun.patel.5774@example.com,United Arab Emirates,2022-06-04,One-Time,984.56
CUST-05775,Meera Nair,meera.nair.5775@example.com,India,2019-11-23,One-Time,538.12
CUST-05776,Aarav Mehta,aarav.mehta.5776@example.com,Germany,2021-01-02,Repeat,819.33
CUST-05777,Neha Garcia,neha.garcia.5777@example.com,Singapore,2024-07-23,Repeat,6323.63
CUST-05778,Vikram Brown,vikram.brown.5778@example.com,Germany,2023-02-23,Inactive,376.40
CUST-05779,Emma Brown,emma.brown.5779@example.com,Singapore,2023-08-25,Inactive,345.25
CUST-05780,Meera Sharma,meera.sharma.5780@example.com,Australia,2024-03-03,Repeat,4435.85
CUST-05781,Noah Wilson,noah.wilson.5781@example.com,Singapore,2025-03-28,One-Time,853.17
CUST-05782,Vikram Miller,vikram.miller.5782@example.com,Canada,2025-04-14,One-Time,308.06
CUST-05783,Neha Sharma,neha.sharma.5783@example.com,Germany,2019-05-11,One-Time,769.06
CUST-05784,Olivia Gupta,olivia.gupta.5784@example.com,India,2020-07-09,One-Time,179.33
CUST-05785,Neha Nair,neha.nair.5785@example.com,United Kingdom,2018-12-30,Repeat,4749.67
CUST-05786,Kavya Garcia,kavya.garcia.5786@example.com,India,2020-09-06,One-Time,410.16
CUST-05787,Noah Brown,noah.brown.5787@example.com,Germany,2019-05-09,Inactive,317.03
CUST-05788,Kavya Miller,kavya.miller.5788@example.com,Singapore,2018-11-19,High-Value,24251.28
CUST-05789,Aditi Kumar,aditi.kumar.5789@example.com,United States,2025-09-09,Repeat,5414.24
CUST-05790,Aditi Miller,aditi.miller.5790@example.com,United Arab Emirates,2023-01-19,Repeat,3890.35
CUST-05791,Emma Garcia,emma.garcia.5791@example.com,Canada,2018-12-13,One-Time,109.45
CUST-05792,Diya Reddy,diya.reddy.5792@example.com,Australia,2020-06-20,One-Time,133.21
CUST-05793,Neha Miller,neha.miller.5793@example.com,Canada,2025-09-28,Repeat,5618.65
CUST-05794,Sophia Singh,sophia.singh.5794@example.com,Singapore,2024-10-29,Repeat,6828.15
CUST-05795,Meera Nair,meera.nair.5795@example.com,Singapore,2025-09-12,One-Time,226.98
CUST-05796,Neha Sharma,neha.sharma.5796@example.com,Germany,2022-06-10,Repeat,2853.24
CUST-05797,Rohan Wilson,rohan.wilson.5797@example.com,United Kingdom,2024-11-14,Inactive,473.86
CUST-05798,Meera Miller,meera.miller.5798@example.com,India,2025-09-15,One-Time,283.37
CUST-05799,Meera Mehta,meera.mehta.5799@example.com,United States,2018-09-27,Repeat,6636.34
CUST-05800,Kavya Garcia,kavya.garcia.5800@example.com,Canada,2020-03-26,One-Time,165.90
CUST-05801,Neha Kumar,neha.kumar.5801@example.com,United Arab Emirates,2024-06-01,Repeat,4422.36
CUST-05802,Sophia Kumar,sophia.kumar.5802@example.com,India,2024-12-03,One-Time,124.11
CUST-05803,Kavya Nair,kavya.nair.5803@example.com,Canada,2024-09-15,High-Value,12395.05
CUST-05804,Aditi Gupta,aditi.gupta.5804@example.com,Australia,2024-06-16,Repeat,4924.05
CUST-05805,Liam Brown,liam.brown.5805@example.com,United Kingdom,2024-11-04,One-Time,1172.04
CUST-05806,Ishaan Kumar,ishaan.kumar.5806@example.com,United States,2018-06-28,Repeat,4304.80
CUST-05807,Liam Wilson,liam.wilson.5807@example.com,United Kingdom,2025-07-25,One-Time,575.66
CUST-05808,Ishaan Brown,ishaan.brown.5808@example.com,Australia,2022-04-19,Repeat,1804.31
CUST-05809,Meera Gupta,meera.gupta.5809@example.com,United Arab Emirates,2023-06-02,One-Time,370.26
CUST-05810,Vikram Brown,vikram.brown.5810@example.com,United States,2021-01-21,Repeat,3611.07
CUST-05811,Vikram Garcia,vikram.garcia.5811@example.com,United Kingdom,2019-10-13,One-Time,20.46
CUST-05812,Arjun Kumar,arjun.kumar.5812@example.com,Germany,2021-06-18,Repeat,4690.18
CUST-05813,Kavya Sharma,kavya.sharma.5813@example.com,Singapore,2021-05-29,High-Value,17787.91
CUST-05814,Diya Singh,diya.singh.5814@example.com,Australia,2019-06-02,Inactive,217.26
CUST-05815,Neha Wilson,neha.wilson.5815@example.com,United Kingdom,2019-06-27,Inactive,191.62
CUST-05816,Aditi Garcia,aditi.garcia.5816@example.com,Canada,2019-09-15,Inactive,401.04
CUST-05817,Arjun Garcia,arjun.garcia.5817@example.com,Germany,2024-12-17,Repeat,7240.95
CUST-05818,Aditi Patel,aditi.patel.5818@example.com,United States,2025-03-01,One-Time,853.65
CUST-05819,Sophia Patel,sophia.patel.5819@example.com,Germany,2025-08-05,Repeat,4204.85
CUST-05820,Aarav Gupta,aarav.gupta.5820@example.com,Singapore,2024-10-12,High-Value,23795.92
CUST-05821,Noah Garcia,noah.garcia.5821@example.com,United States,2021-06-10,One-Time,958.28
CUST-05822,Liam Mehta,liam.mehta.5822@example.com,Canada,2024-10-11,Inactive,205.60
CUST-05823,Aditi Gupta,aditi.gupta.5823@example.com,United States,2019-12-24,Inactive,307.81
CUST-05824,Neha Garcia,neha.garcia.5824@example.com,India,2022-09-19,Repeat,5965.20
CUST-05825,Aditi Nair,aditi.nair.5825@example.com,United Kingdom,2022-03-14,One-Time,875.43
CUST-05826,Olivia Sharma,olivia.sharma.5826@example.com,Germany,2025-06-11,High-Value,16819.91
CUST-05827,Aditi Miller,aditi.miller.5827@example.com,India,2020-10-16,Repeat,4332.61
CUST-05828,Vikram Wilson,vikram.wilson.5828@example.com,United Kingdom,2024-04-09,High-Value,5574.37
CUST-05829,Neha Brown,neha.brown.5829@example.com,United States,2021-12-15,High-Value,17662.36
CUST-05830,Emma Gupta,emma.gupta.5830@example.com,Singapore,2021-08-03,Repeat,6707.86
CUST-05831,Olivia Mehta,olivia.mehta.5831@example.com,Canada,2019-11-06,Repeat,5266.79
CUST-05832,Liam Miller,liam.miller.5832@example.com,United States,2022-06-29,Repeat,1689.68
CUST-05833,Noah Gupta,noah.gupta.5833@example.com,United Kingdom,2018-03-14,Repeat,5895.15
CUST-05834,Aditi Mehta,aditi.mehta.5834@example.com,India,2021-02-14,Repeat,4925.03
CUST-05835,Sophia Miller,sophia.miller.5835@example.com,Germany,2021-10-17,High-Value,14842.98
CUST-05836,Olivia Brown,olivia.brown.5836@example.com,Australia,2018-12-17,One-Time,1103.51
CUST-05837,Liam Reddy,liam.reddy.5837@example.com,India,2025-05-10,One-Time,1047.30
CUST-05838,Ishaan Wilson,ishaan.wilson.5838@example.com,Germany,2018-02-27,Repeat,5399.56
CUST-05839,Kavya Mehta,kavya.mehta.5839@example.com,United Arab Emirates,2023-03-26,One-Time,360.45
CUST-05840,Liam Miller,liam.miller.5840@example.com,Australia,2018-12-04,Inactive,152.43
CUST-05841,Arjun Garcia,arjun.garcia.5841@example.com,Canada,2023-12-05,Repeat,4339.73
CUST-05842,Kavya Mehta,kavya.mehta.5842@example.com,Australia,2024-07-07,Repeat,5821.60
CUST-05843,Noah Nair,noah.nair.5843@example.com,Canada,2018-05-30,Repeat,3325.24
CUST-05844,Noah Gupta,noah.gupta.5844@example.com,Singapore,2024-06-12,Repeat,7241.86
CUST-05845,Vikram Kumar,vikram.kumar.5845@example.com,Australia,2024-10-27,One-Time,66.04
CUST-05846,Diya Kumar,diya.kumar.5846@example.com,United Arab Emirates,2020-10-21,Repeat,4011.36
CUST-05847,Liam Wilson,liam.wilson.5847@example.com,Germany,2024-03-30,High-Value,7070.22
CUST-05848,Diya Sharma,diya.sharma.5848@example.com,United Kingdom,2024-10-20,Repeat,4184.85
CUST-05849,Emma Gupta,emma.gupta.5849@example.com,Australia,2024-01-21,One-Time,299.22
CUST-05850,Diya Sharma,diya.sharma.5850@example.com,India,2020-03-10,High-Value,8481.04
CUST-05851,Aditi Nair,aditi.nair.5851@example.com,United Kingdom,2020-11-28,One-Time,1146.12
CUST-05852,Emma Mehta,emma.mehta.5852@example.com,Canada,2024-05-09,Repeat,7346.82
CUST-05853,Vikram Garcia,vikram.garcia.5853@example.com,India,2025-03-15,One-Time,617.31
CUST-05854,Olivia Wilson,olivia.wilson.5854@example.com,United States,2019-06-18,One-Time,218.43
CUST-05855,Meera Mehta,meera.mehta.5855@example.com,United Arab Emirates,2024-02-03,Repeat,3162.35
CUST-05856,Rohan Sharma,rohan.sharma.5856@example.com,Canada,2019-10-13,One-Time,1175.66
CUST-05857,Olivia Garcia,olivia.garcia.5857@example.com,Singapore,2025-07-16,Repeat,5291.61
CUST-05858,Rohan Patel,rohan.patel.5858@example.com,United Arab Emirates,2023-08-13,High-Value,22391.41
CUST-05859,Sophia Gupta,sophia.gupta.5859@example.com,Germany,2021-06-22,Inactive,239.61
CUST-05860,Vikram Garcia,vikram.garcia.5860@example.com,Australia,2023-06-17,Inactive,117.80
CUST-05861,Diya Patel,diya.patel.5861@example.com,Germany,2018-02-06,One-Time,1041.30
CUST-05862,Ishaan Brown,,United States,2019-12-20,Repeat,6015.14
CUST-05863,Diya Sharma,diya.sharma.5863@example.com,United Arab Emirates,2024-06-06,Repeat,5282.24
CUST-05864,Kavya Wilson,kavya.wilson.5864@example.com,Canada,2021-01-22,High-Value,10122.74
CUST-05865,Kavya Nair,kavya.nair.5865@example.com,United Arab Emirates,2021-12-30,One-Time,1037.28
CUST-05866,Noah Garcia,noah.garcia.5866@example.com,India,2021-04-14,Inactive,333.94
CUST-05867,Aarav Gupta,aarav.gupta.5867@example.com,Germany,2025-06-03,Repeat,2984.58
CUST-05868,Diya Kumar,diya.kumar.5868@example.com,United States,2022-09-24,One-Time,497.86
CUST-05869,Sophia Mehta,sophia.mehta.5869@example.com,United Kingdom,2020-04-14,Repeat,4546.86
CUST-05870,Ishaan Singh,ishaan.singh.5870@example.com,United Arab Emirates,2022-07-18,Repeat,5954.43
CUST-05871,Rohan Sharma,rohan.sharma.5871@example.com,United States,2019-05-26,One-Time,173.78
CUST-05872,Liam Miller,liam.miller.5872@example.com,Canada,2021-01-08,One-Time,426.71
CUST-05873,Aarav Patel,aarav.patel.5873@example.com,Singapore,2022-05-23,Repeat,3705.86
CUST-05874,Ishaan Sharma,ishaan.sharma.5874@example.com,United Kingdom,2018-10-21,One-Time,698.29
CUST-05875,Sophia Miller,sophia.miller.5875@example.com,United States,2021-12-29,Inactive,1.67
CUST-05876,Aditi Brown,aditi.brown.5876@example.com,Australia,2021-03-26,Repeat,2994.98
CUST-05877,Liam Kumar,liam.kumar.5877@example.com,United Kingdom,2024-04-21,High-Value,10970.95
CUST-05878,Ishaan Nair,ishaan.nair.5878@example.com,Australia,2020-05-18,Repeat,4700.72
CUST-05879,Neha Reddy,neha.reddy.5879@example.com,United Arab Emirates,2024-08-19,One-Time,526.58
CUST-05880,Aditi Singh,aditi.singh.5880@example.com,United States,2021-07-10,Inactive,223.23
CUST-05881,Aditi Miller,aditi.miller.5881@example.com,Germany,2024-06-30,Repeat,7462.71
CUST-05882,Meera Nair,meera.nair.5882@example.com,India,2021-12-22,One-Time,1185.30
CUST-05883,Emma Sharma,emma.sharma.5883@example.com,India,2018-05-12,One-Time,542.91
CUST-05884,Vikram Nair,vikram.nair.5884@example.com,Australia,2024-03-09,One-Time,786.77
CUST-05885,Emma Nair,emma.nair.5885@example.com,Germany,2021-08-05,Repeat,1347.16
CUST-05886,Neha Singh,neha.singh.5886@example.com,United States,2020-12-31,Repeat,4249.88
CUST-05887,Sophia Kumar,sophia.kumar.5887@example.com,Australia,2022-07-04,One-Time,829.14
CUST-05888,Diya Singh,diya.singh.5888@example.com,United Kingdom,2021-12-17,High-Value,13684.38
CUST-05889,Vikram Patel,vikram.patel.5889@example.com,United Arab Emirates,2023-04-05,High-Value,12326.97
CUST-05890,Olivia Kumar,olivia.kumar.5890@example.com,Singapore,2021-06-05,Inactive,7.91
CUST-05891,Aarav Miller,aarav.miller.5891@example.com,Germany,2018-02-01,High-Value,6374.11
CUST-05892,Liam Garcia,liam.garcia.5892@example.com,United Arab Emirates,2023-01-18,One-Time,615.83
CUST-05893,Noah Patel,noah.patel.5893@example.com,India,2022-12-23,One-Time,831.53
CUST-05894,Arjun Miller,arjun.miller.5894@example.com,Germany,2024-02-19,One-Time,74.39
CUST-05895,Rohan Wilson,rohan.wilson.5895@example.com,United States,2023-02-28,Inactive,458.31
CUST-05896,Sophia Garcia,sophia.garcia.5896@example.com,United Kingdom,2018-11-17,Repeat,2266.36
CUST-05897,Kavya Patel,kavya.patel.5897@example.com,United Arab Emirates,2021-04-10,Repeat,3341.42
CUST-05898,Liam Reddy,liam.reddy.5898@example.com,Singapore,2022-02-11,Repeat,6708.01
CUST-05899,Arjun Kumar,arjun.kumar.5899@example.com,United Arab Emirates,2024-06-04,One-Time,180.35
CUST-05900,Noah Gupta,noah.gupta.5900@example.com,Singapore,2019-12-17,Inactive,338.79
CUST-05901,Diya Garcia,diya.garcia.5901@example.com,Canada,2025-07-01,Repeat,949.80
CUST-05902,Sophia Mehta,sophia.mehta.5902@example.com,Canada,2025-11-30,Repeat,5603.10
CUST-05903,Sophia Mehta,sophia.mehta.5903@example.com,United States,2019-02-24,Repeat,6940.24
CUST-05904,Noah Gupta,noah.gupta.5904@example.com,Singapore,2019-03-15,Inactive,294.91
CUST-05905,Vikram Patel,vikram.patel.5905@example.com,Singapore,2022-10-14,One-Time,756.19
CUST-05906,Kavya Kumar,kavya.kumar.5906@example.com,Singapore,2022-05-29,High-Value,17542.35
CUST-05907,Rohan Mehta,rohan.mehta.5907@example.com,Canada,2018-01-21,Repeat,6581.84
CUST-05908,Noah Mehta,noah.mehta.5908@example.com,Australia,2019-03-13,Inactive,144.72
CUST-05909,Liam Reddy,liam.reddy.5909@example.com,United Arab Emirates,2018-10-14,One-Time,582.57
CUST-05910,Arjun Gupta,arjun.gupta.5910@example.com,Germany,2021-04-07,One-Time,32.45
CUST-05911,Ishaan Miller,ishaan.miller.5911@example.com,Canada,2024-03-28,One-Time,688.12
CUST-05912,Diya Singh,diya.singh.5912@example.com,Singapore,2024-12-01,One-Time,1170.65
CUST-05913,Ishaan Sharma,ishaan.sharma.5913@example.com,United Kingdom,2025-12-22,One-Time,396.43
CUST-05914,Olivia Kumar,olivia.kumar.5914@example.com,Canada,2019-01-10,High-Value,11319.49
CUST-05915,Emma Garcia,emma.garcia.5915@example.com,Canada,2020-06-10,Inactive,287.10
CUST-05916,Vikram Brown,vikram.brown.5916@example.com,Germany,2018-10-25,One-Time,418.34
CUST-05917,Sophia Singh,sophia.singh.5917@example.com,Canada,2021-05-02,One-Time,490.68
CUST-05918,Olivia Garcia,olivia.garcia.5918@example.com,Canada,2023-09-29,Repeat,1331.64
CUST-05919,Neha Wilson,neha.wilson.5919@example.com,United States,2019-07-31,Repeat,1504.28
CUST-05920,Sophia Sharma,sophia.sharma.5920@example.com,Canada,2019-08-11,One-Time,267.05
CUST-05921,Aarav Sharma,aarav.sharma.5921@example.com,Germany,2024-07-06,Repeat,1612.70
CUST-05922,Liam Patel,liam.patel.5922@example.com,Germany,2021-02-12,One-Time,374.14
CUST-05923,Aarav Nair,aarav.nair.5923@example.com,United States,2025-01-18,One-Time,933.66
CUST-05924,Emma Brown,emma.brown.5924@example.com,United States,2019-10-09,Repeat,2599.99
CUST-05925,Aditi Miller,aditi.miller.5925@example.com,Australia,2019-08-12,Inactive,478.61
CUST-05926,Noah Singh,noah.singh.5926@example.com,Australia,2022-03-10,Repeat,7076.77
CUST-05927,Vikram Reddy,vikram.reddy.5927@example.com,India,2024-08-17,Repeat,3275.42
CUST-05928,Diya Singh,diya.singh.5928@example.com,Germany,2025-06-02,One-Time,272.16
CUST-05929,Noah Garcia,noah.garcia.5929@example.com,United Arab Emirates,2022-08-08,Inactive,80.62
CUST-05930,Olivia Gupta,olivia.gupta.5930@example.com,India,2021-03-14,Inactive,33.07
CUST-05931,Neha Sharma,neha.sharma.5931@example.com,United Arab Emirates,2021-12-11,High-Value,14344.27
CUST-05932,Sophia Reddy,sophia.reddy.5932@example.com,United States,2018-12-29,Repeat,2136.66
CUST-05933,Arjun Garcia,arjun.garcia.5933@example.com,United Arab Emirates,2020-09-28,Inactive,15.66
CUST-05934,Liam Wilson,liam.wilson.5934@example.com,Canada,2019-04-21,Repeat,6230.57
CUST-05935,Meera Patel,meera.patel.5935@example.com,Singapore,2025-01-01,High-Value,18295.68
CUST-05936,Aditi Singh,aditi.singh.5936@example.com,United States,2021-11-04,High-Value,19302.98
CUST-05937,Vikram Gupta,vikram.gupta.5937@example.com,Australia,2021-03-22,Repeat,5425.00
CUST-05938,Emma Singh,emma.singh.5938@example.com,Australia,2022-01-24,Repeat,7372.61
CUST-05939,Meera Mehta,meera.mehta.5939@example.com,United Arab Emirates,2021-05-15,Repeat,1899.41
CUST-05940,Meera Patel,meera.patel.5940@example.com,Canada,2021-09-21,One-Time,514.09
CUST-05941,Aarav Kumar,aarav.kumar.5941@example.com,United Arab Emirates,2023-07-31,Repeat,6780.93
CUST-05942,Aarav Mehta,aarav.mehta.5942@example.com,India,2021-09-24,One-Time,604.71
CUST-05943,Rohan Patel,rohan.patel.5943@example.com,United Kingdom,2024-10-02,One-Time,876.38
CUST-05944,Kavya Singh,kavya.singh.5944@example.com,United Arab Emirates,2020-08-22,One-Time,947.25
CUST-05945,Liam Mehta,liam.mehta.5945@example.com,Australia,2021-04-11,Repeat,5662.59
CUST-05947,Ishaan Wilson,ishaan.wilson.5947@example.com,Germany,2020-09-30,High-Value,12472.57
CUST-05948,Noah Patel,noah.patel.5948@example.com,Australia,2023-06-24,Repeat,6109.68
CUST-05949,Sophia Singh,sophia.singh.5949@example.com,Singapore,2024-07-31,Inactive,201.16
CUST-05950,Rohan Wilson,rohan.wilson.5950@example.com,United States,2020-05-30,One-Time,203.34
CUST-05951,Arjun Brown,arjun.brown.5951@example.com,United Kingdom,2022-12-08,Repeat,4264.65
CUST-05952,Ishaan Singh,ishaan.singh.5952@example.com,United Kingdom,2025-06-16,High-Value,18197.99
CUST-05953,Arjun Nair,arjun.nair.5953@example.com,India,2019-09-18,Inactive,167.50
CUST-05954,Liam Brown,liam.brown.5954@example.com,Canada,2023-01-31,Inactive,83.68
CUST-05955,Emma Kumar,emma.kumar.5955@example.com,Canada,2021-12-15,Repeat,1451.72
CUST-05956,Meera Reddy,meera.reddy.5956@example.com,United Kingdom,2021-03-17,Repeat,2742.96
CUST-05957,Aditi Kumar,aditi.kumar.5957@example.com,Australia,2025-01-28,High-Value,14783.00
CUST-05958,Kavya Sharma,kavya.sharma.5958@example.com,United States,2019-10-05,Repeat,5171.58
CUST-05959,Aarav Miller,aarav.miller.5959@example.com,United Kingdom,2018-01-31,Repeat,4828.49
CUST-05960,Rohan Singh,rohan.singh.5960@example.com,India,2020-06-03,One-Time,429.42
CUST-05961,Sophia Garcia,sophia.garcia.5961@example.com,Germany,2022-04-08,Repeat,3121.03
CUST-05962,Aarav Kumar,aarav.kumar.5962@example.com,Singapore,2023-04-24,One-Time,1152.56
CUST-05963,Noah Gupta,noah.gupta.5963@example.com,Germany,2025-04-29,Repeat,5607.89
CUST-05964,Vikram Brown,vikram.brown.5964@example.com,United Kingdom,2024-05-16,One-Time,90.81
CUST-05965,Aditi Brown,aditi.brown.5965@example.com,Singapore,2020-10-05,High-Value,10662.83
CUST-05966,Neha Brown,neha.brown.5966@example.com,Germany,2020-09-24,Inactive,450.15
CUST-05967,Meera Wilson,meera.wilson.5967@example.com,United States,2023-02-22,One-Time,108.02
CUST-05968,Emma Gupta,emma.gupta.5968@example.com,United Kingdom,2025-02-16,Repeat,2375.46
CUST-05969,Aarav Brown,aarav.brown.5969@example.com,Germany,2020-07-03,Repeat,7420.62
CUST-05970,Aarav Nair,aarav.nair.5970@example.com,Canada,2018-07-02,Inactive,400.37
CUST-05971,Neha Wilson,neha.wilson.5971@example.com,Singapore,2021-12-19,One-Time,1126.56
CUST-05972,Diya Sharma,diya.sharma.5972@example.com,Germany,2020-03-09,Inactive,2.83
CUST-05973,Arjun Wilson,arjun.wilson.5973@example.com,United Kingdom,2025-05-09,One-Time,464.15
CUST-05974,Rohan Patel,rohan.patel.5974@example.com,Singapore,2020-11-04,One-Time,112.28
CUST-05975,Sophia Mehta,sophia.mehta.5975@example.com,Canada,2019-11-15,Inactive,56.44
CUST-05976,Liam Garcia,liam.garcia.5976@example.com,Australia,2018-10-15,Inactive,123.70
CUST-05977,Liam Kumar,liam.kumar.5977@example.com,Germany,2023-05-15,One-Time,527.68
CUST-05978,Kavya Brown,kavya.brown.5978@example.com,Germany,2021-01-27,One-Time,736.50
CUST-05979,Vikram Miller,vikram.miller.5979@example.com,Canada,2018-10-29,One-Time,573.35
CUST-05980,Kavya Garcia,kavya.garcia.5980@example.com,Australia,2025-08-19,Inactive,232.19
CUST-05981,Emma Sharma,emma.sharma.5981@example.com,Australia,2023-06-15,High-Value,16462.15
CUST-05982,Aarav Patel,aarav.patel.5982@example.com,Germany,2022-09-21,Repeat,4023.53
CUST-05983,Olivia Mehta,olivia.mehta.5983@example.com,United Arab Emirates,2021-09-05,Repeat,4180.64
CUST-05984,Noah Gupta,noah.gupta.5984@example.com,United States,2020-04-10,Repeat,3222.80
CUST-05985,Diya Miller,diya.miller.5985@example.com,India,2024-03-08,Inactive,112.45
CUST-05986,Sophia Mehta,sophia.mehta.5986@example.com,Australia,2019-03-19,Repeat,3178.17
CUST-05987,Meera Miller,meera.miller.5987@example.com,Singapore,2023-11-05,High-Value,10048.08
CUST-05988,Noah Reddy,noah.reddy.5988@example.com,United Arab Emirates,2022-07-14,One-Time,808.01
CUST-05989,Arjun Gupta,arjun.gupta.5989@example.com,United Arab Emirates,2023-04-18,High-Value,15447.22
CUST-05990,Aditi Sharma,aditi.sharma.5990@example.com,United Kingdom,2020-12-23,Repeat,4400.86
CUST-05991,Emma Gupta,emma.gupta.5991@example.com,India,2019-01-18,Inactive,391.86
CUST-05992,Rohan Kumar,rohan.kumar.5992@example.com,United Kingdom,2023-04-10,One-Time,52.17
CUST-05993,Rohan Mehta,rohan.mehta.5993@example.com,Singapore,2022-10-22,Repeat,843.48
CUST-05994,Vikram Mehta,vikram.mehta.5994@example.com,Australia,2025-08-18,One-Time,414.87
CUST-05995,Kavya Patel,kavya.patel.5995@example.com,Singapore,2024-01-31,One-Time,521.30
CUST-05996,Kavya Reddy,kavya.reddy.5996@example.com,Australia,2018-12-16,Repeat,1009.73
CUST-05997,Liam Reddy,liam.reddy.5997@example.com,United Kingdom,2021-07-19,Repeat,2795.79
CUST-05998,Arjun Sharma,arjun.sharma.5998@example.com,Canada,2022-10-21,Inactive,430.76
CUST-05999,Emma Garcia,emma.garcia.5999@example.com,United Arab Emirates,2022-06-28,Repeat,1170.65
CUST-06000,Olivia Gupta,olivia.gupta.6000@example.com,United Arab Emirates,2024-11-01,High-Value,22195.53
CUST-06001,Diya Sharma,diya.sharma.6001@example.com,United Kingdom,2024-11-11,One-Time,712.60
CUST-06002,Kavya Brown,kavya.brown.6002@example.com,United States,2018-03-07,Repeat,2214.94
CUST-06003,Emma Brown,emma.brown.6003@example.com,United Arab Emirates,2025-06-27,High-Value,13652.06
CUST-06004,Kavya Miller,kavya.miller.6004@example.com,Singapore,2019-09-05,One-Time,937.48
CUST-06005,Aarav Reddy,aarav.reddy.6005@example.com,Australia,2021-03-20,One-Time,739.51
CUST-06006,Vikram Singh,vikram.singh.6006@example.com,India,2024-11-14,One-Time,1096.54
CUST-06007,Ishaan Singh,ishaan.singh.6007@example.com,Germany,2021-11-07,Repeat,7177.59
CUST-06008,Olivia Nair,olivia.nair.6008@example.com,United Kingdom,2020-12-12,One-Time,1153.48
CUST-06009,Arjun Gupta,arjun.gupta.6009@example.com,Singapore,2021-04-13,One-Time,161.25
CUST-06010,Liam Brown,liam.brown.6010@example.com,Singapore,2024-12-29,Repeat,3333.21
CUST-06011,Ishaan Mehta,ishaan.mehta.6011@example.com,United Kingdom,2019-04-27,One-Time,211.77
CUST-06012,Rohan Nair,rohan.nair.6012@example.com,India,2023-06-22,Repeat,6984.10
CUST-06013,Olivia Brown,olivia.brown.6013@example.com,Germany,2025-12-13,Inactive,145.41
CUST-06014,Ishaan Mehta,ishaan.mehta.6014@example.com,United States,2025-08-14,Repeat,5294.21
CUST-06015,Aarav Kumar,aarav.kumar.6015@example.com,United Kingdom,2020-02-03,High-Value,14657.12
CUST-06016,Rohan Gupta,rohan.gupta.6016@example.com,India,2022-09-24,Repeat,2470.82
CUST-06017,Arjun Sharma,arjun.sharma.6017@example.com,United States,2019-09-25,High-Value,24410.21
CUST-06018,Neha Wilson,neha.wilson.6018@example.com,Singapore,2021-03-26,One-Time,753.76
CUST-06019,Aarav Brown,aarav.brown.6019@example.com,United Arab Emirates,2020-01-25,One-Time,616.29
CUST-06020,Diya Miller,diya.miller.6020@example.com,United Kingdom,2018-03-28,One-Time,940.54
CUST-06021,Emma Singh,emma.singh.6021@example.com,Australia,2025-05-24,One-Time,183.85
CUST-06022,Rohan Garcia,rohan.garcia.6022@example.com,Canada,2023-02-04,One-Time,1179.84
CUST-06023,Rohan Wilson,rohan.wilson.6023@example.com,Germany,2019-04-12,Repeat,6893.70
CUST-06024,Kavya Singh,kavya.singh.6024@example.com,Germany,2023-12-20,Inactive,470.58
CUST-06025,Ishaan Sharma,ishaan.sharma.6025@example.com,United Arab Emirates,2018-02-24,Repeat,3758.90
CUST-06026,Aarav Mehta,aarav.mehta.6026@example.com,Canada,2022-07-15,Repeat,2968.84
CUST-06027,Diya Sharma,diya.sharma.6027@example.com,United Kingdom,2023-05-26,High-Value,15204.45
CUST-06028,Vikram Patel,vikram.patel.6028@example.com,United States,2025-10-14,Repeat,4381.72
CUST-06029,Diya Patel,diya.patel.6029@example.com,Australia,2019-06-23,Repeat,6009.64
CUST-06030,Vikram Miller,vikram.miller.6030@example.com,Canada,2020-02-17,High-Value,13925.96
CUST-06031,Vikram Singh,vikram.singh.6031@example.com,United States,2018-07-20,Repeat,6298.39
CUST-06032,Kavya Gupta,kavya.gupta.6032@example.com,Germany,2022-11-01,Repeat,2019.60
CUST-06033,Vikram Singh,vikram.singh.6033@example.com,United States,2023-08-12,Repeat,6117.42
CUST-06034,Neha Mehta,neha.mehta.6034@example.com,Canada,2021-08-25,One-Time,374.32
CUST-06035,Noah Mehta,noah.mehta.6035@example.com,India,2025-01-04,Repeat,3453.00
CUST-06036,Aarav Reddy,aarav.reddy.6036@example.com,Australia,2020-05-14,Repeat,3372.63
CUST-06037,Vikram Garcia,vikram.garcia.6037@example.com,United Kingdom,2019-06-13,One-Time,134.07
CUST-06038,Olivia Garcia,olivia.garcia.6038@example.com,United Arab Emirates,2023-04-30,One-Time,294.31
CUST-06039,Diya Sharma,diya.sharma.6039@example.com,India,2023-01-02,Repeat,1412.87
CUST-06040,Diya Wilson,diya.wilson.6040@example.com,Singapore,2019-07-13,Repeat,1010.51
CUST-06041,Arjun Kumar,arjun.kumar.6041@example.com,Singapore,2024-11-15,High-Value,21525.73
CUST-06042,Vikram Kumar,vikram.kumar.6042@example.com,Germany,2018-07-16,One-Time,900.89
CUST-06043,Aditi Garcia,aditi.garcia.6043@example.com,India,2024-01-29,Repeat,2233.65
CUST-06044,Neha Wilson,neha.wilson.6044@example.com,Germany,2020-12-23,High-Value,11801.40
CUST-06045,Aditi Patel,aditi.patel.6045@example.com,Germany,2023-01-21,High-Value,13392.59
CUST-06046,Noah Kumar,noah.kumar.6046@example.com,Canada,2023-04-05,One-Time,192.63
CUST-06047,Arjun Nair,arjun.nair.6047@example.com,United Kingdom,2025-04-01,Repeat,2272.40
CUST-06048,Arjun Brown,arjun.brown.6048@example.com,United Kingdom,2024-12-14,One-Time,1117.51
CUST-06049,Rohan Gupta,rohan.gupta.6049@example.com,Canada,2019-08-08,Repeat,3387.21
CUST-06050,Aditi Singh,aditi.singh.6050@example.com,India,2025-03-03,Repeat,7456.68
CUST-06051,Neha Reddy,neha.reddy.6051@example.com,United States,2020-05-11,Repeat,6827.54
CUST-06052,Ishaan Nair,ishaan.nair.6052@example.com,Germany,2019-01-03,Repeat,6847.45
CUST-06053,Sophia Garcia,sophia.garcia.6053@example.com,Canada,2019-09-01,Repeat,2918.49
CUST-06054,Rohan Mehta,rohan.mehta.6054@example.com,United Arab Emirates,2020-08-22,One-Time,1138.52
CUST-06055,Liam Nair,liam.nair.6055@example.com,Singapore,2019-10-12,One-Time,84.59
CUST-06056,Aarav Kumar,aarav.kumar.6056@example.com,United Kingdom,2023-06-28,High-Value,23277.76
CUST-06057,Kavya Sharma,kavya.sharma.6057@example.com,India,2021-03-12,One-Time,656.33
CUST-06058,Rohan Nair,rohan.nair.6058@example.com,United Kingdom,2021-01-05,Repeat,4211.94
CUST-06059,Aarav Singh,aarav.singh.6059@example.com,United Arab Emirates,2018-11-30,Repeat,4293.79
CUST-06060,Kavya Sharma,kavya.sharma.6060@example.com,Germany,2019-12-19,High-Value,21743.93
CUST-06061,Sophia Kumar,sophia.kumar.6061@example.com,Germany,2022-07-07,One-Time,901.98
CUST-06062,Rohan Brown,rohan.brown.6062@example.com,India,2021-04-07,Repeat,7303.80
CUST-06063,Sophia Garcia,sophia.garcia.6063@example.com,United Kingdom,2025-05-23,High-Value,14490.41
CUST-06064,Arjun Mehta,arjun.mehta.6064@example.com,United Kingdom,2019-05-18,Repeat,1200.21
CUST-06065,Liam Sharma,liam.sharma.6065@example.com,Singapore,2019-12-24,Repeat,4431.60
CUST-06066,Emma Gupta,emma.gupta.6066@example.com,Canada,2024-12-15,Repeat,2487.26
CUST-06067,Aditi Reddy,aditi.reddy.6067@example.com,United States,2021-11-09,One-Time,449.17
CUST-06068,Aarav Miller,aarav.miller.6068@example.com,Singapore,2024-09-17,Repeat,1578.54
CUST-06069,Olivia Mehta,olivia.mehta.6069@example.com,India,2025-03-08,Repeat,1420.87
CUST-06070,Aarav Singh,aarav.singh.6070@example.com,Canada,2020-01-30,Repeat,7423.61
CUST-06071,Diya Patel,diya.patel.6071@example.com,India,2022-03-16,Repeat,1178.69
CUST-06072,Liam Singh,liam.singh.6072@example.com,United Arab Emirates,2024-12-14,Inactive,426.33
CUST-06073,Aarav Patel,aarav.patel.6073@example.com,Australia,2022-08-29,Repeat,3228.60
CUST-06074,Kavya Gupta,kavya.gupta.6074@example.com,Canada,2021-04-04,One-Time,493.20
CUST-06075,Noah Miller,noah.miller.6075@example.com,Singapore,2021-04-05,Repeat,2964.34
CUST-06076,Diya Nair,diya.nair.6076@example.com,United Kingdom,2019-10-19,One-Time,147.36
CUST-06077,Meera Gupta,meera.gupta.6077@example.com,Canada,2019-11-25,Repeat,6532.24
CUST-06078,Aditi Gupta,aditi.gupta.6078@example.com,India,2019-02-17,One-Time,760.06
CUST-06079,Aarav Sharma,aarav.sharma.6079@example.com,Australia,2025-04-29,High-Value,8262.56
CUST-06080,Vikram Kumar,vikram.kumar.6080@example.com,India,2022-04-14,One-Time,676.50
CUST-06081,Emma Wilson,emma.wilson.6081@example.com,United Kingdom,2019-05-12,Inactive,188.65
CUST-06082,Neha Garcia,neha.garcia.6082@example.com,United Kingdom,2019-08-13,One-Time,683.56
CUST-06083,Noah Patel,noah.patel.6083@example.com,Canada,2018-12-27,Repeat,5554.80
CUST-06084,Sophia Nair,sophia.nair.6084@example.com,United Kingdom,2020-05-15,Inactive,140.68
CUST-06085,Emma Reddy,emma.reddy.6085@example.com,Singapore,2021-01-02,Repeat,1392.46
CUST-06086,Aditi Patel,aditi.patel.6086@example.com,United Kingdom,2025-07-19,One-Time,115.62
CUST-06087,Noah Gupta,noah.gupta.6087@example.com,Canada,2022-03-31,Inactive,394.93
CUST-06088,Liam Garcia,liam.garcia.6088@example.com,United Kingdom,2019-12-07,Inactive,441.52
CUST-06089,Diya Sharma,diya.sharma.6089@example.com,Singapore,2019-08-18,High-Value,20702.52
CUST-06090,Ishaan Garcia,ishaan.garcia.6090@example.com,Singapore,2022-10-16,One-Time,832.09
CUST-06091,Kavya Garcia,kavya.garcia.6091@example.com,Germany,2025-08-10,Repeat,6385.91
CUST-06092,Aditi Nair,aditi.nair.6092@example.com,Canada,2024-11-02,Inactive,7.58
CUST-06093,Aditi Wilson,aditi.wilson.6093@example.com,India,2018-11-20,Repeat,4671.88
CUST-06094,Vikram Miller,vikram.miller.6094@example.com,Germany,2020-05-20,Inactive,399.46
CUST-06095,Sophia Nair,sophia.nair.6095@example.com,United Arab Emirates,2020-09-01,One-Time,649.55
CUST-06096,Neha Sharma,neha.sharma.6096@example.com,United States,2021-05-14,One-Time,850.61
CUST-06097,Aditi Miller,aditi.miller.6097@example.com,Canada,2021-05-09,Repeat,4564.27
CUST-06098,Arjun Garcia,arjun.garcia.6098@example.com,Canada,2020-12-29,Repeat,4674.58
CUST-06099,Kavya Singh,kavya.singh.6099@example.com,Germany,2023-05-30,Inactive,422.67
CUST-06100,Meera Garcia,meera.garcia.6100@example.com,United Kingdom,2020-11-05,One-Time,392.85
CUST-06101,Emma Singh,emma.singh.127@example.com,Australia,2018-08-18,One-Time,576.73
CUST-06101,Sophia Garcia,sophia.garcia.6101@example.com,United Kingdom,2018-04-07,Repeat,5470.19
CUST-06102,Arjun Singh,arjun.singh.6102@example.com,Canada,2022-10-27,Repeat,2820.85
CUST-06103,Olivia Reddy,olivia.reddy.6103@example.com,United Arab Emirates,2020-02-08,Repeat,6250.61
CUST-06104,Emma Patel,emma.patel.6104@example.com,Australia,2021-01-06,One-Time,1004.12
CUST-06105,Vikram Reddy,vikram.reddy.6105@example.com,Germany,2018-11-08,Repeat,6812.56
CUST-06106,Aarav Mehta,aarav.mehta.6106@example.com,United Kingdom,2024-01-21,High-Value,18672.96
CUST-06107,Aditi Wilson,aditi.wilson.6107@example.com,Singapore,2021-08-15,Repeat,5518.90
CUST-06108,Aarav Miller,aarav.miller.6108@example.com,Australia,2023-02-23,Inactive,263.94
CUST-06109,Kavya Brown,kavya.brown.6109@example.com,United States,2024-07-24,Inactive,268.87
CUST-06110,Neha Patel,neha.patel.6110@example.com,United States,2022-08-18,Repeat,1848.33
CUST-06111,Arjun Kumar,arjun.kumar.6111@example.com,India,2019-06-21,One-Time,651.01
CUST-06112,Ishaan Mehta,ishaan.mehta.6112@example.com,United Arab Emirates,2021-03-16,Repeat,7404.83
CUST-06113,Arjun Kumar,arjun.kumar.6113@example.com,Singapore,2024-02-27,Repeat,5717.84
CUST-06114,Neha Garcia,neha.garcia.6114@example.com,United States,2018-09-07,Repeat,1661.17
CUST-06115,Aditi Gupta,aditi.gupta.6115@example.com,India,2018-11-08,One-Time,373.90
CUST-06116,Emma Singh,emma.singh.6116@example.com,United Kingdom,2023-08-03,One-Time,644.42
CUST-06117,Diya Gupta,diya.gupta.6117@example.com,Singapore,2024-02-04,One-Time,837.14
CUST-06118,Kavya Nair,kavya.nair.6118@example.com,Canada,2023-01-12,One-Time,405.82
CUST-06119,Arjun Mehta,arjun.mehta.6119@example.com,United States,2024-02-03,One-Time,1073.91
CUST-06120,Aarav Gupta,aarav.gupta.6120@example.com,Canada,2020-12-15,High-Value,9722.46
CUST-06121,Emma Gupta,emma.gupta.6121@example.com,Canada,2020-06-15,One-Time,250.29
CUST-06122,Emma Nair,emma.nair.6122@example.com,Singapore,2025-09-27,Repeat,2187.74
CUST-06123,Vikram Singh,vikram.singh.6123@example.com,United Kingdom,2025-01-06,One-Time,279.95
CUST-06124,Aarav Nair,aarav.nair.6124@example.com,India,2019-04-11,Repeat,890.54
CUST-06125,Emma Wilson,emma.wilson.6125@example.com,United Kingdom,2022-07-26,Inactive,133.05
CUST-06126,Aarav Garcia,aarav.garcia.6126@example.com,United Kingdom,2019-03-21,Repeat,6502.96
CUST-06127,Olivia Miller,olivia.miller.6127@example.com,Australia,2020-03-31,Repeat,6693.28
CUST-06128,Diya Miller,diya.miller.6128@example.com,United States,2022-03-30,Repeat,5212.66
CUST-06129,Vikram Kumar,vikram.kumar.6129@example.com,Germany,2024-01-11,High-Value,18709.03
CUST-06130,Sophia Miller,sophia.miller.6130@example.com,Germany,2020-10-12,One-Time,861.26
CUST-06131,Olivia Patel,olivia.patel.6131@example.com,United States,2025-06-15,One-Time,977.85
CUST-06132,Meera Gupta,meera.gupta.6132@example.com,United Kingdom,2021-01-29,High-Value,5055.71
CUST-06133,Arjun Mehta,arjun.mehta.6133@example.com,Canada,2024-10-19,Repeat,6477.69
CUST-06134,Arjun Patel,arjun.patel.6134@example.com,United Arab Emirates,2019-08-03,One-Time,887.93
CUST-06135,Olivia Patel,olivia.patel.6135@example.com,Australia,2025-12-02,Repeat,7489.42
CUST-06136,Rohan Singh,rohan.singh.6136@example.com,Australia,2020-03-29,High-Value,16030.78
CUST-06137,Vikram Kumar,vikram.kumar.6137@example.com,Germany,2022-03-17,High-Value,14933.26
CUST-06138,Arjun Sharma,arjun.sharma.6138@example.com,Australia,2022-05-15,Repeat,2937.64
CUST-06139,Liam Patel,liam.patel.6139@example.com,Singapore,2023-01-08,One-Time,767.43
CUST-06140,Aarav Sharma,aarav.sharma.6140@example.com,United Kingdom,2024-07-29,Repeat,1076.66
CUST-06141,Olivia Miller,olivia.miller.6141@example.com,Singapore,2022-05-14,Inactive,459.13
CUST-06142,Arjun Gupta,arjun.gupta.6142@example.com,United Kingdom,2019-08-29,Inactive,288.55
CUST-06143,Diya Patel,diya.patel.6143@example.com,Singapore,2019-01-23,Repeat,6306.99
CUST-06144,Neha Nair,neha.nair.6144@example.com,Australia,2022-11-10,One-Time,854.86
CUST-06145,Sophia Patel,sophia.patel.6145@example.com,India,2023-09-05,Repeat,4248.28
CUST-06146,Aarav Miller,aarav.miller.6146@example.com,Australia,2024-12-04,High-Value,7476.89
CUST-06147,Olivia Sharma,olivia.sharma.6147@example.com,Canada,2024-05-17,One-Time,870.81
CUST-06148,Meera Mehta,meera.mehta.6148@example.com,United Arab Emirates,2025-07-07,High-Value,14097.39
CUST-06149,Vikram Singh,vikram.singh.6149@example.com,United Arab Emirates,2023-05-16,Repeat,1711.21
CUST-06150,Arjun Gupta,arjun.gupta.6150@example.com,Australia,2024-12-22,One-Time,1150.23
CUST-06151,Kavya Wilson,kavya.wilson.6151@example.com,United States,2022-01-30,Repeat,2248.11
CUST-06152,Emma Wilson,emma.wilson.6152@example.com,India,2020-10-06,High-Value,24418.17
CUST-06153,Emma Nair,emma.nair.6153@example.com,Canada,2024-05-06,Inactive,93.20
CUST-06154,Meera Nair,meera.nair.6154@example.com,India,2023-10-22,Repeat,1067.62
CUST-06155,Kavya Garcia,kavya.garcia.6155@example.com,United Arab Emirates,2020-09-08,Repeat,3812.50
CUST-06156,Ishaan Singh,ishaan.singh.6156@example.com,Canada,2025-01-02,Repeat,3072.55
CUST-06157,Noah Singh,noah.singh.6157@example.com,United Arab Emirates,2020-05-13,One-Time,913.81
CUST-06158,Vikram Kumar,vikram.kumar.6158@example.com,United Arab Emirates,2024-03-14,High-Value,24045.37
CUST-06159,Meera Singh,meera.singh.6159@example.com,United Kingdom,2024-02-15,High-Value,6641.17
CUST-06160,Kavya Singh,kavya.singh.6160@example.com,Canada,2018-01-16,Repeat,1702.57
CUST-06161,Aditi Nair,aditi.nair.6161@example.com,Germany,2024-11-29,Repeat,4017.98
CUST-06162,Kavya Patel,kavya.patel.6162@example.com,United Kingdom,2020-06-06,Repeat,4424.89
CUST-06163,Aarav Garcia,aarav.garcia.6163@example.com,Germany,2020-05-05,Inactive,182.34
CUST-06164,Meera Kumar,meera.kumar.6164@example.com,Singapore,2025-10-20,One-Time,308.45
CUST-06165,Arjun Mehta,arjun.mehta.6165@example.com,Singapore,2020-07-25,Repeat,3136.30
CUST-06166,Aditi Miller,aditi.miller.6166@example.com,Canada,2022-06-08,Repeat,4745.38
CUST-06167,Meera Wilson,meera.wilson.6167@example.com,India,2022-08-06,Repeat,5996.69
CUST-06168,Aarav Singh,aarav.singh.6168@example.com,Germany,2018-10-18,Repeat,1301.09
CUST-06169,Kavya Nair,kavya.nair.6169@example.com,Canada,2022-08-02,One-Time,855.32
CUST-06170,Emma Nair,emma.nair.6170@example.com,India,2024-12-13,Inactive,323.36
CUST-06171,Meera Wilson,meera.wilson.6171@example.com,Australia,2018-07-19,Repeat,2295.16
CUST-06172,Rohan Patel,rohan.patel.6172@example.com,India,2020-02-12,One-Time,202.33
CUST-06173,Noah Sharma,noah.sharma.6173@example.com,United Kingdom,2025-11-19,One-Time,794.61
CUST-06174,Noah Singh,noah.singh.6174@example.com,Singapore,2022-04-10,Repeat,5204.72
CUST-06175,Olivia Wilson,olivia.wilson.6175@example.com,Canada,2023-07-02,Repeat,1053.82
CUST-06176,Vikram Kumar,vikram.kumar.6176@example.com,United Kingdom,2025-05-24,Repeat,6660.92
CUST-06177,Sophia Miller,sophia.miller.6177@example.com,Canada,2019-09-12,One-Time,659.36
CUST-06178,Neha Garcia,neha.garcia.6178@example.com,Singapore,2020-03-17,One-Time,1098.14
CUST-06179,Olivia Sharma,olivia.sharma.6179@example.com,United States,2018-02-23,Repeat,6637.23
CUST-06180,Ishaan Gupta,ishaan.gupta.6180@example.com,Germany,2020-08-22,Repeat,3583.87
CUST-06181,Sophia Brown,sophia.brown.6181@example.com,United Arab Emirates,2024-01-17,One-Time,1165.63
CUST-06182,Rohan Patel,rohan.patel.6182@example.com,Canada,2022-11-07,Repeat,6643.99
CUST-06183,Vikram Miller,vikram.miller.6183@example.com,India,2018-08-05,Repeat,6660.91
CUST-06184,Olivia Reddy,olivia.reddy.6184@example.com,Germany,2021-10-27,Repeat,1755.36
CUST-06185,Ishaan Sharma,ishaan.sharma.6185@example.com,United Kingdom,2019-05-26,One-Time,783.54
CUST-06186,Ishaan Singh,ishaan.singh.6186@example.com,Australia,2025-07-17,Inactive,311.63
CUST-06187,Noah Miller,noah.miller.6187@example.com,United Arab Emirates,2021-03-10,One-Time,387.01
CUST-06188,Aarav Sharma,aarav.sharma.6188@example.com,India,2024-09-05,Repeat,6165.14
CUST-06189,Arjun Miller,arjun.miller.6189@example.com,Singapore,2018-05-22,Repeat,1594.67
CUST-06190,Sophia Gupta,sophia.gupta.6190@example.com,Australia,2022-02-22,One-Time,1113.16
CUST-06191,Vikram Miller,vikram.miller.6191@example.com,United Kingdom,2023-01-17,Repeat,2507.58
CUST-06192,Arjun Singh,arjun.singh.6192@example.com,United Arab Emirates,2022-11-13,High-Value,15847.09
CUST-06193,Aarav Singh,aarav.singh.6193@example.com,Singapore,2024-09-06,Repeat,5631.12
CUST-06194,Neha Brown,neha.brown.6194@example.com,Canada,2020-02-05,Repeat,6985.13
CUST-06195,Neha Nair,neha.nair.6195@example.com,Canada,2025-08-24,One-Time,649.52
CUST-06196,Noah Patel,noah.patel.6196@example.com,Singapore,2024-02-22,Repeat,3221.85
CUST-06197,Neha Reddy,neha.reddy.6197@example.com,United Arab Emirates,2021-11-29,Repeat,7031.98
CUST-06198,Kavya Brown,kavya.brown.6198@example.com,Australia,2022-12-10,One-Time,391.92
CUST-06199,Emma Mehta,emma.mehta.6199@example.com,Singapore,2023-07-03,One-Time,872.12
CUST-06200,Aarav Miller,aarav.miller.6200@example.com,Australia,2022-08-12,Repeat,7413.60
CUST-06201,Olivia Miller,olivia.miller.6201@example.com,Singapore,2023-05-07,Repeat,4878.62
CUST-06202,Olivia Brown,olivia.brown.6202@example.com,Canada,2023-04-24,One-Time,1143.21
CUST-06203,Ishaan Mehta,ishaan.mehta.6203@example.com,United States,2018-07-25,High-Value,12323.27
CUST-06204,Emma Garcia,emma.garcia.6204@example.com,Australia,2020-05-14,One-Time,121.30
CUST-06205,Vikram Garcia,vikram.garcia.6205@example.com,Australia,2021-10-02,Repeat,3665.06
CUST-06206,Sophia Miller,sophia.miller.6206@example.com,Singapore,2019-08-16,Repeat,5080.98
CUST-06207,Ishaan Kumar,ishaan.kumar.6207@example.com,Singapore,2022-03-23,One-Time,966.91
CUST-06208,Liam Nair,liam.nair.6208@example.com,India,2025-11-26,One-Time,475.82
CUST-06209,Aditi Nair,aditi.nair.6209@example.com,United States,2019-10-03,High-Value,7505.57
CUST-06210,Noah Nair,noah.nair.6210@example.com,Canada,2022-11-19,Repeat,1883.99
CUST-06211,Aarav Wilson,aarav.wilson.6211@example.com,Germany,2023-07-31,One-Time,824.30
CUST-06212,Aarav Sharma,,Canada,2018-05-23,Repeat,3130.39
CUST-06213,Emma Garcia,emma.garcia.6213@example.com,Germany,2022-01-02,Repeat,6616.16
CUST-06214,Kavya Mehta,kavya.mehta.6214@example.com,Germany,2024-02-21,Repeat,1625.32
CUST-06215,Noah Mehta,noah.mehta.6215@example.com,Singapore,2024-07-10,Repeat,2498.78
CUST-06216,Aarav Sharma,aarav.sharma.6216@example.com,United States,2022-11-01,Repeat,4835.43
CUST-06217,Diya Garcia,diya.garcia.6217@example.com,Singapore,2019-03-24,One-Time,389.46
CUST-06218,Diya Wilson,diya.wilson.6218@example.com,Canada,2021-06-08,Inactive,291.84
CUST-06219,Sophia Reddy,sophia.reddy.6219@example.com,Germany,2018-02-18,One-Time,847.66
CUST-06220,Rohan Reddy,rohan.reddy.6220@example.com,Canada,2018-11-20,One-Time,173.38
CUST-06221,Noah Patel,noah.patel.6221@example.com,United Arab Emirates,2020-09-25,One-Time,617.02
CUST-06222,Ishaan Gupta,ishaan.gupta.6222@example.com,Canada,2018-04-27,Repeat,1468.13
CUST-06223,Emma Brown,emma.brown.6223@example.com,Germany,2023-07-22,One-Time,1062.39
CUST-06224,Emma Brown,emma.brown.6224@example.com,Germany,2022-02-17,One-Time,456.59
CUST-06225,Neha Miller,neha.miller.6225@example.com,United Kingdom,2018-02-19,Repeat,5192.50
CUST-06226,Diya Patel,diya.patel.6226@example.com,Australia,2020-12-15,High-Value,15770.96
CUST-06227,Vikram Reddy,vikram.reddy.6227@example.com,United States,2019-05-10,One-Time,309.10
CUST-06228,Liam Kumar,liam.kumar.6228@example.com,United Kingdom,2024-01-07,Inactive,433.06
CUST-06229,Vikram Patel,vikram.patel.6229@example.com,Germany,2023-08-13,One-Time,84.06
CUST-06230,Emma Reddy,emma.reddy.6230@example.com,Canada,2019-06-18,One-Time,731.76
CUST-06231,Aarav Patel,aarav.patel.6231@example.com,Singapore,2023-05-06,Repeat,6128.24
CUST-06232,Aditi Nair,aditi.nair.6232@example.com,United Arab Emirates,2018-10-20,Repeat,1967.84
CUST-06233,Aditi Reddy,aditi.reddy.6233@example.com,Canada,2025-05-24,Repeat,5027.33
CUST-06234,Meera Gupta,meera.gupta.6234@example.com,India,2020-08-27,Inactive,357.02
CUST-06235,Emma Reddy,emma.reddy.6235@example.com,United Arab Emirates,2024-04-03,High-Value,10157.20
CUST-06236,Sophia Mehta,sophia.mehta.6236@example.com,Singapore,2019-08-01,One-Time,1031.73
CUST-06237,Sophia Kumar,sophia.kumar.6237@example.com,Canada,2021-09-02,Repeat,1920.56
CUST-06238,Aditi Reddy,aditi.reddy.6238@example.com,Canada,2021-02-16,One-Time,463.31
CUST-06239,Liam Singh,liam.singh.6239@example.com,Germany,2018-11-12,Repeat,6019.99
CUST-06240,Meera Kumar,meera.kumar.6240@example.com,Germany,2018-02-11,High-Value,5715.18
CUST-06241,Kavya Brown,kavya.brown.6241@example.com,United Arab Emirates,2018-08-29,Repeat,922.44
CUST-06242,Aditi Reddy,aditi.reddy.6242@example.com,United Arab Emirates,2020-10-12,High-Value,16279.15
CUST-06243,Neha Wilson,neha.wilson.6243@example.com,United Arab Emirates,2019-04-15,Inactive,155.82
CUST-06244,Aditi Brown,aditi.brown.6244@example.com,United Arab Emirates,2021-05-20,Inactive,27.90
CUST-06245,Noah Reddy,noah.reddy.6245@example.com,United Kingdom,2024-07-09,Inactive,412.00
CUST-06246,Diya Kumar,diya.kumar.6246@example.com,India,2019-01-13,One-Time,691.28
CUST-06247,Rohan Kumar,rohan.kumar.6247@example.com,Germany,2020-05-08,Repeat,7062.80
CUST-06248,Sophia Garcia,sophia.garcia.6248@example.com,United Arab Emirates,2025-07-12,High-Value,22126.23
CUST-06249,Meera Kumar,meera.kumar.6249@example.com,United Arab Emirates,2019-03-01,One-Time,70.08
CUST-06250,Neha Brown,neha.brown.6250@example.com,Germany,2022-12-05,One-Time,296.12
CUST-06251,Meera Nair,meera.nair.6251@example.com,Australia,2022-01-29,One-Time,973.70
CUST-06252,Olivia Garcia,olivia.garcia.6252@example.com,India,2022-03-15,One-Time,807.90
CUST-06253,Liam Reddy,liam.reddy.6253@example.com,Canada,2022-06-03,One-Time,639.62
CUST-06254,Olivia Sharma,olivia.sharma.6254@example.com,Singapore,2018-06-10,One-Time,525.96
CUST-06255,Ishaan Kumar,ishaan.kumar.6255@example.com,United Arab Emirates,2022-07-13,Inactive,383.27
CUST-06256,Aditi Brown,aditi.brown.6256@example.com,United Kingdom,2023-02-14,Repeat,4771.99
CUST-06257,Arjun Singh,arjun.singh.6257@example.com,India,2024-06-05,High-Value,10999.69
CUST-06258,Meera Singh,meera.singh.6258@example.com,Germany,2019-02-20,One-Time,362.04
CUST-06259,Liam Brown,liam.brown.6259@example.com,United Kingdom,2021-01-21,One-Time,1038.55
CUST-06260,Kavya Garcia,kavya.garcia.6260@example.com,United States,2024-08-20,Inactive,266.03
CUST-06261,Kavya Miller,kavya.miller.6261@example.com,India,2022-12-21,Repeat,3599.23
CUST-06262,Olivia Garcia,olivia.garcia.6262@example.com,Australia,2023-04-21,Repeat,4841.14
CUST-06263,Noah Wilson,noah.wilson.6263@example.com,Germany,2024-05-20,Repeat,6077.97
CUST-06264,Aarav Singh,aarav.singh.6264@example.com,United Arab Emirates,2023-12-13,High-Value,11495.43
CUST-06265,Emma Wilson,emma.wilson.6265@example.com,Australia,2018-08-25,One-Time,341.86
CUST-06266,Meera Nair,meera.nair.6266@example.com,United States,2023-11-29,Repeat,4536.43
CUST-06267,Rohan Wilson,rohan.wilson.6267@example.com,United States,2019-07-20,Repeat,3461.02
CUST-06268,Vikram Gupta,vikram.gupta.6268@example.com,Germany,2019-11-02,One-Time,544.22
CUST-06269,Aarav Gupta,aarav.gupta.6269@example.com,United States,2020-09-08,One-Time,651.49
CUST-06270,Kavya Patel,kavya.patel.6270@example.com,India,2022-11-02,One-Time,656.91
CUST-06271,Noah Patel,,United Kingdom,2023-09-23,Repeat,5397.40
CUST-06272,Ishaan Garcia,ishaan.garcia.6272@example.com,Germany,2025-12-14,Repeat,6642.78
CUST-06273,Emma Wilson,emma.wilson.6273@example.com,United Arab Emirates,2022-08-20,High-Value,8805.14
CUST-06274,Noah Reddy,noah.reddy.6274@example.com,Australia,2025-04-21,Repeat,4340.63
CUST-06275,Rohan Sharma,rohan.sharma.6275@example.com,United States,2021-12-28,Inactive,300.70
CUST-06276,Noah Sharma,noah.sharma.6276@example.com,United Kingdom,2020-05-21,Inactive,156.56
CUST-06277,Neha Brown,neha.brown.6277@example.com,Germany,2025-10-02,One-Time,450.21
CUST-06278,Olivia Sharma,olivia.sharma.6278@example.com,United Kingdom,2019-02-01,Inactive,119.64
CUST-06279,Neha Kumar,neha.kumar.6279@example.com,United States,2019-03-17,Inactive,265.50
CUST-06280,Neha Gupta,neha.gupta.6280@example.com,India,2018-07-29,Repeat,4408.07
CUST-06281,Arjun Nair,arjun.nair.6281@example.com,Singapore,2025-07-30,One-Time,1193.30
CUST-06282,Arjun Reddy,arjun.reddy.6282@example.com,India,2023-02-20,Repeat,2452.35
CUST-06283,Olivia Brown,olivia.brown.6283@example.com,Germany,2019-04-21,Repeat,1403.96
CUST-06284,Liam Reddy,liam.reddy.6284@example.com,United States,2018-10-15,High-Value,16357.77
CUST-06285,Olivia Miller,olivia.miller.6285@example.com,United States,2018-10-22,One-Time,209.29
CUST-06286,Rohan Reddy,rohan.reddy.6286@example.com,United Arab Emirates,2025-03-07,High-Value,23629.31
CUST-06287,Ishaan Miller,ishaan.miller.6287@example.com,United Kingdom,2019-10-20,Repeat,1008.24
CUST-06288,Rohan Nair,rohan.nair.6288@example.com,Singapore,2023-03-26,Repeat,3257.28
CUST-06289,Olivia Reddy,olivia.reddy.6289@example.com,Singapore,2025-06-15,One-Time,1050.81
CUST-06290,Neha Mehta,neha.mehta.6290@example.com,Germany,2020-03-22,Repeat,6881.50
CUST-06291,Meera Patel,meera.patel.6291@example.com,Canada,2020-12-10,One-Time,778.73
CUST-06292,Arjun Garcia,arjun.garcia.6292@example.com,United Arab Emirates,2020-07-13,Repeat,3962.23
CUST-06293,Noah Gupta,noah.gupta.6293@example.com,United States,2022-09-11,Inactive,164.77
CUST-06294,Kavya Miller,kavya.miller.6294@example.com,Singapore,2020-01-27,Repeat,2615.51
CUST-06295,Vikram Reddy,vikram.reddy.6295@example.com,United States,2022-09-14,Repeat,1591.67
CUST-06296,Rohan Sharma,rohan.sharma.6296@example.com,Singapore,2022-05-02,Inactive,281.47
CUST-06297,Aditi Patel,aditi.patel.6297@example.com,United States,2025-01-19,Inactive,238.87
CUST-06298,Rohan Kumar,rohan.kumar.6298@example.com,United Arab Emirates,2022-07-10,Repeat,6890.80
CUST-06299,Rohan Kumar,rohan.kumar.6299@example.com,India,2020-12-04,One-Time,380.76
CUST-06300,Liam Nair,liam.nair.6300@example.com,Canada,2023-02-10,High-Value,6091.77
CUST-06301,Noah Wilson,noah.wilson.6301@example.com,Singapore,2022-10-20,Repeat,5285.54
CUST-06302,Emma Nair,emma.nair.6302@example.com,Canada,2022-10-31,Repeat,6884.39
CUST-06303,Kavya Singh,kavya.singh.6303@example.com,Canada,2019-04-29,Repeat,4777.83
CUST-06304,Aarav Garcia,aarav.garcia.6304@example.com,Canada,2019-09-25,One-Time,639.99
CUST-06305,Meera Garcia,meera.garcia.6305@example.com,Germany,2022-05-22,Repeat,2069.87
CUST-06306,Aditi Sharma,aditi.sharma.6306@example.com,Germany,2025-04-19,Inactive,162.81
CUST-06307,Sophia Miller,sophia.miller.6307@example.com,United States,2019-10-17,High-Value,21541.62
CUST-06308,Aditi Brown,aditi.brown.6308@example.com,India,2025-05-12,Repeat,5932.55
CUST-06309,Meera Brown,meera.brown.6309@example.com,United Kingdom,2022-05-09,One-Time,33.10
CUST-06310,Liam Reddy,liam.reddy.6310@example.com,United States,2024-05-23,One-Time,821.47
CUST-06311,Noah Nair,noah.nair.6311@example.com,United States,2022-10-29,Repeat,3233.71
CUST-06312,Kavya Kumar,kavya.kumar.6312@example.com,India,2018-02-05,One-Time,551.23
CUST-06313,Ishaan Brown,ishaan.brown.6313@example.com,Singapore,2022-08-25,One-Time,379.13
CUST-06314,Vikram Singh,vikram.singh.6314@example.com,Germany,2019-11-10,One-Time,515.03
CUST-06315,Ishaan Kumar,ishaan.kumar.6315@example.com,United Kingdom,2023-12-09,Repeat,4949.46
CUST-06316,Kavya Wilson,kavya.wilson.6316@example.com,United States,2018-01-11,One-Time,1155.15
CUST-06317,Olivia Brown,olivia.brown.6317@example.com,India,2022-10-05,Repeat,3048.65
CUST-06318,Rohan Sharma,rohan.sharma.6318@example.com,India,2018-01-13,Repeat,1784.20
CUST-06319,Ishaan Miller,ishaan.miller.6319@example.com,India,2021-02-05,One-Time,783.05
CUST-06320,Liam Wilson,liam.wilson.6320@example.com,United States,2023-08-26,One-Time,602.19
CUST-06321,Aarav Sharma,aarav.sharma.6321@example.com,Australia,2023-12-08,One-Time,461.71
CUST-06322,Noah Singh,noah.singh.6322@example.com,United Kingdom,2022-11-19,One-Time,658.85
CUST-06323,Liam Patel,liam.patel.6323@example.com,Australia,2021-10-12,One-Time,541.90
CUST-06324,Arjun Gupta,arjun.gupta.6324@example.com,United Kingdom,2024-11-02,One-Time,681.63
CUST-06325,Neha Gupta,neha.gupta.6325@example.com,United Arab Emirates,2024-07-23,One-Time,579.34
CUST-06326,Aditi Brown,aditi.brown.6326@example.com,Singapore,2022-07-05,Repeat,5251.78
CUST-06327,Diya Miller,diya.miller.6327@example.com,Germany,2024-03-03,Repeat,7302.63
CUST-06328,Meera Sharma,meera.sharma.6328@example.com,United States,2023-12-13,Repeat,6347.65
CUST-06329,Vikram Sharma,vikram.sharma.6329@example.com,Australia,2025-09-10,Repeat,1929.93
CUST-06330,Aditi Patel,aditi.patel.6330@example.com,United Kingdom,2018-01-22,One-Time,248.73
CUST-06331,Diya Miller,diya.miller.6331@example.com,United States,2022-08-02,One-Time,1142.82
CUST-06332,Ishaan Singh,ishaan.singh.6332@example.com,United States,2025-02-18,Repeat,3082.30
CUST-06333,Vikram Garcia,vikram.garcia.6333@example.com,Canada,2022-04-06,Repeat,2176.74
CUST-06334,Rohan Kumar,rohan.kumar.6334@example.com,United States,2021-08-19,Inactive,249.57
CUST-06335,Vikram Reddy,vikram.reddy.6335@example.com,United Kingdom,2025-04-16,Repeat,3773.62
CUST-06336,Aditi Nair,aditi.nair.6336@example.com,United Arab Emirates,2020-07-26,Repeat,4024.02
CUST-06337,Neha Sharma,neha.sharma.6337@example.com,India,2025-05-06,Inactive,59.01
CUST-06338,Neha Brown,neha.brown.6338@example.com,Australia,2021-04-24,Repeat,2009.05
CUST-06339,Meera Nair,meera.nair.6339@example.com,Singapore,2021-03-02,High-Value,22493.70
CUST-06340,Meera Patel,meera.patel.6340@example.com,Singapore,2022-05-07,One-Time,244.37
CUST-06341,Neha Singh,neha.singh.6341@example.com,India,2024-02-09,Repeat,2829.26
CUST-06342,Noah Singh,noah.singh.6342@example.com,Singapore,2025-10-15,Repeat,4338.51
CUST-06343,Aarav Patel,aarav.patel.6343@example.com,United Arab Emirates,2024-12-13,Repeat,3908.13
CUST-06344,Neha Garcia,neha.garcia.6344@example.com,Singapore,2021-08-15,High-Value,10895.89
CUST-06345,Neha Reddy,neha.reddy.6345@example.com,Canada,2018-10-13,One-Time,428.32
CUST-06346,Diya Sharma,diya.sharma.6346@example.com,Germany,2025-02-19,One-Time,341.08
CUST-06347,Vikram Nair,vikram.nair.6347@example.com,United Arab Emirates,2019-09-19,One-Time,227.88
CUST-06348,Meera Mehta,meera.mehta.6348@example.com,Singapore,2022-02-05,Repeat,3555.50
CUST-06349,Neha Mehta,neha.mehta.6349@example.com,Germany,2020-10-22,One-Time,1159.52
CUST-06350,Diya Mehta,diya.mehta.6350@example.com,Germany,2020-09-03,One-Time,474.12
CUST-06351,Ishaan Mehta,ishaan.mehta.6351@example.com,India,2021-09-04,One-Time,510.03
CUST-06352,Aarav Sharma,aarav.sharma.6352@example.com,Singapore,2021-06-12,One-Time,82.35
CUST-06353,Olivia Brown,olivia.brown.6353@example.com,United States,2019-02-03,One-Time,991.15
CUST-06354,Diya Nair,diya.nair.6354@example.com,United States,2021-03-09,One-Time,77.55
CUST-06355,Neha Reddy,neha.reddy.6355@example.com,United Arab Emirates,2022-02-06,Inactive,305.46
CUST-06356,Vikram Patel,vikram.patel.6356@example.com,United Arab Emirates,2020-12-22,One-Time,764.78
CUST-06357,Sophia Brown,sophia.brown.6357@example.com,Australia,2018-07-10,Repeat,5006.46
CUST-06358,Diya Nair,diya.nair.6358@example.com,Australia,2018-11-16,Repeat,6784.91
CUST-06359,Rohan Patel,rohan.patel.6359@example.com,Canada,2024-05-12,Repeat,3291.89
CUST-06360,Noah Miller,noah.miller.6360@example.com,India,2025-06-23,Inactive,332.28
CUST-06361,Rohan Patel,rohan.patel.6361@example.com,United Kingdom,2025-12-05,Repeat,4791.03
CUST-06362,Aditi Sharma,aditi.sharma.6362@example.com,Singapore,2024-03-25,High-Value,5973.57
CUST-06363,Neha Singh,neha.singh.6363@example.com,Germany,2018-01-14,Repeat,7131.59
CUST-06364,Liam Reddy,liam.reddy.6364@example.com,United States,2022-12-18,One-Time,1001.90
CUST-06365,Liam Patel,liam.patel.6365@example.com,Australia,2019-01-27,One-Time,222.30
CUST-06366,Rohan Wilson,rohan.wilson.6366@example.com,Canada,2020-04-11,Inactive,73.87
CUST-06367,Arjun Singh,arjun.singh.6367@example.com,India,2023-10-23,Repeat,5469.72
CUST-06368,Kavya Miller,kavya.miller.6368@example.com,Germany,2020-03-03,One-Time,515.76
CUST-06369,Arjun Patel,arjun.patel.6369@example.com,United Kingdom,2023-01-27,Repeat,6660.81
CUST-06370,Noah Brown,noah.brown.6370@example.com,Singapore,2024-12-06,One-Time,257.66
CUST-06371,Arjun Singh,arjun.singh.6371@example.com,United Kingdom,2024-10-28,Repeat,3072.04
CUST-06372,Rohan Singh,rohan.singh.6372@example.com,Germany,2023-10-20,One-Time,36.09
CUST-06373,Rohan Miller,rohan.miller.6373@example.com,Germany,2023-03-13,Repeat,7490.58
CUST-06374,Olivia Sharma,olivia.sharma.6374@example.com,United Kingdom,2022-04-03,Repeat,4287.71
CUST-06375,Liam Miller,liam.miller.6375@example.com,Canada,2025-04-19,One-Time,279.26
CUST-06376,Emma Gupta,emma.gupta.6376@example.com,United States,2019-07-16,Repeat,3686.35
CUST-06377,Liam Sharma,liam.sharma.6377@example.com,Australia,2024-01-03,Repeat,6842.63
CUST-06378,Kavya Mehta,kavya.mehta.6378@example.com,Germany,2018-08-14,High-Value,20730.36
CUST-06379,Rohan Brown,rohan.brown.6379@example.com,Germany,2018-03-10,Repeat,4845.93
CUST-06380,Aditi Miller,aditi.miller.6380@example.com,United Kingdom,2023-11-05,One-Time,1151.26
CUST-06381,Meera Patel,meera.patel.6381@example.com,Australia,2024-01-14,High-Value,13007.15
CUST-06382,Kavya Miller,kavya.miller.6382@example.com,United Arab Emirates,2020-10-08,Inactive,155.80
CUST-06383,Sophia Miller,sophia.miller.6383@example.com,Canada,2019-07-28,One-Time,297.03
CUST-06384,Emma Wilson,emma.wilson.6384@example.com,Germany,2019-09-24,Inactive,238.13
CUST-06385,Ishaan Nair,ishaan.nair.6385@example.com,Australia,2021-01-05,Repeat,4188.35
CUST-06386,Aarav Garcia,aarav.garcia.6386@example.com,United Arab Emirates,2024-01-04,Repeat,4767.59
CUST-06387,Emma Singh,emma.singh.6387@example.com,United Kingdom,2020-02-14,One-Time,461.57
CUST-06388,Noah Sharma,noah.sharma.6388@example.com,Germany,2019-10-13,One-Time,829.70
CUST-06389,Diya Patel,diya.patel.6389@example.com,India,2022-07-07,Inactive,163.95
CUST-06390,Vikram Miller,vikram.miller.6390@example.com,Singapore,2025-12-29,Inactive,143.72
CUST-06391,Noah Singh,noah.singh.6391@example.com,India,2018-12-24,Inactive,6.81
CUST-06392,Neha Kumar,neha.kumar.6392@example.com,Singapore,2020-05-24,Inactive,273.53
CUST-06393,Arjun Reddy,arjun.reddy.6393@example.com,Australia,2018-01-21,Repeat,2895.97
CUST-06394,Aarav Patel,aarav.patel.6394@example.com,Germany,2022-06-29,One-Time,794.46
CUST-06395,Aditi Wilson,aditi.wilson.6395@example.com,Germany,2022-11-21,Repeat,4740.20
CUST-06396,Noah Mehta,noah.mehta.6396@example.com,United Arab Emirates,2021-08-31,Repeat,6458.18
CUST-06397,Ishaan Garcia,ishaan.garcia.6397@example.com,Australia,2020-10-02,One-Time,715.56
CUST-06398,Sophia Brown,sophia.brown.6398@example.com,United States,2025-04-28,Repeat,6776.77
CUST-06399,Vikram Wilson,vikram.wilson.6399@example.com,Germany,2021-07-10,High-Value,17858.83
CUST-06400,Neha Gupta,neha.gupta.6400@example.com,United Kingdom,2025-04-20,One-Time,762.40
CUST-06401,Aditi Patel,aditi.patel.6401@example.com,United States,2024-06-15,High-Value,12698.91
CUST-06402,Neha Miller,neha.miller.6402@example.com,India,2022-11-13,Repeat,4861.04
CUST-06403,Noah Patel,noah.patel.6403@example.com,United States,2019-07-09,One-Time,128.12
CUST-06404,Olivia Reddy,olivia.reddy.6404@example.com,Australia,2018-03-11,Repeat,819.18
CUST-06405,Liam Mehta,liam.mehta.6405@example.com,Singapore,2022-11-03,High-Value,12976.64
CUST-06406,Noah Wilson,noah.wilson.6406@example.com,Canada,2018-07-23,Inactive,208.78
CUST-06407,Arjun Mehta,arjun.mehta.6407@example.com,United Arab Emirates,2018-06-04,One-Time,934.30
CUST-06408,Sophia Garcia,sophia.garcia.6408@example.com,Canada,2022-01-02,High-Value,11974.06
CUST-06409,Diya Kumar,diya.kumar.6409@example.com,Singapore,2024-11-10,One-Time,61.90
CUST-06410,Diya Gupta,diya.gupta.6410@example.com,United States,2022-05-21,Inactive,439.09
CUST-06411,Aarav Reddy,aarav.reddy.6411@example.com,India,2025-09-28,Repeat,6560.22
CUST-06412,Noah Garcia,noah.garcia.6412@example.com,India,2022-01-11,One-Time,92.47
CUST-06413,Emma Mehta,emma.mehta.6413@example.com,Germany,2022-03-15,Repeat,2845.78
CUST-06414,Arjun Wilson,arjun.wilson.6414@example.com,Germany,2021-10-07,Inactive,484.14
CUST-06415,Emma Gupta,emma.gupta.6415@example.com,Canada,2019-04-30,Inactive,255.05
CUST-06416,Vikram Garcia,vikram.garcia.6416@example.com,Singapore,2019-04-20,One-Time,440.25
CUST-06417,Liam Garcia,liam.garcia.6417@example.com,Canada,2023-03-10,High-Value,20090.80
CUST-06418,Kavya Gupta,kavya.gupta.6418@example.com,Germany,2022-06-19,Repeat,1811.86
CUST-06419,Liam Miller,liam.miller.6419@example.com,United Arab Emirates,2021-11-23,Repeat,2333.90
CUST-06420,Rohan Patel,rohan.patel.6420@example.com,Germany,2025-03-30,One-Time,135.32
CUST-06421,Ishaan Brown,ishaan.brown.6421@example.com,India,2022-08-06,Inactive,427.73
CUST-06422,Noah Kumar,noah.kumar.6422@example.com,United States,2024-10-05,Repeat,3319.13
CUST-06423,Meera Reddy,meera.reddy.6423@example.com,Germany,2021-08-31,Repeat,1327.74
CUST-06424,Olivia Reddy,olivia.reddy.6424@example.com,Germany,2023-12-12,Inactive,314.60
CUST-06425,Noah Gupta,noah.gupta.6425@example.com,Singapore,2021-03-14,Repeat,5366.75
CUST-06426,Liam Kumar,liam.kumar.6426@example.com,Germany,2021-12-22,One-Time,645.34
CUST-06427,Meera Patel,meera.patel.6427@example.com,United Kingdom,2025-12-10,Repeat,4210.00
CUST-06428,Aarav Gupta,aarav.gupta.6428@example.com,United Kingdom,2023-01-07,Repeat,3608.52
CUST-06429,Kavya Patel,kavya.patel.6429@example.com,Canada,2019-09-05,Repeat,3472.51
CUST-06430,Vikram Miller,vikram.miller.6430@example.com,Australia,2019-04-05,Repeat,1181.52
CUST-06431,Ishaan Miller,ishaan.miller.6431@example.com,United Kingdom,2024-11-07,Repeat,6711.29
CUST-06432,Sophia Sharma,sophia.sharma.6432@example.com,United Kingdom,2021-11-03,One-Time,693.85
CUST-06433,Emma Singh,emma.singh.6433@example.com,United States,2023-10-26,High-Value,18546.32
CUST-06434,Ishaan Garcia,ishaan.garcia.6434@example.com,Singapore,2021-03-27,Inactive,440.82
CUST-06435,Rohan Mehta,rohan.mehta.6435@example.com,Canada,2020-08-20,Repeat,4565.62
CUST-06436,Aarav Wilson,aarav.wilson.6436@example.com,India,2021-09-02,One-Time,825.24
CUST-06437,Sophia Gupta,sophia.gupta.6437@example.com,Germany,2024-05-15,Repeat,3602.43
CUST-06438,Diya Kumar,diya.kumar.6438@example.com,India,2020-09-01,High-Value,14879.90
CUST-06439,Aditi Wilson,aditi.wilson.6439@example.com,United Arab Emirates,2023-12-09,Repeat,5107.88
CUST-06440,Olivia Brown,olivia.brown.6440@example.com,Germany,2024-01-22,One-Time,748.83
CUST-06441,Aarav Miller,aarav.miller.6441@example.com,United Kingdom,2024-05-18,Repeat,5001.00
CUST-06442,Neha Singh,neha.singh.6442@example.com,Australia,2023-02-10,High-Value,22850.00
CUST-06443,Liam Brown,liam.brown.6443@example.com,United States,2024-03-26,High-Value,6396.97
CUST-06444,Aditi Wilson,aditi.wilson.6444@example.com,Singapore,2025-08-31,Repeat,3620.56
CUST-06445,Aarav Mehta,aarav.mehta.6445@example.com,Singapore,2023-06-22,Repeat,1179.85
CUST-06446,Olivia Wilson,olivia.wilson.6446@example.com,Canada,2019-09-25,Repeat,1325.15
CUST-06447,Ishaan Nair,ishaan.nair.6447@example.com,Canada,2021-05-27,One-Time,785.43
CUST-06448,Liam Brown,liam.brown.6448@example.com,United States,2018-07-23,Inactive,499.95
CUST-06449,Vikram Singh,vikram.singh.6449@example.com,United States,2018-09-05,High-Value,21880.45
CUST-06450,Neha Patel,neha.patel.6450@example.com,Australia,2021-07-25,One-Time,307.00
CUST-06451,Arjun Sharma,arjun.sharma.6451@example.com,Australia,2020-03-25,Repeat,1013.02
CUST-06452,Sophia Reddy,sophia.reddy.6452@example.com,United Kingdom,2024-02-02,One-Time,540.40
CUST-06453,Meera Reddy,meera.reddy.6453@example.com,Australia,2022-05-06,High-Value,8056.32
CUST-06454,Vikram Kumar,vikram.kumar.6454@example.com,United Arab Emirates,2024-01-04,Inactive,261.01
CUST-06455,Sophia Wilson,sophia.wilson.6455@example.com,United Kingdom,2021-12-09,One-Time,1025.04
CUST-06456,Neha Kumar,neha.kumar.6456@example.com,United Arab Emirates,2022-10-19,Repeat,1076.48
CUST-06457,Diya Wilson,diya.wilson.6457@example.com,Australia,2019-02-09,High-Value,7856.75
CUST-06458,Neha Wilson,neha.wilson.6458@example.com,Germany,2019-08-21,One-Time,1076.12
CUST-06459,Aarav Gupta,aarav.gupta.6459@example.com,Australia,2021-01-09,High-Value,16288.43
CUST-06460,Olivia Mehta,olivia.mehta.6460@example.com,United States,2023-01-25,Repeat,6867.94
CUST-06461,Meera Sharma,meera.sharma.6461@example.com,Canada,2024-06-15,One-Time,426.13
CUST-06462,Liam Singh,liam.singh.6462@example.com,United States,2024-06-10,High-Value,18704.45
CUST-06463,Arjun Kumar,arjun.kumar.6463@example.com,Canada,2019-06-06,One-Time,224.98
CUST-06464,Aarav Singh,aarav.singh.6464@example.com,United Arab Emirates,2019-06-22,One-Time,733.69
CUST-06465,Aarav Gupta,aarav.gupta.6465@example.com,India,2020-06-15,One-Time,1118.76
CUST-06466,Meera Brown,meera.brown.6466@example.com,Canada,2021-11-25,One-Time,414.73
CUST-06467,Noah Kumar,noah.kumar.6467@example.com,United Arab Emirates,2025-08-05,Repeat,7318.35
CUST-06468,Vikram Reddy,vikram.reddy.6468@example.com,India,2021-07-23,Repeat,6277.08
CUST-06469,Kavya Garcia,kavya.garcia.6469@example.com,India,2018-12-14,One-Time,418.86
CUST-06470,Liam Brown,liam.brown.6470@example.com,United States,2024-08-28,Inactive,54.80
CUST-06471,Liam Sharma,liam.sharma.6471@example.com,Singapore,2023-07-29,Inactive,56.99
CUST-06472,Rohan Wilson,rohan.wilson.6472@example.com,India,2025-11-17,High-Value,7842.01
CUST-06473,Meera Mehta,meera.mehta.6473@example.com,India,2024-05-02,Inactive,453.54
CUST-06474,Meera Garcia,meera.garcia.6474@example.com,India,2023-08-01,High-Value,11203.51
CUST-06475,Arjun Kumar,arjun.kumar.6475@example.com,Germany,2020-08-28,Repeat,4144.72
CUST-06476,Ishaan Brown,ishaan.brown.6476@example.com,United Kingdom,2024-12-31,Repeat,6664.30
CUST-06477,Aarav Patel,aarav.patel.6477@example.com,United Arab Emirates,2022-02-02,Repeat,4053.92
CUST-06478,Noah Nair,noah.nair.6478@example.com,Singapore,2020-08-06,Repeat,1037.31
CUST-06479,Kavya Wilson,kavya.wilson.6479@example.com,Australia,2018-08-30,Repeat,5620.63
CUST-06480,Liam Miller,liam.miller.6480@example.com,United States,2018-09-16,Repeat,7282.38
CUST-06481,Sophia Mehta,sophia.mehta.6481@example.com,Canada,2024-10-23,High-Value,13694.69
CUST-06482,Emma Sharma,emma.sharma.6482@example.com,Canada,2025-10-12,One-Time,310.38
CUST-06483,Noah Mehta,noah.mehta.6483@example.com,Canada,2019-05-16,Repeat,4296.48
CUST-06484,Neha Nair,neha.nair.6484@example.com,United States,2025-08-26,Repeat,4190.26
CUST-06485,Aditi Kumar,aditi.kumar.6485@example.com,Germany,2025-07-09,One-Time,601.33
CUST-06486,Sophia Miller,sophia.miller.6486@example.com,India,2021-07-15,Repeat,2574.83
CUST-06487,Aditi Wilson,aditi.wilson.6487@example.com,Germany,2024-10-24,Inactive,309.05
CUST-06488,Aarav Miller,aarav.miller.6488@example.com,Australia,2018-07-12,High-Value,16580.02
CUST-06489,Rohan Sharma,rohan.sharma.6489@example.com,India,2021-12-14,High-Value,12466.69
CUST-06490,Emma Singh,emma.singh.6490@example.com,United Arab Emirates,2022-01-17,One-Time,713.35
CUST-06491,Neha Reddy,neha.reddy.6491@example.com,United States,2023-06-24,One-Time,336.54
CUST-06492,Emma Mehta,,Germany,2021-07-08,Inactive,97.78
CUST-06493,Liam Sharma,liam.sharma.6493@example.com,India,2023-10-19,Inactive,225.75
CUST-06494,Emma Nair,emma.nair.6494@example.com,Canada,2021-04-04,One-Time,295.43
CUST-06495,Diya Sharma,diya.sharma.6495@example.com,Canada,2020-04-27,Inactive,61.22
CUST-06496,Meera Miller,meera.miller.6496@example.com,India,2018-12-31,One-Time,1137.06
CUST-06497,Neha Sharma,neha.sharma.6497@example.com,India,2019-10-24,Repeat,2505.40
CUST-06498,Ishaan Reddy,ishaan.reddy.6498@example.com,United Arab Emirates,2020-08-14,Repeat,6011.46
CUST-06499,Kavya Nair,kavya.nair.6499@example.com,Australia,2019-06-30,High-Value,11718.79
CUST-06500,Diya Miller,diya.miller.6500@example.com,Canada,2019-05-14,One-Time,764.76
CUST-06501,Aditi Miller,aditi.miller.6501@example.com,United Arab Emirates,2024-10-21,Repeat,951.38
CUST-06502,Arjun Miller,arjun.miller.6502@example.com,United Arab Emirates,2019-03-15,Repeat,2057.66
CUST-06503,Emma Kumar,emma.kumar.6503@example.com,United States,2025-04-13,One-Time,808.01
CUST-06504,Arjun Sharma,arjun.sharma.6504@example.com,India,2018-10-13,Repeat,2711.79
CUST-06505,Meera Garcia,meera.garcia.6505@example.com,Australia,2024-11-25,Repeat,2712.87
CUST-06506,Rohan Gupta,rohan.gupta.6506@example.com,India,2023-01-11,High-Value,13461.56
CUST-06507,Emma Brown,emma.brown.6507@example.com,India,2020-08-12,Repeat,4048.59
CUST-06508,Olivia Nair,olivia.nair.6508@example.com,Australia,2020-08-15,Inactive,317.08
CUST-06509,Aarav Garcia,aarav.garcia.6509@example.com,United States,2024-06-29,One-Time,1133.16
CUST-06510,Diya Brown,diya.brown.6510@example.com,United Kingdom,2022-02-21,One-Time,1090.06
CUST-06511,Ishaan Brown,ishaan.brown.6511@example.com,United Kingdom,2022-09-25,One-Time,846.29
CUST-06512,Liam Reddy,liam.reddy.6512@example.com,Australia,2025-10-04,One-Time,1040.20
CUST-06513,Sophia Kumar,sophia.kumar.6513@example.com,Canada,2023-05-16,Inactive,134.62
CUST-06514,Kavya Garcia,kavya.garcia.6514@example.com,United Arab Emirates,2020-06-16,Inactive,256.52
CUST-06515,Olivia Gupta,olivia.gupta.6515@example.com,Germany,2020-04-16,One-Time,1151.47
CUST-06516,Aarav Kumar,aarav.kumar.6516@example.com,Australia,2024-03-28,Repeat,3766.93
CUST-06517,Sophia Wilson,sophia.wilson.6517@example.com,Germany,2018-05-14,One-Time,684.57
CUST-06518,Sophia Singh,sophia.singh.6518@example.com,United Kingdom,2018-01-05,Inactive,105.16
CUST-06519,Diya Mehta,diya.mehta.6519@example.com,Canada,2024-03-22,One-Time,725.45
CUST-06520,Meera Garcia,meera.garcia.6520@example.com,United States,2020-06-29,Inactive,62.81
CUST-06521,Diya Miller,diya.miller.6521@example.com,Australia,2025-01-07,One-Time,968.71
CUST-06522,Sophia Sharma,sophia.sharma.6522@example.com,Singapore,2019-08-16,Repeat,2544.37
CUST-06523,Emma Miller,emma.miller.6523@example.com,India,2024-01-07,Inactive,391.85
CUST-06524,Neha Singh,neha.singh.6524@example.com,Australia,2022-12-27,Repeat,5702.40
CUST-06525,Diya Gupta,diya.gupta.6525@example.com,Australia,2019-10-23,Repeat,4566.88
CUST-06526,Diya Miller,diya.miller.6526@example.com,Germany,2024-05-14,Repeat,3193.03
CUST-06527,Ishaan Miller,ishaan.miller.6527@example.com,United States,2025-12-24,High-Value,20126.53
CUST-06528,Noah Kumar,noah.kumar.6528@example.com,United Kingdom,2023-02-08,High-Value,24393.47
CUST-06529,Kavya Miller,kavya.miller.6529@example.com,Canada,2024-06-10,Repeat,6562.40
CUST-06530,Emma Reddy,emma.reddy.6530@example.com,United States,2025-12-19,Inactive,41.88
CUST-06531,Noah Wilson,noah.wilson.6531@example.com,United States,2020-04-30,Inactive,21.68
CUST-06532,Vikram Gupta,vikram.gupta.6532@example.com,United Kingdom,2021-12-22,Repeat,1442.80
CUST-06533,Liam Wilson,liam.wilson.6533@example.com,Canada,2023-10-06,High-Value,23821.18
CUST-06534,Neha Gupta,neha.gupta.6534@example.com,United States,2023-03-13,Repeat,1263.88
CUST-06535,Ishaan Gupta,ishaan.gupta.6535@example.com,Canada,2018-10-14,Inactive,428.16
CUST-06536,Arjun Gupta,arjun.gupta.6536@example.com,India,2022-06-14,One-Time,441.56
CUST-06537,Aarav Brown,aarav.brown.6537@example.com,United States,2021-05-15,Repeat,922.20
CUST-06538,Aditi Reddy,aditi.reddy.6538@example.com,Singapore,2020-09-13,High-Value,13431.15
CUST-06539,Aditi Miller,aditi.miller.6539@example.com,United Kingdom,2025-11-24,One-Time,508.01
CUST-06540,Ishaan Gupta,ishaan.gupta.6540@example.com,United States,2018-05-02,Inactive,84.13
CUST-06541,Aditi Singh,aditi.singh.6541@example.com,India,2019-12-30,Repeat,3740.30
CUST-06542,Diya Reddy,diya.reddy.6542@example.com,Germany,2021-09-26,Inactive,13.59
CUST-06543,Liam Brown,liam.brown.6543@example.com,United States,2020-07-27,Inactive,344.73
CUST-06544,Aarav Sharma,aarav.sharma.6544@example.com,United States,2024-04-04,High-Value,17101.56
CUST-06545,Arjun Reddy,arjun.reddy.6545@example.com,United Arab Emirates,2023-01-02,Repeat,1231.80
CUST-06546,Diya Singh,diya.singh.6546@example.com,Australia,2025-05-20,Repeat,2611.01
CUST-06547,Kavya Sharma,kavya.sharma.6547@example.com,United Kingdom,2025-12-11,One-Time,977.69
CUST-06548,Neha Singh,neha.singh.6548@example.com,United Arab Emirates,2022-10-27,Repeat,4653.37
CUST-06549,Arjun Garcia,arjun.garcia.6549@example.com,United Arab Emirates,2022-08-02,One-Time,331.18
CUST-06550,Emma Kumar,emma.kumar.6550@example.com,India,2020-03-29,Repeat,2179.29
CUST-06551,Ishaan Singh,ishaan.singh.6551@example.com,India,2020-01-19,Repeat,6892.27
CUST-06552,Rohan Kumar,rohan.kumar.6552@example.com,Singapore,2021-08-06,Repeat,5325.60
CUST-06553,Noah Mehta,noah.mehta.6553@example.com,Australia,2019-10-23,One-Time,813.45
CUST-06554,Sophia Sharma,sophia.sharma.6554@example.com,United States,2019-05-23,One-Time,1076.67
CUST-06555,Meera Nair,meera.nair.6555@example.com,Australia,2025-09-30,Repeat,4346.40
CUST-06556,Diya Kumar,diya.kumar.6556@example.com,United Arab Emirates,2025-03-25,Repeat,4568.66
CUST-06557,Rohan Nair,rohan.nair.6557@example.com,United Arab Emirates,2021-01-15,Inactive,3.46
CUST-06558,Arjun Mehta,arjun.mehta.6558@example.com,Singapore,2025-05-05,Inactive,445.65
CUST-06559,Diya Nair,diya.nair.6559@example.com,Germany,2023-01-09,Repeat,3862.21
CUST-06560,Arjun Gupta,arjun.gupta.6560@example.com,India,2021-01-29,One-Time,536.97
CUST-06561,Arjun Garcia,arjun.garcia.6561@example.com,United Kingdom,2019-04-27,High-Value,13884.29
CUST-06562,Rohan Kumar,rohan.kumar.6562@example.com,Singapore,2019-09-25,Repeat,5309.45
CUST-06563,Rohan Brown,rohan.brown.6563@example.com,United Kingdom,2024-08-20,Repeat,1595.59
CUST-06564,Liam Nair,liam.nair.6564@example.com,Singapore,2020-09-26,One-Time,457.54
CUST-06565,Olivia Nair,olivia.nair.6565@example.com,United Arab Emirates,2024-12-14,One-Time,552.87
CUST-06566,Rohan Miller,rohan.miller.6566@example.com,United Arab Emirates,2021-07-06,One-Time,617.30
CUST-06567,Emma Gupta,emma.gupta.6567@example.com,Germany,2025-12-01,Repeat,2804.69
CUST-06568,Olivia Reddy,olivia.reddy.6568@example.com,Australia,2018-11-07,Repeat,4932.38
CUST-06569,Neha Mehta,neha.mehta.6569@example.com,United Kingdom,2021-12-04,Inactive,384.78
CUST-06570,Aarav Wilson,aarav.wilson.6570@example.com,United Kingdom,2025-12-17,Repeat,1934.55
CUST-06571,Rohan Reddy,rohan.reddy.6571@example.com,United States,2025-02-25,High-Value,12768.27
CUST-06572,Emma Reddy,emma.reddy.6572@example.com,United States,2020-12-08,One-Time,1044.52
CUST-06573,Aditi Garcia,aditi.garcia.6573@example.com,United Arab Emirates,2022-06-12,Repeat,3539.20
CUST-06574,Noah Reddy,noah.reddy.6574@example.com,India,2020-05-20,High-Value,17381.65
CUST-06575,Liam Mehta,liam.mehta.6575@example.com,United Kingdom,2025-10-17,Repeat,2488.48
CUST-06576,Arjun Brown,arjun.brown.6576@example.com,United Arab Emirates,2022-08-29,One-Time,896.45
CUST-06577,Aarav Nair,aarav.nair.6577@example.com,India,2021-07-27,One-Time,1086.75
CUST-06578,Noah Sharma,noah.sharma.6578@example.com,India,2023-07-27,Repeat,4785.20
CUST-06579,Kavya Nair,kavya.nair.6579@example.com,Canada,2024-11-29,Repeat,4104.17
CUST-06580,Meera Wilson,meera.wilson.6580@example.com,United Arab Emirates,2020-04-22,Inactive,293.45
CUST-06581,Sophia Wilson,sophia.wilson.6581@example.com,India,2018-05-26,Repeat,4647.72
CUST-06582,Aditi Nair,aditi.nair.6582@example.com,Germany,2018-05-20,One-Time,992.77
CUST-06583,Olivia Reddy,olivia.reddy.6583@example.com,United States,2018-07-14,Repeat,3648.39
CUST-06584,Emma Wilson,emma.wilson.6584@example.com,Canada,2022-05-06,Inactive,93.73
CUST-06585,Rohan Patel,rohan.patel.6585@example.com,Germany,2019-02-20,High-Value,12836.34
CUST-06586,Liam Garcia,liam.garcia.6586@example.com,Australia,2025-10-08,High-Value,22954.58
CUST-06587,Aditi Garcia,aditi.garcia.6587@example.com,India,2018-02-19,Inactive,411.08
CUST-06588,Arjun Patel,arjun.patel.6588@example.com,India,2020-08-08,Repeat,4889.60
CUST-06589,Emma Wilson,emma.wilson.6589@example.com,Germany,2021-03-28,Repeat,4338.51
CUST-06590,Aarav Singh,aarav.singh.6590@example.com,Canada,2020-05-25,Repeat,2919.92
CUST-06591,Liam Reddy,liam.reddy.6591@example.com,Australia,2025-03-26,Repeat,6047.74
CUST-06592,Kavya Patel,kavya.patel.6592@example.com,Germany,2019-08-15,One-Time,716.66
CUST-06593,Diya Mehta,diya.mehta.6593@example.com,Australia,2018-02-21,One-Time,165.91
CUST-06594,Vikram Brown,vikram.brown.6594@example.com,Australia,2019-10-25,Repeat,7211.58
CUST-06595,Ishaan Singh,ishaan.singh.6595@example.com,Canada,2019-11-23,One-Time,1153.61
CUST-06596,Olivia Nair,olivia.nair.6596@example.com,India,2020-09-13,Repeat,6436.73
CUST-06597,Neha Miller,neha.miller.6597@example.com,Canada,2023-02-16,Inactive,104.27
CUST-06598,Liam Gupta,liam.gupta.6598@example.com,United Arab Emirates,2019-01-12,One-Time,577.76
CUST-06599,Aditi Nair,aditi.nair.6599@example.com,Germany,2024-06-21,Inactive,108.71
CUST-06600,Vikram Singh,vikram.singh.6600@example.com,Singapore,2022-07-04,Inactive,292.62
CUST-06601,Diya Garcia,diya.garcia.6601@example.com,Australia,2022-09-02,Repeat,1098.45
CUST-06602,Arjun Singh,arjun.singh.6602@example.com,Singapore,2021-11-22,High-Value,23529.04
CUST-06603,Aarav Mehta,aarav.mehta.6603@example.com,Singapore,2023-06-02,Repeat,2238.63
CUST-06604,Aarav Wilson,aarav.wilson.6604@example.com,United Kingdom,2025-10-07,High-Value,6700.48
CUST-06605,Liam Nair,liam.nair.6605@example.com,Australia,2018-11-27,Inactive,398.63
CUST-06606,Liam Nair,liam.nair.6606@example.com,Canada,2020-05-25,Inactive,471.08
CUST-06607,Rohan Wilson,rohan.wilson.6607@example.com,United Arab Emirates,2018-02-26,High-Value,15906.91
CUST-06608,Noah Mehta,noah.mehta.6608@example.com,Singapore,2020-01-05,Inactive,167.63
CUST-06609,Emma Sharma,emma.sharma.6609@example.com,United States,2023-08-11,One-Time,1039.62
CUST-06610,Liam Nair,liam.nair.6610@example.com,Germany,2022-05-28,One-Time,491.12
CUST-06611,Noah Sharma,noah.sharma.6611@example.com,United States,2019-04-28,Repeat,2087.65
CUST-06612,Noah Singh,noah.singh.6612@example.com,United Kingdom,2020-07-25,One-Time,855.08
CUST-06613,Aditi Wilson,aditi.wilson.6613@example.com,Singapore,2019-07-17,Repeat,2605.46
CUST-06614,Noah Miller,noah.miller.6614@example.com,Germany,2023-04-30,Repeat,6258.27
CUST-06615,Neha Patel,neha.patel.6615@example.com,Germany,2021-02-22,Repeat,4866.78
CUST-06616,Arjun Kumar,arjun.kumar.6616@example.com,Singapore,2019-08-09,One-Time,215.21
CUST-06617,Kavya Sharma,kavya.sharma.6617@example.com,United Arab Emirates,2025-09-14,One-Time,975.94
CUST-06618,Diya Patel,diya.patel.6618@example.com,Canada,2018-04-12,Inactive,244.30
CUST-06619,Kavya Gupta,kavya.gupta.6619@example.com,Australia,2022-02-01,Repeat,5081.06
CUST-06620,Ishaan Gupta,ishaan.gupta.6620@example.com,Australia,2019-11-01,One-Time,1163.11
CUST-06621,Rohan Sharma,rohan.sharma.6621@example.com,Germany,2023-01-28,Inactive,493.63
CUST-06622,Aditi Patel,aditi.patel.6622@example.com,United States,2019-12-15,One-Time,267.35
CUST-06623,Meera Reddy,meera.reddy.6623@example.com,United Arab Emirates,2019-12-26,Repeat,7181.39
CUST-06624,Sophia Miller,sophia.miller.6624@example.com,United States,2021-10-07,Repeat,1693.63
CUST-06625,Neha Singh,neha.singh.6625@example.com,Canada,2023-02-24,One-Time,454.48
CUST-06626,Rohan Brown,rohan.brown.6626@example.com,United States,2018-08-04,Inactive,74.64
CUST-06627,Noah Mehta,noah.mehta.6627@example.com,Singapore,2019-11-09,One-Time,663.68
CUST-06628,Liam Kumar,liam.kumar.6628@example.com,Australia,2023-08-08,Inactive,394.59
CUST-06629,Diya Kumar,diya.kumar.6629@example.com,United Arab Emirates,2023-08-04,One-Time,559.07
CUST-06630,Olivia Singh,olivia.singh.6630@example.com,Canada,2020-07-18,Repeat,2680.83
CUST-06631,Liam Kumar,liam.kumar.6631@example.com,Singapore,2024-05-14,Repeat,1766.81
CUST-06632,Arjun Sharma,arjun.sharma.6632@example.com,Canada,2019-02-04,One-Time,825.13
CUST-06633,Vikram Gupta,vikram.gupta.6633@example.com,United States,2024-02-04,One-Time,874.47
CUST-06634,Liam Singh,liam.singh.6634@example.com,United States,2018-10-21,One-Time,1107.89
CUST-06635,Neha Gupta,neha.gupta.6635@example.com,Singapore,2019-05-23,Repeat,4748.52
CUST-06636,Rohan Nair,rohan.nair.6636@example.com,United Arab Emirates,2018-06-16,One-Time,1157.95
CUST-06637,Diya Mehta,diya.mehta.6637@example.com,Australia,2025-08-01,One-Time,387.18
CUST-06638,Sophia Reddy,sophia.reddy.6638@example.com,Germany,2021-01-18,High-Value,23595.95
CUST-06639,Kavya Garcia,kavya.garcia.6639@example.com,United States,2020-02-09,High-Value,13463.74
CUST-06640,Noah Singh,noah.singh.6640@example.com,Germany,2021-12-09,One-Time,775.55
CUST-06641,Diya Patel,diya.patel.6641@example.com,Australia,2023-06-07,Repeat,1976.93
CUST-06642,Rohan Reddy,rohan.reddy.6642@example.com,United Kingdom,2020-04-21,Repeat,4698.57
CUST-06643,Noah Garcia,noah.garcia.6643@example.com,Germany,2025-10-10,Inactive,304.40
CUST-06644,Diya Sharma,diya.sharma.6644@example.com,India,2018-03-15,High-Value,21902.01
CUST-06645,Diya Gupta,diya.gupta.6645@example.com,Australia,2021-08-17,High-Value,5482.78
CUST-06646,Neha Patel,,United Arab Emirates,2023-09-23,One-Time,921.22
CUST-06647,Aditi Nair,aditi.nair.6647@example.com,Singapore,2021-09-23,Repeat,6183.41
CUST-06648,Olivia Mehta,olivia.mehta.6648@example.com,United Arab Emirates,2024-07-19,Repeat,4877.30
CUST-06649,Olivia Singh,olivia.singh.6649@example.com,United Arab Emirates,2022-11-28,Repeat,6107.92
CUST-06650,Kavya Nair,kavya.nair.6650@example.com,United Kingdom,2019-06-24,Repeat,1310.49
CUST-06651,Arjun Mehta,arjun.mehta.6651@example.com,United States,2023-12-07,Repeat,3958.28
CUST-06652,Vikram Wilson,vikram.wilson.6652@example.com,India,2022-08-21,High-Value,9278.73
CUST-06653,Diya Wilson,diya.wilson.6653@example.com,Singapore,2024-11-23,High-Value,12664.11
CUST-06654,Noah Mehta,noah.mehta.6654@example.com,United Arab Emirates,2020-11-25,Repeat,7004.34
CUST-06655,Kavya Sharma,kavya.sharma.6655@example.com,India,2018-08-31,Repeat,6222.96
CUST-06656,Vikram Nair,vikram.nair.6656@example.com,Singapore,2020-07-19,High-Value,14568.30
CUST-06657,Liam Patel,liam.patel.6657@example.com,United Kingdom,2019-12-11,One-Time,1170.34
CUST-06658,Ishaan Gupta,ishaan.gupta.6658@example.com,Canada,2023-05-31,High-Value,19198.91
CUST-06659,Liam Reddy,liam.reddy.6659@example.com,India,2018-10-25,Repeat,4410.06
CUST-06660,Kavya Patel,kavya.patel.6660@example.com,United Kingdom,2021-05-11,High-Value,10744.20
CUST-06661,Emma Sharma,emma.sharma.6661@example.com,Australia,2021-11-24,Repeat,6710.51
CUST-06662,Diya Brown,diya.brown.6662@example.com,United Kingdom,2022-12-10,Inactive,388.12
CUST-06663,Olivia Sharma,olivia.sharma.6663@example.com,Singapore,2022-03-04,Repeat,3572.63
CUST-06664,Kavya Singh,kavya.singh.6664@example.com,Canada,2020-09-14,One-Time,769.04
CUST-06665,Olivia Kumar,olivia.kumar.6665@example.com,United Arab Emirates,2018-06-21,High-Value,15404.13
CUST-06666,Ishaan Nair,ishaan.nair.6666@example.com,Germany,2018-04-27,One-Time,119.76
CUST-06667,Ishaan Mehta,ishaan.mehta.6667@example.com,Australia,2020-10-08,Repeat,3445.28
CUST-06668,Emma Garcia,emma.garcia.6668@example.com,Germany,2025-02-17,Inactive,477.53
CUST-06669,Noah Sharma,noah.sharma.6669@example.com,Australia,2023-06-19,Repeat,4686.45
CUST-06670,Liam Singh,liam.singh.6670@example.com,United Kingdom,2018-10-17,Inactive,81.89
CUST-06671,Vikram Kumar,vikram.kumar.6671@example.com,United Arab Emirates,2024-03-29,One-Time,592.22
CUST-06672,Olivia Singh,olivia.singh.6672@example.com,Germany,2021-06-04,One-Time,191.92
CUST-06673,Sophia Brown,sophia.brown.6673@example.com,United Arab Emirates,2018-11-21,One-Time,1163.42
CUST-06674,Ishaan Miller,ishaan.miller.6674@example.com,United States,2024-12-31,One-Time,986.56
CUST-06675,Meera Brown,meera.brown.6675@example.com,Canada,2019-09-10,Repeat,4757.62
CUST-06676,Liam Nair,liam.nair.6676@example.com,India,2018-12-31,Repeat,5475.96
CUST-06677,Ishaan Miller,ishaan.miller.6677@example.com,United Arab Emirates,2025-09-25,One-Time,410.65
CUST-06678,Emma Garcia,emma.garcia.6678@example.com,United Arab Emirates,2021-01-07,One-Time,960.20
CUST-06679,Meera Kumar,meera.kumar.6679@example.com,Australia,2025-12-23,One-Time,442.16
CUST-06680,Rohan Mehta,rohan.mehta.6680@example.com,Canada,2018-09-26,Repeat,5968.04
CUST-06681,Neha Brown,neha.brown.6681@example.com,India,2019-04-21,Inactive,348.68
CUST-06682,Aditi Sharma,aditi.sharma.6682@example.com,United Arab Emirates,2022-08-09,High-Value,20273.89
CUST-06683,Noah Mehta,noah.mehta.6683@example.com,Australia,2021-02-20,Repeat,3713.52
CUST-06684,Noah Nair,noah.nair.6684@example.com,United Kingdom,2025-10-06,High-Value,11566.62
CUST-06685,Rohan Wilson,rohan.wilson.6685@example.com,Germany,2025-12-15,One-Time,1135.39
CUST-06686,Kavya Mehta,kavya.mehta.6686@example.com,Canada,2024-07-08,High-Value,21507.49
CUST-06687,Vikram Singh,vikram.singh.6687@example.com,India,2018-10-15,One-Time,1150.60
CUST-06688,Olivia Kumar,olivia.kumar.6688@example.com,Canada,2020-11-02,Inactive,77.80
CUST-06689,Olivia Kumar,olivia.kumar.6689@example.com,Singapore,2025-02-11,One-Time,508.24
CUST-06690,Meera Wilson,meera.wilson.6690@example.com,India,2022-02-08,Repeat,7344.43
CUST-06691,Aarav Patel,aarav.patel.6691@example.com,Canada,2018-05-07,Repeat,5950.23
CUST-06692,Aditi Sharma,aditi.sharma.6692@example.com,United Arab Emirates,2018-02-02,One-Time,342.24
CUST-06693,Rohan Gupta,rohan.gupta.6693@example.com,United Kingdom,2023-09-11,Repeat,4728.11
CUST-06694,Diya Sharma,diya.sharma.6694@example.com,Germany,2022-07-10,High-Value,22519.23
CUST-06695,Diya Wilson,diya.wilson.6695@example.com,Canada,2018-01-09,One-Time,367.29
CUST-06696,Liam Brown,liam.brown.6696@example.com,Canada,2019-08-01,One-Time,62.53
CUST-06697,Vikram Nair,vikram.nair.6697@example.com,United Arab Emirates,2018-08-08,One-Time,136.85
CUST-06698,Aarav Kumar,aarav.kumar.6698@example.com,United States,2020-02-21,Inactive,26.01
CUST-06699,Vikram Nair,vikram.nair.6699@example.com,Canada,2024-08-24,High-Value,18907.17
CUST-06700,Liam Wilson,liam.wilson.6700@example.com,India,2024-05-31,One-Time,647.12
CUST-06701,Arjun Garcia,arjun.garcia.6701@example.com,United States,2024-11-03,High-Value,13252.62
CUST-06702,Kavya Reddy,kavya.reddy.6702@example.com,Germany,2020-03-07,One-Time,45.34
CUST-06703,Diya Patel,diya.patel.6703@example.com,Canada,2020-09-06,Repeat,5235.57
CUST-06704,Liam Reddy,liam.reddy.6704@example.com,Germany,2019-11-18,Repeat,3247.28
CUST-06705,Rohan Nair,rohan.nair.6705@example.com,United Kingdom,2020-07-04,One-Time,676.98
CUST-06706,Kavya Kumar,kavya.kumar.6706@example.com,Canada,2024-05-25,Repeat,4577.61
CUST-06707,Liam Sharma,liam.sharma.6707@example.com,Australia,2025-12-16,Repeat,5513.04
CUST-06708,Liam Mehta,liam.mehta.6708@example.com,United Kingdom,2020-04-07,One-Time,823.48
CUST-06709,Kavya Reddy,kavya.reddy.6709@example.com,Germany,2018-07-20,High-Value,6527.62
CUST-06710,Meera Singh,meera.singh.6710@example.com,Canada,2019-11-07,Repeat,4462.13
CUST-06711,Olivia Mehta,olivia.mehta.6711@example.com,Australia,2021-10-07,One-Time,580.86
CUST-06712,Vikram Brown,vikram.brown.6712@example.com,Canada,2023-12-03,Repeat,5229.38
CUST-06713,Ishaan Brown,ishaan.brown.6713@example.com,Australia,2020-04-13,One-Time,522.12
CUST-06714,Sophia Sharma,sophia.sharma.6714@example.com,Germany,2024-06-21,One-Time,366.57
CUST-06715,Ishaan Reddy,ishaan.reddy.6715@example.com,Australia,2019-07-19,One-Time,637.65
CUST-06716,Arjun Nair,arjun.nair.6716@example.com,Canada,2018-10-26,One-Time,486.27
CUST-06717,Sophia Singh,sophia.singh.6717@example.com,Australia,2025-08-20,Inactive,146.55
CUST-06718,Diya Garcia,diya.garcia.6718@example.com,Australia,2020-12-21,Inactive,162.93
CUST-06719,Vikram Nair,vikram.nair.6719@example.com,India,2023-01-09,High-Value,9217.83
CUST-06720,Olivia Brown,olivia.brown.6720@example.com,Germany,2019-01-29,Repeat,1774.78
CUST-06721,Aditi Nair,aditi.nair.6721@example.com,Australia,2021-07-22,Repeat,4544.26
CUST-06722,Emma Wilson,emma.wilson.6722@example.com,Germany,2019-08-09,Repeat,7114.71
CUST-06723,Aarav Brown,aarav.brown.6723@example.com,India,2020-04-30,High-Value,24555.80
CUST-06724,Diya Kumar,diya.kumar.6724@example.com,United States,2023-08-23,Repeat,4560.47
CUST-06725,Noah Miller,noah.miller.6725@example.com,Singapore,2020-08-23,One-Time,1093.97
CUST-06726,Sophia Garcia,sophia.garcia.6726@example.com,United Arab Emirates,2020-10-12,One-Time,362.60
CUST-06727,Neha Garcia,neha.garcia.6727@example.com,United Arab Emirates,2020-05-15,Inactive,110.82
CUST-06728,Aditi Miller,aditi.miller.6728@example.com,Germany,2020-02-21,One-Time,170.89
CUST-06729,Meera Reddy,meera.reddy.6729@example.com,Germany,2025-02-18,Inactive,25.98
CUST-06730,Ishaan Gupta,ishaan.gupta.6730@example.com,Canada,2022-09-28,Repeat,3131.09
CUST-06731,Arjun Mehta,arjun.mehta.6731@example.com,Canada,2020-09-16,High-Value,11000.25
CUST-06732,Rohan Nair,rohan.nair.6732@example.com,Germany,2021-12-01,One-Time,182.22
CUST-06733,Rohan Wilson,rohan.wilson.6733@example.com,Germany,2023-01-28,Repeat,2806.13
CUST-06734,Liam Mehta,liam.mehta.6734@example.com,Australia,2020-11-30,One-Time,371.32
CUST-06735,Ishaan Patel,ishaan.patel.6735@example.com,Canada,2022-04-04,Repeat,4893.25
CUST-06736,Aarav Gupta,aarav.gupta.6736@example.com,United States,2024-11-08,One-Time,110.34
CUST-06737,Arjun Gupta,arjun.gupta.6737@example.com,United States,2025-02-06,Repeat,2710.40
CUST-06738,Neha Reddy,neha.reddy.6738@example.com,India,2025-05-03,Repeat,2199.48
CUST-06739,Ishaan Reddy,ishaan.reddy.6739@example.com,Canada,2022-12-16,High-Value,19960.86
CUST-06740,Kavya Patel,kavya.patel.6740@example.com,Canada,2024-09-16,Repeat,2531.88
CUST-06741,Kavya Gupta,kavya.gupta.6741@example.com,Germany,2023-05-13,One-Time,574.08
CUST-06742,Diya Reddy,diya.reddy.6742@example.com,United States,2022-07-23,Inactive,191.50
CUST-06743,Liam Gupta,liam.gupta.6743@example.com,Canada,2020-09-01,Repeat,6379.35
CUST-06744,Vikram Brown,vikram.brown.6744@example.com,United Kingdom,2024-11-05,Inactive,89.50
CUST-06745,Kavya Kumar,kavya.kumar.6745@example.com,Germany,2020-08-02,Repeat,7038.72
CUST-06746,Aditi Gupta,aditi.gupta.6746@example.com,United States,2024-02-07,One-Time,713.23
CUST-06747,Ishaan Gupta,ishaan.gupta.6747@example.com,United Kingdom,2023-12-28,Repeat,2528.16
CUST-06748,Rohan Miller,rohan.miller.6748@example.com,India,2024-02-14,Inactive,412.47
CUST-06749,Meera Kumar,meera.kumar.6749@example.com,India,2023-03-09,Repeat,4835.03
CUST-06750,Olivia Singh,olivia.singh.6750@example.com,United Arab Emirates,2018-02-05,Repeat,4178.80
CUST-06751,Noah Singh,noah.singh.6751@example.com,Singapore,2021-06-30,Repeat,1385.51
CUST-06752,Neha Reddy,neha.reddy.6752@example.com,United States,2024-11-04,One-Time,1003.77
CUST-06753,Rohan Brown,rohan.brown.6753@example.com,United States,2023-03-04,High-Value,10652.55
CUST-06754,Olivia Miller,olivia.miller.6754@example.com,Australia,2022-04-20,One-Time,55.55
CUST-06755,Noah Sharma,noah.sharma.6755@example.com,United Arab Emirates,2021-04-15,Repeat,4094.14
CUST-06756,Kavya Miller,kavya.miller.6756@example.com,Singapore,2018-06-24,Repeat,6795.12
CUST-06757,Rohan Patel,rohan.patel.6757@example.com,India,2019-12-22,Repeat,2511.95
CUST-06758,Emma Gupta,emma.gupta.6758@example.com,Singapore,2022-03-11,Inactive,306.51
CUST-06759,Neha Miller,neha.miller.6759@example.com,Australia,2024-04-13,Repeat,5537.15
CUST-06760,Aditi Patel,aditi.patel.6760@example.com,United Kingdom,2020-03-27,Inactive,443.90
CUST-06761,Diya Brown,diya.brown.6761@example.com,United Kingdom,2024-10-09,Repeat,3729.18
CUST-06762,Liam Miller,liam.miller.6762@example.com,United States,2021-12-25,One-Time,500.94
CUST-06763,Aditi Miller,aditi.miller.6763@example.com,Singapore,2022-11-15,Inactive,418.26
CUST-06764,Arjun Gupta,arjun.gupta.6764@example.com,Canada,2022-03-22,One-Time,1106.05
CUST-06765,Sophia Singh,sophia.singh.6765@example.com,United Arab Emirates,2021-06-13,Repeat,2703.77
CUST-06766,Liam Mehta,liam.mehta.6766@example.com,Germany,2021-01-21,Repeat,1885.10
CUST-06767,Meera Garcia,meera.garcia.6767@example.com,Canada,2020-06-11,High-Value,24050.04
CUST-06768,Aditi Reddy,aditi.reddy.6768@example.com,United Arab Emirates,2024-11-20,Repeat,1378.68
CUST-06769,Olivia Gupta,olivia.gupta.6769@example.com,Singapore,2019-02-02,High-Value,8021.02
CUST-06770,Aditi Garcia,aditi.garcia.6770@example.com,United Arab Emirates,2023-08-09,One-Time,1038.27
CUST-06771,Meera Miller,meera.miller.6771@example.com,Singapore,2020-12-13,Repeat,7241.01
CUST-06772,Olivia Gupta,olivia.gupta.6772@example.com,Australia,2022-08-20,Repeat,3882.15
CUST-06773,Vikram Sharma,vikram.sharma.6773@example.com,Canada,2023-01-09,High-Value,19222.07
CUST-06774,Vikram Patel,vikram.patel.6774@example.com,Germany,2018-08-19,One-Time,144.36
CUST-06775,Olivia Singh,olivia.singh.6775@example.com,United States,2025-08-01,One-Time,22.91
CUST-06776,Vikram Kumar,vikram.kumar.6776@example.com,United Kingdom,2024-12-10,One-Time,169.09
CUST-06777,Sophia Gupta,sophia.gupta.6777@example.com,India,2025-04-27,One-Time,1026.53
CUST-06778,Neha Mehta,neha.mehta.6778@example.com,Germany,2018-06-30,Inactive,179.82
CUST-06779,Meera Nair,meera.nair.6779@example.com,Canada,2024-11-07,Repeat,2715.70
CUST-06780,Vikram Brown,vikram.brown.6780@example.com,Canada,2025-02-27,Repeat,3093.46
CUST-06781,Ishaan Kumar,ishaan.kumar.6781@example.com,United Kingdom,2025-05-07,High-Value,17611.24
CUST-06782,Neha Mehta,neha.mehta.6782@example.com,Singapore,2019-09-05,High-Value,17746.58
CUST-06783,Arjun Mehta,arjun.mehta.6783@example.com,United Arab Emirates,2018-12-04,High-Value,12430.13
CUST-06784,Vikram Singh,vikram.singh.6784@example.com,Australia,2018-03-15,Repeat,1891.90
CUST-06785,Liam Singh,liam.singh.6785@example.com,United Kingdom,2019-08-10,High-Value,6160.21
CUST-06786,Aarav Nair,aarav.nair.6786@example.com,United States,2019-10-18,Inactive,7.42
CUST-06787,Neha Gupta,neha.gupta.6787@example.com,Canada,2022-11-02,Repeat,6223.22
CUST-06788,Neha Nair,neha.nair.6788@example.com,Canada,2019-01-09,Repeat,2072.23
CUST-06789,Meera Brown,meera.brown.6789@example.com,United Arab Emirates,2021-09-08,Repeat,3933.02
CUST-06790,Olivia Miller,olivia.miller.6790@example.com,United Kingdom,2024-10-18,High-Value,19833.60
CUST-06791,Ishaan Patel,ishaan.patel.6791@example.com,India,2023-10-19,One-Time,48.98
CUST-06792,Ishaan Brown,ishaan.brown.6792@example.com,United Kingdom,2022-04-08,Inactive,286.44
CUST-06793,Sophia Brown,sophia.brown.6793@example.com,United States,2018-11-16,Inactive,249.24
CUST-06794,Rohan Gupta,rohan.gupta.6794@example.com,Singapore,2018-03-10,Repeat,2152.66
CUST-06795,Sophia Patel,sophia.patel.6795@example.com,United Kingdom,2018-07-04,Repeat,1897.51
CUST-06796,Ishaan Patel,ishaan.patel.6796@example.com,United Kingdom,2024-08-29,Repeat,2227.87
CUST-06797,Diya Kumar,diya.kumar.6797@example.com,United Kingdom,2025-08-29,High-Value,21288.45
CUST-06798,Neha Miller,neha.miller.6798@example.com,Australia,2019-02-08,One-Time,633.80
CUST-06799,Ishaan Patel,ishaan.patel.6799@example.com,United Arab Emirates,2024-11-30,Repeat,7228.66
CUST-06800,Noah Reddy,noah.reddy.6800@example.com,Singapore,2025-08-22,One-Time,548.18
CUST-06801,Sophia Reddy,sophia.reddy.6801@example.com,United Kingdom,2025-03-03,Repeat,5163.16
CUST-06802,Noah Wilson,noah.wilson.6802@example.com,United States,2018-12-19,Repeat,2649.01
CUST-06803,Noah Miller,noah.miller.6803@example.com,Canada,2019-12-02,Repeat,1197.37
CUST-06804,Neha Wilson,neha.wilson.6804@example.com,United Arab Emirates,2020-05-29,Repeat,4124.74
CUST-06805,Rohan Patel,rohan.patel.6805@example.com,India,2025-08-02,High-Value,8383.29
CUST-06806,Emma Mehta,emma.mehta.6806@example.com,United Arab Emirates,2019-06-02,High-Value,16717.19
CUST-06807,Noah Gupta,noah.gupta.6807@example.com,India,2025-12-08,One-Time,259.78
CUST-06808,Rohan Brown,rohan.brown.6808@example.com,United Arab Emirates,2024-09-25,Repeat,4165.04
CUST-06809,Diya Singh,diya.singh.6809@example.com,India,2021-09-01,High-Value,22645.78
CUST-06810,Diya Mehta,diya.mehta.6810@example.com,United Arab Emirates,2019-01-16,One-Time,639.09
CUST-06811,Rohan Miller,rohan.miller.6811@example.com,India,2025-12-07,Inactive,229.19
CUST-06812,Sophia Mehta,sophia.mehta.6812@example.com,Canada,2019-03-20,High-Value,18654.45
CUST-06813,Aarav Patel,aarav.patel.6813@example.com,United Arab Emirates,2021-08-25,One-Time,623.53
CUST-06814,Aarav Miller,aarav.miller.6814@example.com,United Kingdom,2019-10-23,One-Time,938.29
CUST-06815,Vikram Wilson,vikram.wilson.6815@example.com,Germany,2022-06-13,Repeat,1357.41
CUST-06816,Vikram Nair,vikram.nair.6816@example.com,United Arab Emirates,2023-11-10,Repeat,2606.99
CUST-06817,Meera Singh,meera.singh.6817@example.com,Germany,2025-08-22,Repeat,1546.94
CUST-06818,Emma Singh,emma.singh.6818@example.com,Germany,2021-08-01,Inactive,425.76
CUST-06819,Olivia Kumar,olivia.kumar.6819@example.com,India,2021-05-15,Repeat,4924.40
CUST-06820,Vikram Kumar,vikram.kumar.6820@example.com,India,2025-06-07,Repeat,1261.67
CUST-06821,Arjun Wilson,arjun.wilson.6821@example.com,United Kingdom,2020-05-27,One-Time,943.98
CUST-06822,Olivia Nair,olivia.nair.6822@example.com,India,2019-02-02,One-Time,777.83
CUST-06823,Aarav Nair,aarav.nair.6823@example.com,United Arab Emirates,2020-10-09,Repeat,5923.15
CUST-06824,Aditi Brown,aditi.brown.6824@example.com,United States,2025-06-06,Repeat,3668.28
CUST-06825,Aarav Mehta,aarav.mehta.6825@example.com,Australia,2023-10-05,Repeat,1000.77
CUST-06826,Noah Reddy,noah.reddy.6826@example.com,United Kingdom,2019-05-07,One-Time,903.98
CUST-06827,Arjun Sharma,arjun.sharma.6827@example.com,United Kingdom,2021-05-30,One-Time,522.54
CUST-06828,Sophia Reddy,sophia.reddy.6828@example.com,United States,2020-07-13,Inactive,28.74
CUST-06829,Kavya Sharma,kavya.sharma.6829@example.com,Germany,2020-10-23,One-Time,452.41
CUST-06830,Arjun Garcia,arjun.garcia.6830@example.com,United Kingdom,2022-11-01,One-Time,898.71
CUST-06831,Liam Gupta,liam.gupta.6831@example.com,Singapore,2021-11-09,Inactive,104.08
CUST-06832,Aditi Reddy,aditi.reddy.6832@example.com,India,2021-06-26,High-Value,21210.84
CUST-06833,Rohan Mehta,rohan.mehta.6833@example.com,United Arab Emirates,2022-01-24,Repeat,2864.64
CUST-06834,Aarav Mehta,aarav.mehta.6834@example.com,United States,2025-07-30,Repeat,7475.95
CUST-06835,Kavya Nair,kavya.nair.6835@example.com,United States,2021-01-07,Repeat,1419.40
CUST-06836,Sophia Miller,sophia.miller.6836@example.com,Germany,2018-02-10,One-Time,913.62
CUST-06837,Kavya Nair,kavya.nair.6837@example.com,Singapore,2019-01-26,High-Value,13952.13
CUST-06838,Meera Gupta,meera.gupta.6838@example.com,Canada,2021-04-17,Repeat,6920.84
CUST-06839,Liam Wilson,liam.wilson.6839@example.com,United States,2021-10-25,One-Time,957.82
CUST-06840,Vikram Reddy,vikram.reddy.6840@example.com,Singapore,2018-01-07,High-Value,12498.83
CUST-06841,Vikram Mehta,vikram.mehta.6841@example.com,United Arab Emirates,2024-03-26,One-Time,1138.51
CUST-06842,Kavya Brown,kavya.brown.6842@example.com,United Kingdom,2025-08-13,Repeat,4018.95
CUST-06843,Diya Singh,diya.singh.6843@example.com,United Arab Emirates,2023-04-25,Repeat,2186.75
CUST-06844,Arjun Patel,arjun.patel.6844@example.com,United Arab Emirates,2023-11-12,One-Time,1003.55
CUST-06845,Rohan Nair,rohan.nair.6845@example.com,Singapore,2025-03-07,One-Time,259.32
CUST-06846,Ishaan Kumar,ishaan.kumar.6846@example.com,United Kingdom,2020-04-09,One-Time,498.69
CUST-06847,Liam Mehta,liam.mehta.6847@example.com,Germany,2025-04-01,Inactive,293.19
CUST-06848,Neha Reddy,neha.reddy.6848@example.com,United States,2019-07-27,Inactive,183.52
CUST-06849,Rohan Patel,rohan.patel.6849@example.com,Australia,2025-05-22,Repeat,1388.40
CUST-06850,Kavya Sharma,kavya.sharma.6850@example.com,United States,2019-11-04,One-Time,765.90
CUST-06851,Ishaan Reddy,ishaan.reddy.6851@example.com,United Kingdom,2018-07-17,Inactive,289.99
CUST-06852,Meera Sharma,meera.sharma.6852@example.com,India,2024-09-10,One-Time,466.31
CUST-06853,Ishaan Wilson,ishaan.wilson.6853@example.com,Australia,2022-04-22,One-Time,757.42
CUST-06854,Ishaan Sharma,ishaan.sharma.6854@example.com,Germany,2021-01-07,One-Time,1090.34
CUST-06855,Meera Singh,meera.singh.6855@example.com,Canada,2023-04-04,One-Time,308.94
CUST-06856,Rohan Gupta,rohan.gupta.6856@example.com,Australia,2025-09-02,One-Time,809.27
CUST-06857,Kavya Mehta,kavya.mehta.6857@example.com,United Arab Emirates,2024-09-05,Repeat,4093.39
CUST-06858,Diya Singh,diya.singh.6858@example.com,Canada,2025-08-20,Repeat,1779.77
CUST-06859,Meera Nair,meera.nair.6859@example.com,Singapore,2019-05-23,High-Value,6678.53
CUST-06860,Neha Sharma,neha.sharma.6860@example.com,India,2023-08-17,One-Time,887.19
CUST-06861,Aarav Brown,aarav.brown.6861@example.com,United Kingdom,2018-02-20,Inactive,36.51
CUST-06862,Ishaan Nair,ishaan.nair.6862@example.com,United Arab Emirates,2022-01-01,Inactive,23.13
CUST-06863,Neha Mehta,neha.mehta.6863@example.com,United Kingdom,2025-09-13,Inactive,375.80
CUST-06864,Olivia Brown,olivia.brown.6864@example.com,United Kingdom,2025-11-16,Repeat,4281.18
CUST-06865,Kavya Brown,kavya.brown.6865@example.com,India,2025-07-29,One-Time,227.10
CUST-06866,Emma Gupta,emma.gupta.6866@example.com,Australia,2020-09-09,Inactive,0.50
CUST-06867,Aditi Singh,aditi.singh.6867@example.com,United States,2025-10-14,One-Time,763.33
CUST-06868,Noah Wilson,noah.wilson.6868@example.com,United Kingdom,2024-10-31,Repeat,5399.75
CUST-06869,Kavya Garcia,kavya.garcia.6869@example.com,Canada,2019-04-11,Repeat,3688.45
CUST-06870,Kavya Sharma,kavya.sharma.6870@example.com,United States,2022-03-06,One-Time,776.43
CUST-06871,Liam Nair,liam.nair.6871@example.com,Canada,2019-09-25,Repeat,2183.50
CUST-06872,Arjun Mehta,arjun.mehta.6872@example.com,United Kingdom,2018-10-20,High-Value,13064.86
CUST-06873,Aarav Gupta,aarav.gupta.6873@example.com,Germany,2019-11-30,Repeat,6597.65
CUST-06874,Noah Patel,noah.patel.6874@example.com,United Arab Emirates,2020-05-23,One-Time,888.46
CUST-06875,Rohan Patel,rohan.patel.6875@example.com,United Arab Emirates,2025-07-29,Inactive,44.18
CUST-06876,Sophia Wilson,sophia.wilson.6876@example.com,Australia,2021-04-19,Repeat,3895.93
CUST-06877,Vikram Gupta,vikram.gupta.6877@example.com,Australia,2019-04-24,Inactive,491.68
CUST-06878,Aditi Sharma,aditi.sharma.6878@example.com,India,2023-04-02,Inactive,381.28
CUST-06879,Liam Garcia,liam.garcia.6879@example.com,United Kingdom,2022-08-18,Inactive,249.93
CUST-06880,Noah Garcia,noah.garcia.6880@example.com,United Arab Emirates,2024-02-21,Repeat,3701.00
CUST-06881,Olivia Reddy,olivia.reddy.6881@example.com,Canada,2024-02-17,One-Time,1030.32
CUST-06882,Liam Kumar,liam.kumar.6882@example.com,India,2025-10-28,One-Time,155.91
CUST-06883,Meera Reddy,meera.reddy.6883@example.com,Germany,2018-06-29,High-Value,19381.71
CUST-06884,Kavya Gupta,kavya.gupta.6884@example.com,Germany,2022-07-04,Repeat,2026.41
CUST-06885,Emma Wilson,emma.wilson.6885@example.com,Germany,2021-10-08,One-Time,625.79
CUST-06886,Neha Brown,neha.brown.6886@example.com,Singapore,2018-12-24,Repeat,6501.02
CUST-06887,Noah Miller,noah.miller.6887@example.com,United Arab Emirates,2022-09-14,Inactive,135.56
CUST-06888,Arjun Gupta,arjun.gupta.6888@example.com,United Arab Emirates,2020-05-31,Inactive,128.51
CUST-06889,Diya Miller,diya.miller.6889@example.com,India,2023-01-14,One-Time,878.17
CUST-06890,Sophia Singh,sophia.singh.6890@example.com,United Kingdom,2022-09-02,High-Value,19370.22
CUST-06891,Arjun Kumar,arjun.kumar.6891@example.com,Germany,2021-10-06,Repeat,4850.81
CUST-06892,Kavya Wilson,kavya.wilson.6892@example.com,Australia,2024-11-30,One-Time,267.72
CUST-06893,Liam Nair,liam.nair.6893@example.com,United Arab Emirates,2024-06-20,Inactive,206.99
CUST-06894,Noah Sharma,noah.sharma.6894@example.com,Australia,2022-11-13,Repeat,3169.35
CUST-06895,Aditi Mehta,aditi.mehta.6895@example.com,United States,2021-03-05,One-Time,44.23
CUST-06896,Liam Mehta,liam.mehta.6896@example.com,Singapore,2025-02-03,High-Value,16943.56
CUST-06897,Kavya Kumar,kavya.kumar.6897@example.com,Canada,2025-07-09,High-Value,5144.04
CUST-06898,Neha Singh,neha.singh.6898@example.com,United States,2019-08-18,Repeat,3585.20
CUST-06899,Liam Wilson,liam.wilson.6899@example.com,United Arab Emirates,2025-12-12,Inactive,241.42
CUST-06900,Aarav Mehta,aarav.mehta.6900@example.com,United Arab Emirates,2024-12-24,Repeat,6823.50
CUST-06901,Noah Mehta,noah.mehta.6901@example.com,United Arab Emirates,2020-09-01,One-Time,811.74
CUST-06902,Meera Wilson,meera.wilson.6902@example.com,India,2023-10-01,One-Time,556.63
CUST-06903,Arjun Reddy,arjun.reddy.6903@example.com,Canada,2025-09-20,Repeat,3450.44
CUST-06904,Vikram Reddy,vikram.reddy.6904@example.com,United Arab Emirates,2021-06-20,One-Time,1157.52
CUST-06905,Liam Mehta,liam.mehta.6905@example.com,Australia,2024-11-27,Repeat,3843.23
CUST-06906,Olivia Kumar,olivia.kumar.6906@example.com,United Arab Emirates,2023-03-25,One-Time,221.23
CUST-06907,Olivia Sharma,olivia.sharma.6907@example.com,United Arab Emirates,2023-12-15,Repeat,5085.56
CUST-06908,Emma Brown,emma.brown.6908@example.com,India,2022-11-08,Repeat,2595.52
CUST-06909,Rohan Wilson,rohan.wilson.6909@example.com,Germany,2018-11-15,One-Time,293.20
CUST-06910,Neha Wilson,neha.wilson.6910@example.com,Singapore,2025-12-12,One-Time,1059.04
CUST-06911,Emma Wilson,emma.wilson.6911@example.com,Germany,2018-07-18,One-Time,614.88
CUST-06912,Meera Sharma,meera.sharma.6912@example.com,Canada,2023-10-26,One-Time,438.31
CUST-06913,Aditi Mehta,aditi.mehta.6913@example.com,United Arab Emirates,2018-09-26,High-Value,19511.22
CUST-06914,Kavya Patel,kavya.patel.6914@example.com,Germany,2023-09-23,High-Value,10309.03
CUST-06915,Rohan Wilson,rohan.wilson.6915@example.com,United States,2022-10-09,One-Time,1102.12
CUST-06916,Olivia Singh,olivia.singh.6916@example.com,United Arab Emirates,2022-08-26,High-Value,17255.31
CUST-06917,Arjun Nair,arjun.nair.6917@example.com,Australia,2025-03-21,Inactive,492.25
CUST-06918,Meera Miller,meera.miller.6918@example.com,United States,2025-03-20,Inactive,437.92
CUST-06919,Emma Garcia,emma.garcia.6919@example.com,Australia,2019-08-29,High-Value,23516.57
CUST-06920,Diya Singh,diya.singh.6920@example.com,Singapore,2021-12-26,One-Time,1038.73
CUST-06921,Meera Reddy,meera.reddy.6921@example.com,Australia,2021-01-12,Repeat,4259.39
CUST-06922,Emma Miller,emma.miller.6922@example.com,Singapore,2021-03-30,Repeat,4680.05
CUST-06923,Diya Nair,diya.nair.6923@example.com,Singapore,2021-09-21,Repeat,6390.30
CUST-06924,Ishaan Nair,ishaan.nair.6924@example.com,Canada,2018-11-30,One-Time,1146.88
CUST-06925,Rohan Kumar,rohan.kumar.6925@example.com,Singapore,2020-09-26,Repeat,3159.57
CUST-06926,Meera Miller,meera.miller.6926@example.com,United Kingdom,2018-03-05,One-Time,865.16
CUST-06927,Aarav Singh,aarav.singh.6927@example.com,United States,2023-02-07,Repeat,1598.03
CUST-06928,Diya Singh,diya.singh.6928@example.com,United States,2018-02-14,High-Value,13298.51
CUST-06929,Noah Patel,noah.patel.6929@example.com,Singapore,2021-03-08,Inactive,142.60
CUST-06930,Sophia Nair,sophia.nair.6930@example.com,United Arab Emirates,2019-08-03,One-Time,271.70
CUST-06931,Emma Garcia,emma.garcia.6931@example.com,Canada,2023-10-09,Repeat,3597.72
CUST-06932,Emma Reddy,emma.reddy.6932@example.com,India,2024-05-30,Repeat,4943.95
CUST-06933,Neha Mehta,neha.mehta.6933@example.com,Germany,2019-01-07,Inactive,229.49
CUST-06934,Kavya Reddy,kavya.reddy.6934@example.com,Singapore,2025-11-11,One-Time,832.50
CUST-06935,Liam Wilson,liam.wilson.6935@example.com,United Arab Emirates,2019-08-29,One-Time,906.15
CUST-06936,Liam Singh,liam.singh.6936@example.com,United States,2021-07-14,Repeat,2819.88
CUST-06937,Aarav Garcia,aarav.garcia.6937@example.com,Germany,2021-04-23,One-Time,1040.35
CUST-06938,Diya Brown,diya.brown.6938@example.com,Canada,2019-03-30,Repeat,2737.68
CUST-06939,Sophia Nair,sophia.nair.6939@example.com,Germany,2024-10-30,Repeat,7381.44
CUST-06940,Noah Miller,noah.miller.6940@example.com,United Kingdom,2020-07-20,Repeat,5652.09
CUST-06941,Diya Garcia,diya.garcia.6941@example.com,United Arab Emirates,2021-09-23,One-Time,1179.49
CUST-06942,Aditi Sharma,aditi.sharma.6942@example.com,Singapore,2024-07-17,One-Time,319.62
CUST-06943,Kavya Kumar,kavya.kumar.1245@example.com,United Arab Emirates,2021-10-06,One-Time,471.16
CUST-06943,Noah Miller,noah.miller.6943@example.com,Germany,2019-01-29,Repeat,5019.78
CUST-06944,Kavya Mehta,kavya.mehta.6944@example.com,Germany,2022-08-12,Repeat,1707.30
CUST-06945,Noah Mehta,noah.mehta.6945@example.com,United States,2020-07-22,Repeat,2204.46
CUST-06946,Sophia Mehta,sophia.mehta.6946@example.com,Singapore,2025-07-16,Repeat,6906.13
CUST-06947,Vikram Singh,vikram.singh.6947@example.com,India,2018-04-17,Repeat,2899.64
CUST-06948,Kavya Miller,kavya.miller.6948@example.com,Australia,2022-06-06,Repeat,4387.22
CUST-06949,Noah Kumar,noah.kumar.6949@example.com,Australia,2018-01-08,Repeat,3118.41
CUST-06950,Kavya Reddy,kavya.reddy.6950@example.com,Singapore,2020-12-01,One-Time,731.34
CUST-06951,Meera Patel,,United Kingdom,2018-08-07,Inactive,319.97
CUST-06952,Liam Singh,liam.singh.6952@example.com,United Kingdom,2023-10-24,One-Time,850.62
CUST-06953,Olivia Sharma,olivia.sharma.6953@example.com,Canada,2024-02-27,One-Time,1192.10
CUST-06954,Rohan Wilson,rohan.wilson.6954@example.com,United Kingdom,2018-07-26,Repeat,7289.77
CUST-06955,Noah Kumar,noah.kumar.6955@example.com,Australia,2019-03-30,Inactive,393.31
CUST-06956,Aarav Sharma,,Australia,2025-08-03,One-Time,1138.67
CUST-06957,Rohan Brown,rohan.brown.6957@example.com,United States,2024-06-29,Repeat,2532.86
CUST-06958,Sophia Brown,sophia.brown.6958@example.com,Singapore,2018-09-20,One-Time,989.60
CUST-06959,Diya Reddy,diya.reddy.6959@example.com,United Arab Emirates,2024-05-30,Repeat,1259.91
CUST-06960,Olivia Gupta,olivia.gupta.6960@example.com,Germany,2023-03-05,High-Value,11892.55
CUST-06961,Noah Brown,noah.brown.6961@example.com,Canada,2021-08-08,High-Value,6281.12
CUST-06962,Aditi Wilson,aditi.wilson.6962@example.com,United Arab Emirates,2018-03-14,One-Time,50.60
CUST-06963,Arjun Garcia,arjun.garcia.6963@example.com,Canada,2019-01-21,Repeat,4153.91
CUST-06964,Emma Gupta,emma.gupta.6964@example.com,United States,2020-09-21,Repeat,1016.08
CUST-06965,Aarav Mehta,aarav.mehta.6965@example.com,India,2018-02-10,Repeat,7287.04
CUST-06966,Aarav Patel,aarav.patel.6966@example.com,United Arab Emirates,2025-08-30,Inactive,60.24
CUST-06967,Aditi Kumar,aditi.kumar.6967@example.com,Germany,2021-05-26,Inactive,153.41
CUST-06968,Diya Reddy,diya.reddy.6968@example.com,Canada,2024-06-05,One-Time,1026.50
CUST-06969,Olivia Singh,olivia.singh.6969@example.com,United Kingdom,2019-05-16,One-Time,63.94
CUST-06970,Rohan Reddy,rohan.reddy.6970@example.com,Germany,2021-06-07,One-Time,54.61
CUST-06971,Noah Brown,noah.brown.6971@example.com,Australia,2020-11-23,High-Value,24374.58
CUST-06972,Aditi Sharma,aditi.sharma.6972@example.com,United Kingdom,2023-02-11,High-Value,17856.50
CUST-06973,Emma Wilson,emma.wilson.6973@example.com,Australia,2019-06-09,One-Time,504.82
CUST-06974,Ishaan Nair,ishaan.nair.6974@example.com,Australia,2025-03-12,One-Time,702.50
CUST-06975,Emma Garcia,emma.garcia.6975@example.com,United Kingdom,2024-06-29,High-Value,8082.35
CUST-06976,Sophia Mehta,sophia.mehta.6976@example.com,Singapore,2025-07-05,Repeat,3370.61
CUST-06977,Neha Gupta,neha.gupta.6977@example.com,Australia,2023-12-10,Repeat,6441.54
CUST-06978,Ishaan Miller,ishaan.miller.6978@example.com,Canada,2025-01-18,One-Time,172.35
CUST-06979,Arjun Gupta,arjun.gupta.6979@example.com,United States,2023-09-14,High-Value,22548.55
CUST-06980,Aditi Patel,aditi.patel.6980@example.com,India,2018-01-30,One-Time,79.74
CUST-06981,Emma Kumar,emma.kumar.6981@example.com,Canada,2018-02-23,Inactive,358.40
CUST-06982,Diya Sharma,diya.sharma.6982@example.com,United Kingdom,2025-01-16,Repeat,3205.16
CUST-06983,Arjun Garcia,arjun.garcia.6983@example.com,Singapore,2018-12-15,Repeat,928.11
CUST-06984,Rohan Gupta,rohan.gupta.6984@example.com,India,2021-01-03,One-Time,195.53
CUST-06985,Vikram Singh,vikram.singh.6985@example.com,United Arab Emirates,2023-04-25,Repeat,7117.56
CUST-06986,Noah Garcia,noah.garcia.6986@example.com,Germany,2024-02-07,High-Value,20619.71
CUST-06987,Sophia Singh,sophia.singh.6987@example.com,Australia,2024-07-22,Repeat,6983.67
CUST-06988,Aditi Brown,aditi.brown.6988@example.com,India,2024-09-11,Repeat,6909.34
CUST-06989,Olivia Sharma,olivia.sharma.6989@example.com,United States,2023-09-13,Repeat,5685.72
CUST-06990,Vikram Singh,vikram.singh.6990@example.com,United Arab Emirates,2020-02-25,Inactive,41.85
CUST-06991,Diya Garcia,diya.garcia.6991@example.com,Australia,2020-08-11,One-Time,1078.32
CUST-06992,Emma Patel,emma.patel.6992@example.com,Singapore,2025-10-27,Repeat,4453.56
CUST-06993,Aditi Wilson,aditi.wilson.6993@example.com,Canada,2024-04-24,Inactive,294.87
CUST-06994,Sophia Miller,sophia.miller.6994@example.com,Canada,2021-11-11,Repeat,1303.28
CUST-06995,Aarav Wilson,aarav.wilson.6995@example.com,India,2018-02-06,Inactive,371.11
CUST-06996,Olivia Reddy,olivia.reddy.6996@example.com,United Kingdom,2025-07-04,Repeat,4791.40
CUST-06997,Aarav Singh,aarav.singh.6997@example.com,United Arab Emirates,2023-09-09,Inactive,149.87
CUST-06998,Arjun Patel,arjun.patel.6998@example.com,Singapore,2023-10-28,One-Time,672.18
CUST-06999,Ishaan Wilson,ishaan.wilson.6999@example.com,Germany,2023-08-15,One-Time,567.51
CUST-07000,Sophia Nair,sophia.nair.7000@example.com,Germany,2023-11-27,Repeat,2305.27
CUST-07001,Ishaan Sharma,ishaan.sharma.7001@example.com,United Kingdom,2020-10-11,Repeat,3905.61
CUST-07002,Meera Gupta,meera.gupta.7002@example.com,Singapore,2018-04-08,Repeat,4659.58
CUST-07003,Diya Patel,diya.patel.7003@example.com,Singapore,2018-02-25,One-Time,1189.00
CUST-07004,Aditi Brown,aditi.brown.7004@example.com,Germany,2021-04-21,Repeat,3795.68
CUST-07005,Arjun Wilson,arjun.wilson.7005@example.com,Australia,2024-12-03,Inactive,154.73
CUST-07006,Vikram Reddy,vikram.reddy.7006@example.com,United Kingdom,2025-06-27,One-Time,476.04
CUST-07007,Arjun Kumar,arjun.kumar.7007@example.com,United Arab Emirates,2021-09-12,Repeat,6231.94
CUST-07008,Vikram Patel,vikram.patel.7008@example.com,United Arab Emirates,2019-08-27,One-Time,1079.05
CUST-07009,Neha Wilson,neha.wilson.7009@example.com,United States,2021-05-31,Repeat,6855.55
CUST-07010,Rohan Mehta,rohan.mehta.7010@example.com,United Arab Emirates,2020-08-27,One-Time,411.77
CUST-07011,Neha Singh,neha.singh.7011@example.com,Australia,2025-07-31,One-Time,1196.24
CUST-07012,Neha Kumar,neha.kumar.7012@example.com,Canada,2021-10-25,Repeat,3322.00
CUST-07013,Ishaan Miller,ishaan.miller.7013@example.com,Canada,2019-10-30,Repeat,1975.11
CUST-07014,Arjun Wilson,arjun.wilson.7014@example.com,Canada,2020-08-03,High-Value,8581.80
CUST-07015,Olivia Kumar,olivia.kumar.7015@example.com,United Kingdom,2018-08-02,One-Time,410.00
CUST-07016,Olivia Garcia,olivia.garcia.7016@example.com,United Arab Emirates,2024-10-06,Inactive,262.05
CUST-07017,Olivia Miller,olivia.miller.7017@example.com,United Arab Emirates,2020-06-30,Repeat,5188.73
CUST-07018,Liam Nair,liam.nair.7018@example.com,United Kingdom,2023-10-25,Repeat,3078.34
CUST-07019,Aditi Brown,aditi.brown.7019@example.com,United Kingdom,2025-09-21,Inactive,134.91
CUST-07020,Rohan Nair,rohan.nair.7020@example.com,United Kingdom,2019-12-02,Repeat,5597.34
CUST-07021,Sophia Patel,sophia.patel.7021@example.com,Canada,2019-01-12,Repeat,3277.36
CUST-07022,Aditi Nair,aditi.nair.7022@example.com,India,2018-03-17,One-Time,1167.12
CUST-07023,Neha Kumar,neha.kumar.7023@example.com,Canada,2021-02-05,One-Time,304.46
CUST-07024,Emma Gupta,emma.gupta.7024@example.com,Singapore,2021-04-02,Repeat,2633.93
CUST-07025,Noah Garcia,noah.garcia.7025@example.com,India,2018-03-17,One-Time,648.11
CUST-07026,Diya Garcia,diya.garcia.7026@example.com,United Arab Emirates,2024-10-01,One-Time,737.41
CUST-07027,Neha Garcia,neha.garcia.7027@example.com,United Arab Emirates,2024-09-20,Repeat,2033.36
CUST-07028,Sophia Sharma,sophia.sharma.7028@example.com,United Kingdom,2019-09-12,Repeat,6351.38
CUST-07029,Diya Nair,diya.nair.7029@example.com,United Arab Emirates,2021-07-02,High-Value,6808.44
CUST-07030,Neha Garcia,neha.garcia.7030@example.com,Australia,2021-10-30,Repeat,6098.23
CUST-07031,Diya Reddy,diya.reddy.7031@example.com,Canada,2020-06-05,High-Value,9175.33
CUST-07032,Ishaan Reddy,ishaan.reddy.7032@example.com,United Kingdom,2020-03-31,Repeat,3865.38
CUST-07033,Diya Wilson,diya.wilson.7033@example.com,United States,2024-02-04,One-Time,851.58
CUST-07034,Rohan Wilson,rohan.wilson.7034@example.com,United Kingdom,2025-03-01,Inactive,308.00
CUST-07035,Aditi Wilson,aditi.wilson.7035@example.com,Canada,2018-03-20,Repeat,6176.19
CUST-07036,Noah Nair,noah.nair.7036@example.com,Germany,2019-01-05,One-Time,51.56
CUST-07037,Kavya Sharma,kavya.sharma.7037@example.com,United Arab Emirates,2021-05-17,One-Time,127.02
CUST-07038,Meera Patel,meera.patel.7038@example.com,India,2020-09-09,Repeat,4970.31
CUST-07039,Arjun Sharma,arjun.sharma.7039@example.com,India,2025-05-01,Repeat,2944.33
CUST-07040,Vikram Nair,vikram.nair.7040@example.com,United Kingdom,2018-03-31,Repeat,3444.22
CUST-07041,Olivia Reddy,olivia.reddy.7041@example.com,United Arab Emirates,2023-07-07,One-Time,447.28
CUST-07042,Sophia Patel,sophia.patel.7042@example.com,Germany,2019-12-07,Repeat,6397.22
CUST-07043,Diya Patel,diya.patel.7043@example.com,Australia,2025-01-05,High-Value,18210.77
CUST-07044,Meera Mehta,meera.mehta.7044@example.com,United Arab Emirates,2023-02-01,Inactive,390.52
CUST-07045,Rohan Singh,rohan.singh.7045@example.com,United States,2025-05-18,High-Value,17961.04
CUST-07046,Vikram Sharma,vikram.sharma.7046@example.com,Canada,2025-07-07,One-Time,884.92
CUST-07047,Sophia Nair,sophia.nair.7047@example.com,Australia,2018-05-21,High-Value,9952.67
CUST-07048,Liam Gupta,liam.gupta.7048@example.com,Canada,2018-03-25,Repeat,2120.58
CUST-07049,Neha Garcia,neha.garcia.7049@example.com,Germany,2020-10-29,Inactive,33.83
CUST-07050,Vikram Garcia,vikram.garcia.7050@example.com,United Kingdom,2024-04-01,Repeat,4434.89
CUST-07051,Ishaan Miller,ishaan.miller.7051@example.com,Germany,2024-10-08,Repeat,7327.46
CUST-07052,Meera Patel,meera.patel.7052@example.com,India,2022-07-18,High-Value,16530.01
CUST-07053,Olivia Kumar,olivia.kumar.7053@example.com,India,2022-03-03,High-Value,23412.20
CUST-07054,Diya Miller,diya.miller.7054@example.com,United Arab Emirates,2019-04-12,One-Time,959.73
CUST-07055,Ishaan Reddy,ishaan.reddy.7055@example.com,Singapore,2020-08-22,Repeat,6055.05
CUST-07056,Vikram Sharma,vikram.sharma.7056@example.com,Canada,2021-01-12,Repeat,5908.77
CUST-07057,Arjun Reddy,arjun.reddy.7057@example.com,United States,2023-09-08,Repeat,2338.34
CUST-07058,Ishaan Miller,ishaan.miller.7058@example.com,Singapore,2021-07-23,Repeat,3019.51
CUST-07059,Noah Reddy,noah.reddy.7059@example.com,Canada,2019-08-17,One-Time,201.48
CUST-07060,Vikram Gupta,vikram.gupta.7060@example.com,India,2025-01-01,One-Time,127.61
CUST-07061,Diya Garcia,diya.garcia.7061@example.com,United Arab Emirates,2019-03-19,Repeat,4629.37
CUST-07062,Sophia Reddy,sophia.reddy.7062@example.com,Canada,2022-11-11,One-Time,111.50
CUST-07063,Aditi Garcia,aditi.garcia.7063@example.com,Germany,2025-03-16,Repeat,1585.83
CUST-07064,Noah Garcia,noah.garcia.7064@example.com,United States,2023-12-02,Repeat,5317.14
CUST-07065,Emma Reddy,emma.reddy.7065@example.com,Australia,2025-09-12,One-Time,509.46
CUST-07066,Sophia Brown,sophia.brown.7066@example.com,United States,2019-02-02,One-Time,1113.99
CUST-07067,Ishaan Mehta,ishaan.mehta.7067@example.com,India,2022-04-01,One-Time,989.76
CUST-07068,Meera Nair,meera.nair.7068@example.com,United Kingdom,2023-01-25,High-Value,7172.43
CUST-07069,Rohan Wilson,rohan.wilson.7069@example.com,United Arab Emirates,2019-03-03,One-Time,171.04
CUST-07070,Noah Nair,noah.nair.7070@example.com,Singapore,2023-02-16,High-Value,16701.32
CUST-07071,Olivia Reddy,olivia.reddy.7071@example.com,Australia,2022-08-21,One-Time,447.04
CUST-07072,Arjun Garcia,arjun.garcia.7072@example.com,United States,2019-12-22,Inactive,143.85
CUST-07073,Rohan Nair,rohan.nair.7073@example.com,Germany,2022-05-17,One-Time,1181.33
CUST-07074,Diya Wilson,diya.wilson.7074@example.com,India,2018-04-07,Repeat,7221.13
CUST-07075,Ishaan Patel,ishaan.patel.7075@example.com,Australia,2018-11-21,High-Value,15198.53
CUST-07076,Sophia Mehta,sophia.mehta.7076@example.com,United Arab Emirates,2020-09-23,High-Value,23556.79
CUST-07077,Rohan Garcia,rohan.garcia.7077@example.com,United States,2025-12-12,One-Time,346.25
CUST-07078,Kavya Kumar,kavya.kumar.7078@example.com,India,2025-12-30,Repeat,4944.44
CUST-07079,Ishaan Kumar,ishaan.kumar.7079@example.com,Singapore,2024-07-27,Repeat,6945.45
CUST-07080,Sophia Singh,sophia.singh.7080@example.com,United States,2022-12-19,Repeat,5987.62
CUST-07081,Liam Mehta,liam.mehta.7081@example.com,Canada,2023-11-14,Repeat,3722.08
CUST-07082,Noah Miller,noah.miller.7082@example.com,Germany,2021-05-29,High-Value,11159.77
CUST-07083,Ishaan Patel,ishaan.patel.7083@example.com,United Kingdom,2022-07-05,Repeat,4895.65
CUST-07084,Vikram Brown,vikram.brown.7084@example.com,Canada,2019-03-12,High-Value,8252.61
CUST-07085,Noah Miller,noah.miller.7085@example.com,United States,2019-06-18,One-Time,814.49
CUST-07086,Ishaan Mehta,ishaan.mehta.7086@example.com,United Kingdom,2019-09-27,One-Time,39.47
CUST-07087,Aditi Patel,aditi.patel.7087@example.com,India,2019-06-25,High-Value,20317.84
CUST-07088,Olivia Reddy,olivia.reddy.7088@example.com,United Arab Emirates,2018-09-13,Inactive,383.97
CUST-07089,Meera Singh,meera.singh.7089@example.com,United States,2021-10-30,One-Time,886.96
CUST-07090,Neha Wilson,neha.wilson.7090@example.com,Australia,2023-03-04,High-Value,6024.60
CUST-07091,Meera Patel,meera.patel.7091@example.com,United States,2023-08-03,Repeat,6960.92
CUST-07092,Rohan Nair,rohan.nair.7092@example.com,India,2025-04-18,High-Value,12057.58
CUST-07093,Emma Kumar,emma.kumar.7093@example.com,India,2021-12-28,Repeat,3404.70
CUST-07094,Neha Reddy,neha.reddy.7094@example.com,United States,2018-04-05,Repeat,968.11
CUST-07095,Meera Sharma,meera.sharma.7095@example.com,United Arab Emirates,2019-07-05,High-Value,10946.19
CUST-07096,Kavya Miller,kavya.miller.7096@example.com,Canada,2019-04-12,One-Time,129.84
CUST-07097,Arjun Mehta,arjun.mehta.7097@example.com,India,2018-04-23,One-Time,789.98
CUST-07098,Noah Patel,noah.patel.7098@example.com,India,2020-02-19,Repeat,2373.15
CUST-07099,Kavya Wilson,kavya.wilson.7099@example.com,Australia,2025-04-08,Inactive,353.75
CUST-07100,Vikram Patel,vikram.patel.7100@example.com,India,2021-08-09,Inactive,493.31
CUST-07101,Ishaan Nair,ishaan.nair.7101@example.com,Singapore,2021-01-21,Repeat,3639.51
CUST-07102,Emma Reddy,emma.reddy.7102@example.com,Germany,2025-01-23,Repeat,6145.98
CUST-07103,Emma Gupta,emma.gupta.7103@example.com,United Arab Emirates,2022-06-01,Repeat,2359.47
CUST-07104,Olivia Mehta,olivia.mehta.7104@example.com,India,2021-08-09,Repeat,6415.71
CUST-07105,Emma Patel,emma.patel.7105@example.com,Singapore,2020-01-27,One-Time,1186.28
CUST-07106,Noah Gupta,noah.gupta.7106@example.com,United Arab Emirates,2023-11-30,One-Time,1119.85
CUST-07107,Neha Reddy,neha.reddy.7107@example.com,Canada,2025-11-29,One-Time,123.17
CUST-07108,Olivia Sharma,olivia.sharma.7108@example.com,Singapore,2023-12-21,High-Value,15054.33
CUST-07109,Liam Kumar,,United Arab Emirates,2024-11-03,High-Value,17140.06
CUST-07110,Olivia Gupta,olivia.gupta.7110@example.com,Canada,2020-07-09,High-Value,24397.59
CUST-07111,Noah Brown,noah.brown.7111@example.com,United States,2021-04-23,One-Time,415.15
CUST-07112,Emma Wilson,emma.wilson.7112@example.com,Australia,2019-01-23,One-Time,1048.30
CUST-07113,Rohan Mehta,rohan.mehta.7113@example.com,United Kingdom,2022-09-17,Inactive,353.77
CUST-07114,Olivia Garcia,olivia.garcia.7114@example.com,Australia,2018-07-02,High-Value,7797.91
CUST-07115,Emma Sharma,emma.sharma.7115@example.com,United Arab Emirates,2022-05-21,Repeat,4420.00
CUST-07116,Kavya Gupta,kavya.gupta.7116@example.com,United Arab Emirates,2023-07-25,One-Time,822.93
CUST-07117,Ishaan Wilson,ishaan.wilson.7117@example.com,Australia,2023-09-14,One-Time,388.96
CUST-07118,Noah Nair,noah.nair.7118@example.com,India,2020-05-17,One-Time,151.42
CUST-07119,Diya Singh,diya.singh.7119@example.com,Singapore,2022-10-01,Repeat,1858.02
CUST-07120,Olivia Nair,olivia.nair.7120@example.com,United States,2021-02-28,Inactive,300.30
CUST-07121,Rohan Gupta,rohan.gupta.7121@example.com,Germany,2024-02-15,High-Value,12932.18
CUST-07122,Sophia Patel,sophia.patel.7122@example.com,United Kingdom,2025-01-12,High-Value,5104.13
CUST-07123,Neha Sharma,neha.sharma.7123@example.com,Singapore,2022-03-29,One-Time,660.42
CUST-07124,Arjun Garcia,arjun.garcia.7124@example.com,United Arab Emirates,2021-02-01,Repeat,5490.70
CUST-07125,Olivia Wilson,olivia.wilson.7125@example.com,Germany,2018-02-11,Inactive,196.93
CUST-07126,Meera Wilson,meera.wilson.7126@example.com,Germany,2023-11-30,Repeat,3733.42
CUST-07127,Liam Garcia,liam.garcia.7127@example.com,Australia,2020-04-29,Repeat,6415.66
CUST-07128,Emma Patel,emma.patel.7128@example.com,United States,2024-02-10,Inactive,395.98
CUST-07129,Sophia Garcia,sophia.garcia.7129@example.com,United States,2018-06-05,One-Time,846.45
CUST-07130,Kavya Miller,kavya.miller.7130@example.com,Singapore,2023-02-20,Repeat,3674.46
CUST-07131,Sophia Patel,sophia.patel.7131@example.com,Canada,2022-12-01,Inactive,461.91
CUST-07132,Arjun Patel,arjun.patel.7132@example.com,United States,2025-12-30,Repeat,2612.69
CUST-07133,Arjun Garcia,arjun.garcia.7133@example.com,Canada,2025-07-16,Inactive,272.32
CUST-07134,Aarav Kumar,aarav.kumar.7134@example.com,United Kingdom,2018-01-10,One-Time,638.67
CUST-07135,Meera Reddy,meera.reddy.7135@example.com,Germany,2025-11-08,One-Time,930.83
CUST-07136,Emma Kumar,emma.kumar.7136@example.com,Canada,2020-02-07,Repeat,4820.10
CUST-07137,Diya Kumar,diya.kumar.7137@example.com,Canada,2024-02-08,Repeat,3503.43
CUST-07138,Liam Singh,liam.singh.7138@example.com,Australia,2025-10-15,Inactive,452.13
CUST-07139,Emma Gupta,emma.gupta.7139@example.com,United Kingdom,2018-02-07,Repeat,1836.55
CUST-07140,Neha Kumar,neha.kumar.7140@example.com,India,2022-10-04,Repeat,4181.17
CUST-07141,Diya Wilson,diya.wilson.7141@example.com,Canada,2025-08-05,Repeat,906.10
CUST-07142,Ishaan Gupta,ishaan.gupta.7142@example.com,India,2019-03-08,Repeat,6991.47
CUST-07143,Ishaan Garcia,ishaan.garcia.7143@example.com,United Kingdom,2019-05-22,Repeat,5011.32
CUST-07144,Aditi Nair,aditi.nair.7144@example.com,Canada,2018-12-20,Inactive,106.01
CUST-07145,Sophia Patel,sophia.patel.7145@example.com,United Arab Emirates,2023-08-06,Repeat,6222.96
CUST-07146,Aarav Miller,aarav.miller.7146@example.com,Singapore,2024-01-11,One-Time,1143.23
CUST-07147,Kavya Singh,kavya.singh.7147@example.com,Germany,2022-03-03,Inactive,218.12
CUST-07148,Noah Singh,noah.singh.7148@example.com,Singapore,2022-01-19,One-Time,875.11
CUST-07149,Kavya Wilson,kavya.wilson.7149@example.com,Canada,2018-06-26,Repeat,6930.22
CUST-07150,Liam Reddy,liam.reddy.7150@example.com,United States,2019-12-06,One-Time,95.39
CUST-07151,Ishaan Sharma,ishaan.sharma.7151@example.com,Canada,2022-06-04,Repeat,1105.78
CUST-07152,Arjun Kumar,arjun.kumar.7152@example.com,Australia,2023-01-16,Repeat,5654.24
CUST-07153,Olivia Reddy,olivia.reddy.7153@example.com,Canada,2020-01-07,One-Time,1170.76
CUST-07154,Kavya Gupta,kavya.gupta.7154@example.com,United Kingdom,2024-02-12,Repeat,4920.25
CUST-07155,Sophia Kumar,sophia.kumar.7155@example.com,Germany,2024-05-22,High-Value,6725.19
CUST-07156,Neha Mehta,neha.mehta.7156@example.com,India,2024-05-12,Inactive,272.79
CUST-07157,Ishaan Nair,ishaan.nair.7157@example.com,Canada,2024-06-02,One-Time,763.73
CUST-07158,Rohan Brown,rohan.brown.7158@example.com,Australia,2020-11-25,One-Time,33.50
CUST-07159,Meera Miller,meera.miller.7159@example.com,India,2023-12-25,Repeat,5122.76
CUST-07160,Emma Kumar,emma.kumar.7160@example.com,United Arab Emirates,2020-05-16,High-Value,10914.90
CUST-07161,Noah Miller,noah.miller.7161@example.com,United Kingdom,2020-04-20,Repeat,5530.09
CUST-07162,Sophia Nair,sophia.nair.7162@example.com,United Kingdom,2022-09-28,Inactive,91.13
CUST-07163,Rohan Sharma,rohan.sharma.7163@example.com,Germany,2021-06-17,One-Time,429.56
CUST-07164,Aarav Brown,aarav.brown.7164@example.com,India,2018-08-06,Inactive,355.54
CUST-07165,Liam Sharma,liam.sharma.7165@example.com,India,2025-04-13,One-Time,733.13
CUST-07166,Kavya Singh,kavya.singh.7166@example.com,India,2019-06-07,One-Time,492.71
CUST-07167,Olivia Mehta,olivia.mehta.7167@example.com,India,2024-01-25,One-Time,453.32
CUST-07168,Noah Reddy,noah.reddy.7168@example.com,Germany,2023-07-20,One-Time,162.35
CUST-07169,Emma Miller,emma.miller.7169@example.com,United Kingdom,2022-03-30,High-Value,24756.01
CUST-07170,Vikram Gupta,vikram.gupta.7170@example.com,Singapore,2022-04-28,Repeat,2715.24
CUST-07171,Neha Patel,neha.patel.7171@example.com,United Kingdom,2023-11-21,Repeat,3875.41
CUST-07172,Diya Reddy,diya.reddy.7172@example.com,Germany,2025-02-02,Repeat,5454.19
CUST-07173,Olivia Garcia,olivia.garcia.7173@example.com,Australia,2023-04-22,Repeat,4409.87
CUST-07174,Sophia Reddy,sophia.reddy.7174@example.com,United States,2018-12-22,Repeat,3269.05
CUST-07175,Vikram Gupta,vikram.gupta.7175@example.com,Australia,2023-12-23,One-Time,865.89
CUST-07176,Meera Reddy,meera.reddy.7176@example.com,United Kingdom,2025-12-25,Repeat,1323.68
CUST-07177,Liam Singh,liam.singh.7177@example.com,Singapore,2025-01-30,Repeat,6331.30
CUST-07178,Emma Sharma,emma.sharma.7178@example.com,United States,2019-09-16,One-Time,492.65
CUST-07179,Noah Wilson,noah.wilson.7179@example.com,Canada,2019-07-19,Repeat,5426.59
CUST-07180,Neha Kumar,neha.kumar.7180@example.com,United Kingdom,2021-05-08,Repeat,5476.23
CUST-07181,Noah Miller,noah.miller.7181@example.com,United Kingdom,2024-11-14,High-Value,18547.68
CUST-07182,Kavya Reddy,kavya.reddy.7182@example.com,Canada,2021-08-14,One-Time,1005.46
CUST-07183,Rohan Kumar,rohan.kumar.7183@example.com,India,2022-10-08,One-Time,163.91
CUST-07184,Meera Sharma,meera.sharma.7184@example.com,Australia,2025-10-10,One-Time,181.90
CUST-07185,Kavya Kumar,kavya.kumar.7185@example.com,Singapore,2018-05-19,Repeat,3947.91
CUST-07186,Rohan Patel,rohan.patel.7186@example.com,Singapore,2020-06-18,Repeat,6438.93
CUST-07187,Diya Sharma,diya.sharma.7187@example.com,United States,2024-12-21,Repeat,5148.41
CUST-07188,Noah Sharma,noah.sharma.7188@example.com,United States,2018-10-03,Repeat,5560.62
CUST-07189,Ishaan Brown,ishaan.brown.7189@example.com,United States,2024-02-16,One-Time,299.05
CUST-07190,Ishaan Kumar,ishaan.kumar.7190@example.com,United Kingdom,2021-06-16,One-Time,367.91
CUST-07191,Emma Patel,emma.patel.7191@example.com,Singapore,2018-12-25,Repeat,1342.43
CUST-07192,Rohan Gupta,rohan.gupta.7192@example.com,Germany,2018-12-29,One-Time,73.52
CUST-07193,Rohan Sharma,rohan.sharma.7193@example.com,Canada,2025-09-02,One-Time,117.06
CUST-07194,Olivia Mehta,olivia.mehta.7194@example.com,Germany,2018-05-24,Repeat,1573.51
CUST-07195,Olivia Kumar,olivia.kumar.7195@example.com,Germany,2021-01-18,Repeat,3420.17
CUST-07196,Vikram Sharma,vikram.sharma.7196@example.com,Singapore,2024-10-21,Repeat,4872.63
CUST-07197,Rohan Wilson,rohan.wilson.7197@example.com,United Kingdom,2024-08-09,Repeat,892.78
CUST-07198,Meera Gupta,meera.gupta.7198@example.com,United Kingdom,2018-07-25,Inactive,317.59
CUST-07199,Liam Singh,liam.singh.7199@example.com,Germany,2021-09-18,Inactive,359.07
CUST-07200,Meera Brown,meera.brown.7200@example.com,Canada,2023-01-17,One-Time,1182.17
CUST-07201,Meera Miller,meera.miller.7201@example.com,India,2023-10-23,Repeat,4194.53
CUST-07202,Rohan Patel,rohan.patel.7202@example.com,Germany,2025-04-26,One-Time,578.68
CUST-07203,Liam Kumar,liam.kumar.7203@example.com,Australia,2023-02-05,Inactive,66.55
CUST-07204,Kavya Patel,kavya.patel.7204@example.com,United Kingdom,2020-12-22,High-Value,21075.62
CUST-07205,Neha Singh,neha.singh.7205@example.com,United Arab Emirates,2021-08-17,Inactive,391.18
CUST-07206,Vikram Brown,vikram.brown.7206@example.com,United Arab Emirates,2019-01-10,One-Time,894.37
CUST-07207,Noah Reddy,noah.reddy.7207@example.com,United Arab Emirates,2022-08-12,Repeat,4613.79
CUST-07208,Liam Wilson,liam.wilson.7208@example.com,United Kingdom,2025-08-18,High-Value,8717.59
CUST-07209,Aarav Gupta,aarav.gupta.7209@example.com,United States,2024-07-06,One-Time,340.54
CUST-07210,Liam Sharma,liam.sharma.7210@example.com,United Kingdom,2019-04-08,One-Time,833.94
CUST-07211,Diya Mehta,diya.mehta.7211@example.com,United States,2020-10-15,One-Time,673.27
CUST-07212,Neha Miller,neha.miller.7212@example.com,Germany,2025-07-20,High-Value,6666.48
CUST-07213,Sophia Patel,sophia.patel.7213@example.com,United States,2024-03-25,Repeat,4571.48
CUST-07214,Aarav Garcia,aarav.garcia.7214@example.com,Germany,2019-10-15,High-Value,8008.32
CUST-07215,Kavya Brown,kavya.brown.7215@example.com,Australia,2025-02-14,Repeat,5135.63
CUST-07216,Meera Wilson,meera.wilson.7216@example.com,United Arab Emirates,2024-08-24,High-Value,21124.78
CUST-07217,Ishaan Reddy,ishaan.reddy.7217@example.com,United States,2021-08-01,Inactive,284.58
CUST-07218,Aarav Brown,aarav.brown.7218@example.com,United Kingdom,2023-11-20,One-Time,790.19
CUST-07219,Neha Gupta,neha.gupta.7219@example.com,Canada,2020-12-25,One-Time,858.55
CUST-07220,Kavya Sharma,kavya.sharma.7220@example.com,India,2022-10-18,Repeat,3259.95
CUST-07221,Emma Nair,emma.nair.7221@example.com,Canada,2019-11-01,Repeat,6268.46
CUST-07222,Diya Singh,diya.singh.7222@example.com,Canada,2024-03-26,Repeat,2720.14
CUST-07223,Rohan Mehta,rohan.mehta.7223@example.com,Germany,2018-01-16,One-Time,108.55
CUST-07224,Ishaan Gupta,ishaan.gupta.7224@example.com,Canada,2025-10-08,High-Value,24737.00
CUST-07225,Emma Brown,emma.brown.7225@example.com,Germany,2021-08-07,One-Time,486.75
CUST-07226,Olivia Miller,olivia.miller.7226@example.com,Germany,2025-04-21,Inactive,435.59
CUST-07227,Emma Reddy,emma.reddy.7227@example.com,United States,2022-12-05,High-Value,13437.64
CUST-07228,Diya Nair,diya.nair.7228@example.com,United Kingdom,2022-01-13,One-Time,259.22
CUST-07229,Rohan Kumar,rohan.kumar.7229@example.com,United Kingdom,2020-10-23,Repeat,4725.50
CUST-07230,Diya Sharma,diya.sharma.7230@example.com,United Arab Emirates,2025-11-01,One-Time,904.85
CUST-07231,Neha Wilson,neha.wilson.7231@example.com,United Kingdom,2023-01-24,Repeat,4079.89
CUST-07232,Emma Reddy,emma.reddy.7232@example.com,Australia,2024-08-26,Repeat,2616.47
CUST-07233,Neha Brown,neha.brown.7233@example.com,Australia,2020-12-26,High-Value,9687.91
CUST-07234,Ishaan Singh,ishaan.singh.7234@example.com,United Kingdom,2018-04-17,Repeat,1961.96
CUST-07235,Emma Reddy,emma.reddy.7235@example.com,United States,2023-12-30,High-Value,11633.32
CUST-07236,Aditi Gupta,aditi.gupta.7236@example.com,Canada,2018-06-25,Repeat,2127.74
CUST-07237,Ishaan Miller,ishaan.miller.7237@example.com,United States,2021-12-05,One-Time,755.32
CUST-07238,Sophia Kumar,sophia.kumar.7238@example.com,Singapore,2025-03-17,Inactive,105.39
CUST-07239,Liam Gupta,liam.gupta.7239@example.com,Canada,2018-01-30,High-Value,23826.47
CUST-07240,Aditi Miller,aditi.miller.7240@example.com,Australia,2019-10-05,Repeat,3408.80
CUST-07241,Diya Sharma,diya.sharma.7241@example.com,Australia,2020-06-02,One-Time,567.29
CUST-07242,Emma Wilson,emma.wilson.7242@example.com,India,2024-03-19,Repeat,3386.29
CUST-07243,Diya Nair,diya.nair.7243@example.com,United States,2021-11-20,One-Time,1035.54
CUST-07244,Ishaan Gupta,ishaan.gupta.7244@example.com,Singapore,2020-12-19,High-Value,11709.94
CUST-07245,Arjun Garcia,arjun.garcia.7245@example.com,India,2023-04-07,Repeat,6472.37
CUST-07246,Arjun Sharma,arjun.sharma.7246@example.com,Canada,2020-08-27,Repeat,6010.19
CUST-07247,Meera Singh,meera.singh.7247@example.com,United Arab Emirates,2022-10-27,Repeat,3062.21
CUST-07248,Arjun Gupta,arjun.gupta.7248@example.com,United States,2021-01-31,One-Time,46.31
CUST-07249,Aarav Patel,aarav.patel.7249@example.com,Singapore,2024-12-06,Repeat,3540.33
CUST-07250,Liam Wilson,liam.wilson.7250@example.com,Canada,2022-12-21,Repeat,7404.47
CUST-07251,Arjun Reddy,arjun.reddy.7251@example.com,United States,2022-11-05,High-Value,18796.37
CUST-07252,Noah Kumar,noah.kumar.7252@example.com,United Arab Emirates,2025-05-02,High-Value,6575.48
CUST-07253,Olivia Mehta,olivia.mehta.7253@example.com,Germany,2020-05-16,Repeat,7426.82
CUST-07254,Diya Reddy,diya.reddy.7254@example.com,United Kingdom,2023-09-30,Repeat,4410.25
CUST-07255,Vikram Gupta,vikram.gupta.7255@example.com,United States,2018-08-03,High-Value,11418.23
CUST-07256,Olivia Singh,olivia.singh.7256@example.com,United States,2020-02-29,Repeat,2125.81
CUST-07257,Arjun Singh,arjun.singh.7257@example.com,Canada,2021-10-20,Inactive,67.80
CUST-07258,Noah Garcia,noah.garcia.7258@example.com,Canada,2020-02-16,Inactive,358.50
CUST-07259,Neha Nair,neha.nair.7259@example.com,Australia,2018-01-24,Inactive,14.15
CUST-07260,Vikram Mehta,vikram.mehta.7260@example.com,United Kingdom,2024-05-04,One-Time,72.88
CUST-07261,Aditi Sharma,aditi.sharma.7261@example.com,Canada,2018-07-10,Inactive,440.82
CUST-07262,Liam Miller,liam.miller.7262@example.com,United Arab Emirates,2024-02-16,Repeat,7320.54
CUST-07263,Vikram Wilson,vikram.wilson.7263@example.com,Germany,2021-01-26,Inactive,124.78
CUST-07264,Noah Gupta,noah.gupta.7264@example.com,United Arab Emirates,2022-11-15,Repeat,3287.93
CUST-07265,Ishaan Wilson,ishaan.wilson.7265@example.com,India,2025-04-04,One-Time,762.94
CUST-07266,Aarav Garcia,aarav.garcia.7266@example.com,Canada,2021-09-27,One-Time,394.00
CUST-07267,Ishaan Gupta,ishaan.gupta.7267@example.com,United States,2022-03-01,Repeat,2046.89
CUST-07268,Emma Wilson,emma.wilson.7268@example.com,India,2018-09-24,One-Time,176.60
CUST-07269,Emma Singh,emma.singh.7269@example.com,United States,2018-08-17,One-Time,196.40
CUST-07270,Kavya Nair,kavya.nair.7270@example.com,Australia,2019-04-09,Repeat,2095.04
CUST-07271,Rohan Kumar,rohan.kumar.7271@example.com,United States,2022-02-13,One-Time,306.86
CUST-07272,Liam Gupta,liam.gupta.7272@example.com,India,2021-10-20,Inactive,369.44
CUST-07273,Meera Kumar,meera.kumar.7273@example.com,Singapore,2024-07-04,One-Time,564.49
CUST-07274,Vikram Reddy,vikram.reddy.7274@example.com,United Arab Emirates,2024-08-02,Inactive,330.79
CUST-07275,Olivia Mehta,olivia.mehta.7275@example.com,United States,2020-07-27,Inactive,183.47
CUST-07276,Arjun Miller,arjun.miller.7276@example.com,United Kingdom,2025-03-06,Inactive,466.42
CUST-07277,Diya Nair,diya.nair.7277@example.com,India,2023-09-10,Repeat,3676.46
CUST-07278,Emma Gupta,emma.gupta.7278@example.com,United Kingdom,2023-09-15,High-Value,8249.57
CUST-07279,Sophia Garcia,sophia.garcia.7279@example.com,Canada,2019-06-25,High-Value,21696.04
CUST-07280,Arjun Singh,arjun.singh.7280@example.com,Australia,2019-06-11,One-Time,1040.82
CUST-07281,Aditi Kumar,aditi.kumar.7281@example.com,United States,2023-12-02,One-Time,140.03
CUST-07282,Meera Patel,meera.patel.7282@example.com,India,2025-01-17,Repeat,3181.73
CUST-07283,Olivia Miller,olivia.miller.7283@example.com,Singapore,2025-01-05,Inactive,313.26
CUST-07284,Ishaan Gupta,ishaan.gupta.7284@example.com,India,2024-10-06,Inactive,349.62
CUST-07285,Liam Sharma,liam.sharma.7285@example.com,Canada,2025-09-17,Repeat,4550.04
CUST-07286,Aditi Sharma,aditi.sharma.7286@example.com,Singapore,2022-07-08,Repeat,1729.29
CUST-07287,Kavya Kumar,kavya.kumar.7287@example.com,Canada,2024-02-09,One-Time,219.47
CUST-07288,Emma Wilson,emma.wilson.7288@example.com,Singapore,2024-07-23,Repeat,7137.11
CUST-07289,Rohan Wilson,rohan.wilson.7289@example.com,Canada,2022-12-20,Repeat,3122.33
CUST-07290,Noah Gupta,noah.gupta.7290@example.com,Canada,2020-10-29,One-Time,976.74
CUST-07291,Meera Wilson,meera.wilson.7291@example.com,India,2024-12-09,One-Time,47.76
CUST-07292,Olivia Miller,olivia.miller.7292@example.com,Singapore,2023-02-16,Repeat,5648.89
CUST-07293,Kavya Patel,kavya.patel.7293@example.com,Germany,2019-01-10,Repeat,5402.08
CUST-07294,Noah Sharma,noah.sharma.7294@example.com,United Arab Emirates,2025-12-16,High-Value,13884.45
CUST-07295,Ishaan Nair,ishaan.nair.7295@example.com,United States,2022-05-05,One-Time,227.94
CUST-07296,Kavya Gupta,kavya.gupta.7296@example.com,United Arab Emirates,2025-07-09,One-Time,1005.34
CUST-07297,Rohan Nair,rohan.nair.7297@example.com,Singapore,2018-09-19,Repeat,5619.48
CUST-07298,Sophia Miller,sophia.miller.7298@example.com,Singapore,2018-08-13,Inactive,346.96
CUST-07299,Diya Reddy,diya.reddy.7299@example.com,India,2024-05-07,One-Time,558.26
CUST-07300,Liam Nair,liam.nair.7300@example.com,Germany,2022-05-31,High-Value,24591.15
CUST-07301,Liam Patel,liam.patel.7301@example.com,United Kingdom,2022-08-28,Repeat,3516.80
CUST-07302,Noah Kumar,noah.kumar.7302@example.com,United States,2021-05-14,Repeat,6791.84
CUST-07303,Neha Reddy,neha.reddy.7303@example.com,Canada,2025-02-16,One-Time,1176.34
CUST-07304,Neha Singh,neha.singh.7304@example.com,India,2021-05-07,One-Time,230.60
CUST-07305,Noah Reddy,noah.reddy.7305@example.com,India,2022-11-27,Inactive,440.81
CUST-07306,Kavya Nair,kavya.nair.7306@example.com,India,2020-08-10,Inactive,491.99
CUST-07307,Vikram Kumar,vikram.kumar.7307@example.com,Singapore,2019-07-09,High-Value,12396.94
CUST-07308,Aditi Gupta,aditi.gupta.7308@example.com,Germany,2021-05-30,Repeat,7196.29
CUST-07309,Liam Mehta,liam.mehta.7309@example.com,India,2023-11-09,High-Value,5571.71
CUST-07310,Arjun Gupta,arjun.gupta.7310@example.com,United Kingdom,2020-02-03,One-Time,1184.63
CUST-07311,Vikram Garcia,vikram.garcia.7311@example.com,Singapore,2021-09-08,One-Time,264.62
CUST-07312,Kavya Mehta,kavya.mehta.7312@example.com,Singapore,2025-12-03,Inactive,76.46
CUST-07313,Aarav Miller,aarav.miller.7313@example.com,United Arab Emirates,2023-08-16,Inactive,105.31
CUST-07314,Emma Sharma,emma.sharma.7314@example.com,India,2022-07-16,Repeat,7260.07
CUST-07315,Vikram Brown,vikram.brown.7315@example.com,Australia,2019-01-12,One-Time,1014.55
CUST-07316,Liam Nair,liam.nair.7316@example.com,United Arab Emirates,2020-08-30,Repeat,1435.56
CUST-07317,Emma Kumar,emma.kumar.7317@example.com,United Kingdom,2025-05-10,Repeat,4965.90
CUST-07318,Sophia Brown,sophia.brown.7318@example.com,India,2019-08-14,One-Time,89.27
CUST-07319,Olivia Gupta,olivia.gupta.7319@example.com,United States,2022-11-15,Repeat,4691.39
CUST-07320,Kavya Miller,kavya.miller.7320@example.com,United Kingdom,2024-08-14,One-Time,311.74
CUST-07321,Arjun Kumar,arjun.kumar.7321@example.com,Australia,2019-10-30,Inactive,152.91
CUST-07322,Emma Garcia,emma.garcia.7322@example.com,Germany,2025-01-26,One-Time,1080.48
CUST-07323,Aarav Sharma,aarav.sharma.7323@example.com,India,2020-03-11,High-Value,15386.62
CUST-07324,Vikram Garcia,vikram.garcia.7324@example.com,United States,2023-04-29,Repeat,5563.73
CUST-07325,Arjun Patel,arjun.patel.7325@example.com,United Arab Emirates,2024-06-30,One-Time,359.48
CUST-07326,Noah Reddy,noah.reddy.7326@example.com,Germany,2022-12-01,One-Time,724.77
CUST-07327,Emma Nair,emma.nair.7327@example.com,Germany,2025-02-26,One-Time,515.21
CUST-07328,Rohan Nair,rohan.nair.7328@example.com,Germany,2020-09-02,Inactive,413.81
CUST-07329,Ishaan Garcia,ishaan.garcia.7329@example.com,Australia,2019-10-22,Repeat,7357.97
CUST-07330,Liam Nair,liam.nair.7330@example.com,Germany,2024-01-26,Repeat,1072.28
CUST-07331,Aditi Nair,aditi.nair.7331@example.com,Singapore,2021-01-05,Repeat,2611.51
CUST-07332,Liam Gupta,liam.gupta.7332@example.com,United Arab Emirates,2019-03-17,One-Time,774.01
CUST-07333,Diya Garcia,diya.garcia.7333@example.com,United Arab Emirates,2023-03-18,Inactive,187.44
CUST-07334,Aarav Patel,aarav.patel.7334@example.com,Australia,2021-12-01,Repeat,3916.27
CUST-07335,Ishaan Garcia,ishaan.garcia.7335@example.com,Germany,2020-09-14,Repeat,5954.48
CUST-07336,Emma Nair,emma.nair.7336@example.com,Germany,2024-09-01,Inactive,305.63
CUST-07337,Arjun Miller,arjun.miller.7337@example.com,India,2018-05-17,Repeat,3557.47
CUST-07338,Ishaan Nair,ishaan.nair.7338@example.com,Australia,2021-01-14,Inactive,167.21
CUST-07339,Emma Patel,emma.patel.7339@example.com,Canada,2023-06-06,One-Time,391.69
CUST-07340,Ishaan Brown,ishaan.brown.7340@example.com,Singapore,2019-06-09,Repeat,1532.83
CUST-07341,Aditi Mehta,aditi.mehta.7341@example.com,India,2020-02-26,One-Time,1056.96
CUST-07342,Sophia Kumar,sophia.kumar.7342@example.com,Germany,2018-04-05,Repeat,6694.48
CUST-07343,Noah Wilson,noah.wilson.7343@example.com,Canada,2021-04-18,Repeat,4653.42
CUST-07344,Rohan Kumar,rohan.kumar.7344@example.com,Canada,2018-07-14,High-Value,15959.02
CUST-07345,Ishaan Brown,ishaan.brown.7345@example.com,Australia,2025-05-16,Repeat,6650.96
CUST-07346,Emma Mehta,emma.mehta.7346@example.com,Australia,2025-05-11,One-Time,63.97
CUST-07347,Neha Patel,neha.patel.7347@example.com,United Arab Emirates,2023-10-13,Inactive,380.66
CUST-07348,Noah Patel,noah.patel.7348@example.com,United Kingdom,2020-08-22,One-Time,173.45
CUST-07349,Aditi Miller,aditi.miller.7349@example.com,Germany,2023-04-28,One-Time,762.01
CUST-07350,Diya Miller,diya.miller.7350@example.com,Singapore,2025-03-31,One-Time,771.02
CUST-07351,Meera Kumar,meera.kumar.7351@example.com,Canada,2025-09-17,Repeat,6138.16
CUST-07352,Aarav Singh,aarav.singh.7352@example.com,Singapore,2018-04-29,Repeat,6044.10
CUST-07353,Neha Singh,neha.singh.7353@example.com,Canada,2021-05-28,Repeat,2775.07
CUST-07354,Kavya Kumar,kavya.kumar.7354@example.com,Canada,2018-08-30,High-Value,11174.80
CUST-07355,Diya Sharma,diya.sharma.7355@example.com,Germany,2024-04-10,Repeat,4613.66
CUST-07356,Rohan Miller,rohan.miller.7356@example.com,United Arab Emirates,2020-12-11,High-Value,15913.10
CUST-07357,Rohan Sharma,rohan.sharma.7357@example.com,United Kingdom,2019-06-28,High-Value,5217.37
CUST-07358,Arjun Mehta,arjun.mehta.7358@example.com,India,2024-10-26,Repeat,3225.33
CUST-07359,Aditi Miller,aditi.miller.7359@example.com,United Arab Emirates,2025-05-06,Repeat,2526.24
CUST-07360,Arjun Patel,arjun.patel.7360@example.com,United Arab Emirates,2022-01-19,High-Value,13800.05
CUST-07361,Ishaan Miller,ishaan.miller.7361@example.com,United States,2023-12-09,Repeat,7252.70
CUST-07362,Aditi Singh,aditi.singh.7362@example.com,Australia,2025-11-18,Repeat,2005.15
CUST-07363,Meera Mehta,meera.mehta.7363@example.com,United Kingdom,2023-11-12,One-Time,553.79
CUST-07364,Vikram Brown,vikram.brown.7364@example.com,United States,2018-08-23,Repeat,2494.08
CUST-07365,Meera Garcia,meera.garcia.7365@example.com,Singapore,2024-05-13,High-Value,7771.74
CUST-07366,Ishaan Reddy,ishaan.reddy.7366@example.com,Australia,2018-01-31,High-Value,22161.40
CUST-07367,Rohan Kumar,rohan.kumar.7367@example.com,Germany,2020-06-18,Repeat,1258.29
CUST-07368,Neha Wilson,neha.wilson.7368@example.com,Australia,2020-11-14,High-Value,10591.00
CUST-07369,Aarav Wilson,aarav.wilson.7369@example.com,United Kingdom,2025-05-31,Repeat,6886.51
CUST-07370,Meera Wilson,meera.wilson.7370@example.com,United Kingdom,2018-11-11,Repeat,5517.83
CUST-07371,Emma Brown,emma.brown.7371@example.com,Singapore,2021-01-28,Repeat,2079.68
CUST-07372,Aditi Gupta,aditi.gupta.7372@example.com,United Arab Emirates,2020-08-28,One-Time,259.85
CUST-07373,Noah Nair,noah.nair.7373@example.com,Canada,2020-07-25,Repeat,2866.91
CUST-07374,Vikram Wilson,vikram.wilson.7374@example.com,India,2019-01-31,Inactive,60.17
CUST-07375,Aarav Miller,aarav.miller.7375@example.com,Singapore,2019-10-15,Repeat,5909.71
CUST-07376,Rohan Mehta,rohan.mehta.7376@example.com,United States,2022-05-13,Repeat,6688.97
CUST-07377,Rohan Garcia,rohan.garcia.7377@example.com,Canada,2019-05-30,One-Time,761.60
CUST-07378,Aditi Sharma,aditi.sharma.7378@example.com,India,2025-05-11,Repeat,7011.85
CUST-07379,Vikram Brown,vikram.brown.7379@example.com,United Kingdom,2022-03-18,Repeat,5887.16
CUST-07380,Vikram Garcia,vikram.garcia.7380@example.com,United Kingdom,2021-07-07,One-Time,942.29
CUST-07381,Aditi Wilson,aditi.wilson.7381@example.com,Germany,2021-07-13,Repeat,6759.97
CUST-07382,Neha Reddy,neha.reddy.7382@example.com,India,2023-08-19,Inactive,216.91
CUST-07383,Neha Sharma,neha.sharma.7383@example.com,Australia,2025-01-27,Repeat,4516.69
CUST-07384,Olivia Patel,olivia.patel.7384@example.com,Canada,2019-09-15,Repeat,7172.06
CUST-07385,Arjun Wilson,arjun.wilson.7385@example.com,United States,2020-10-29,One-Time,461.94
CUST-07386,Rohan Sharma,rohan.sharma.7386@example.com,Canada,2018-12-27,Inactive,294.62
CUST-07387,Kavya Miller,kavya.miller.7387@example.com,Canada,2020-05-12,High-Value,5801.89
CUST-07388,Liam Nair,liam.nair.7388@example.com,Australia,2021-12-18,Repeat,6765.28
CUST-07389,Olivia Singh,olivia.singh.7389@example.com,India,2020-05-17,Inactive,95.05
CUST-07390,Olivia Gupta,olivia.gupta.7390@example.com,Australia,2019-06-19,High-Value,22287.08
CUST-07391,Rohan Brown,rohan.brown.7391@example.com,Australia,2018-09-02,High-Value,23374.49
CUST-07392,Arjun Mehta,arjun.mehta.7392@example.com,Canada,2022-04-16,Repeat,5088.10
CUST-07393,Neha Nair,neha.nair.7393@example.com,Canada,2023-08-23,Inactive,338.05
CUST-07394,Rohan Sharma,rohan.sharma.7394@example.com,Canada,2018-10-06,One-Time,1183.89
CUST-07395,Olivia Sharma,olivia.sharma.7395@example.com,United States,2023-12-25,Repeat,3095.33
CUST-07396,Arjun Brown,arjun.brown.7396@example.com,United States,2022-09-09,Inactive,162.31
CUST-07397,Emma Reddy,emma.reddy.7397@example.com,India,2022-01-10,One-Time,199.66
CUST-07398,Meera Miller,meera.miller.7398@example.com,United Kingdom,2025-04-08,High-Value,9969.83
CUST-07399,Olivia Kumar,olivia.kumar.7399@example.com,United States,2019-08-25,One-Time,561.33
CUST-07400,Rohan Garcia,rohan.garcia.7400@example.com,Germany,2024-11-29,Inactive,31.97
CUST-07401,Sophia Singh,sophia.singh.7401@example.com,Singapore,2022-12-17,Repeat,1414.27
CUST-07402,Rohan Brown,rohan.brown.7402@example.com,United States,2025-11-26,Repeat,6886.84
CUST-07403,Sophia Mehta,sophia.mehta.7403@example.com,Germany,2021-10-24,Repeat,2157.95
CUST-07404,Rohan Singh,rohan.singh.7404@example.com,India,2020-01-10,One-Time,155.27
CUST-07405,Vikram Nair,vikram.nair.7405@example.com,India,2021-11-19,One-Time,185.56
CUST-07406,Emma Miller,emma.miller.7406@example.com,Canada,2023-01-02,High-Value,5435.76
CUST-07407,Emma Gupta,emma.gupta.7407@example.com,United Arab Emirates,2024-07-12,Repeat,3104.66
CUST-07408,Aarav Singh,aarav.singh.7408@example.com,United Arab Emirates,2025-02-19,Inactive,190.95
CUST-07409,Neha Miller,neha.miller.7409@example.com,Canada,2025-04-27,One-Time,125.42
CUST-07410,Ishaan Kumar,ishaan.kumar.7410@example.com,Singapore,2020-01-06,High-Value,17868.29
CUST-07411,Aarav Nair,aarav.nair.7411@example.com,Germany,2025-09-17,Repeat,5345.36
CUST-07412,Aarav Nair,aarav.nair.7412@example.com,Singapore,2020-03-08,Inactive,170.52
CUST-07413,Ishaan Mehta,ishaan.mehta.7413@example.com,Germany,2018-02-06,Inactive,198.91
CUST-07414,Kavya Gupta,kavya.gupta.7414@example.com,Canada,2025-03-20,Repeat,4198.21
CUST-07415,Vikram Reddy,vikram.reddy.7415@example.com,United States,2025-07-28,One-Time,987.87
CUST-07416,Arjun Gupta,arjun.gupta.7416@example.com,United Kingdom,2019-10-19,Repeat,6149.00
CUST-07417,Vikram Mehta,vikram.mehta.7417@example.com,Australia,2018-09-16,High-Value,14026.49
CUST-07418,Arjun Brown,arjun.brown.7418@example.com,Germany,2021-09-29,Repeat,1307.40
CUST-07419,Diya Patel,diya.patel.7419@example.com,Singapore,2020-11-09,High-Value,10091.23
CUST-07420,Liam Nair,liam.nair.7420@example.com,Australia,2019-05-14,One-Time,821.23
CUST-07421,Neha Brown,neha.brown.7421@example.com,Germany,2021-03-30,High-Value,9406.15
CUST-07422,Liam Kumar,liam.kumar.7422@example.com,United States,2019-08-13,Repeat,3025.81
CUST-07423,Olivia Gupta,olivia.gupta.7423@example.com,United Kingdom,2024-01-04,Repeat,1842.16
CUST-07424,Arjun Wilson,arjun.wilson.7424@example.com,United States,2024-10-11,Inactive,421.08
CUST-07425,Diya Miller,diya.miller.7425@example.com,Singapore,2024-10-02,One-Time,122.59
CUST-07426,Rohan Garcia,rohan.garcia.7426@example.com,Australia,2021-11-30,Repeat,5264.84
CUST-07427,Olivia Singh,olivia.singh.7427@example.com,United Kingdom,2023-08-09,High-Value,5986.53
CUST-07428,Liam Patel,liam.patel.7428@example.com,Germany,2025-01-03,One-Time,699.02
CUST-07429,Diya Kumar,diya.kumar.7429@example.com,Singapore,2021-01-13,One-Time,913.20
CUST-07430,Meera Miller,meera.miller.7430@example.com,India,2025-02-11,Repeat,7373.85
CUST-07431,Kavya Miller,kavya.miller.7431@example.com,Germany,2025-01-31,Repeat,3240.55
CUST-07432,Vikram Brown,vikram.brown.7432@example.com,United States,2019-08-02,One-Time,167.96
CUST-07433,Diya Reddy,diya.reddy.7433@example.com,United States,2025-07-12,One-Time,958.66
CUST-07434,Aarav Gupta,aarav.gupta.7434@example.com,Canada,2023-01-07,One-Time,871.64
CUST-07435,Aditi Kumar,aditi.kumar.7435@example.com,United States,2023-06-02,One-Time,867.32
CUST-07436,Sophia Brown,sophia.brown.7436@example.com,Canada,2021-04-14,Repeat,5223.08
CUST-07437,Noah Reddy,noah.reddy.7437@example.com,India,2023-10-02,One-Time,454.76
CUST-07438,Olivia Brown,olivia.brown.7438@example.com,Germany,2024-10-16,High-Value,14890.43
CUST-07439,Rohan Reddy,rohan.reddy.7439@example.com,Canada,2020-06-16,One-Time,365.69
CUST-07440,Ishaan Sharma,ishaan.sharma.7440@example.com,United Arab Emirates,2022-01-27,High-Value,5624.72
CUST-07441,Olivia Wilson,olivia.wilson.7441@example.com,Germany,2024-04-07,One-Time,150.13
CUST-07442,Emma Miller,emma.miller.7442@example.com,India,2024-11-22,One-Time,504.64
CUST-07443,Rohan Miller,rohan.miller.7443@example.com,United States,2018-02-15,One-Time,1091.31
CUST-07444,Aarav Patel,aarav.patel.7444@example.com,India,2020-03-26,One-Time,295.92
CUST-07445,Meera Nair,meera.nair.7445@example.com,India,2019-08-22,Inactive,15.18
CUST-07446,Vikram Kumar,vikram.kumar.7446@example.com,Australia,2022-10-11,One-Time,755.54
CUST-07447,Neha Singh,neha.singh.7447@example.com,Germany,2022-03-19,One-Time,966.54
CUST-07448,Neha Gupta,neha.gupta.7448@example.com,Singapore,2019-09-03,One-Time,96.76
CUST-07449,Aarav Mehta,aarav.mehta.7449@example.com,United Kingdom,2020-03-10,One-Time,884.80
CUST-07450,Meera Patel,meera.patel.7450@example.com,Canada,2022-02-26,High-Value,11720.02
CUST-07451,Neha Miller,neha.miller.7451@example.com,India,2023-05-12,Repeat,2815.18
CUST-07452,Kavya Brown,kavya.brown.7452@example.com,Germany,2022-04-30,High-Value,21834.98
CUST-07453,Neha Brown,neha.brown.7453@example.com,United Kingdom,2021-05-12,Repeat,5119.77
CUST-07454,Arjun Wilson,arjun.wilson.7454@example.com,United Kingdom,2023-02-09,Repeat,2594.80
CUST-07455,Ishaan Gupta,ishaan.gupta.7455@example.com,India,2021-05-11,One-Time,767.66
CUST-07456,Sophia Nair,sophia.nair.7456@example.com,Australia,2020-01-09,One-Time,730.35
CUST-07457,Neha Patel,neha.patel.7457@example.com,United Kingdom,2020-05-05,One-Time,1170.26
CUST-07458,Arjun Patel,arjun.patel.7458@example.com,Australia,2024-05-06,Repeat,2377.85
CUST-07459,Meera Brown,meera.brown.7459@example.com,India,2020-01-24,Repeat,2887.38
CUST-07460,Liam Wilson,liam.wilson.7460@example.com,United States,2024-09-07,High-Value,18787.84
CUST-07461,Sophia Miller,sophia.miller.7461@example.com,United States,2022-03-23,Repeat,6996.61
CUST-07462,Sophia Gupta,sophia.gupta.7462@example.com,United Arab Emirates,2020-08-19,Repeat,7177.11
CUST-07463,Kavya Brown,kavya.brown.7463@example.com,United States,2021-01-05,Inactive,461.13
CUST-07464,Liam Kumar,liam.kumar.7464@example.com,Germany,2023-02-28,One-Time,829.64
CUST-07465,Vikram Brown,vikram.brown.7465@example.com,India,2023-06-11,One-Time,915.72
CUST-07466,Kavya Miller,kavya.miller.7466@example.com,Canada,2020-04-02,Inactive,350.92
CUST-07467,Arjun Gupta,arjun.gupta.7467@example.com,Singapore,2018-07-16,Repeat,4396.81
CUST-07468,Arjun Kumar,arjun.kumar.7468@example.com,Australia,2018-04-06,Repeat,3437.86
CUST-07469,Noah Nair,noah.nair.7469@example.com,United States,2019-11-18,Repeat,7488.28
CUST-07470,Diya Nair,diya.nair.7470@example.com,United States,2021-04-03,One-Time,1164.78
CUST-07471,Rohan Sharma,rohan.sharma.7471@example.com,Germany,2019-09-17,One-Time,488.39
CUST-07472,Kavya Patel,kavya.patel.7472@example.com,United Arab Emirates,2021-12-06,One-Time,174.89
CUST-07473,Olivia Reddy,olivia.reddy.7473@example.com,Australia,2023-02-09,Repeat,1093.22
CUST-07474,Diya Garcia,diya.garcia.7474@example.com,India,2024-10-13,One-Time,438.77
CUST-07475,Neha Sharma,neha.sharma.7475@example.com,Australia,2025-01-30,One-Time,1195.22
CUST-07476,Liam Brown,liam.brown.7476@example.com,United States,2023-07-21,High-Value,13110.59
CUST-07477,Neha Nair,neha.nair.7477@example.com,United States,2025-01-19,One-Time,887.16
CUST-07478,Vikram Miller,vikram.miller.7478@example.com,India,2025-01-11,Inactive,455.44
CUST-07479,Rohan Singh,rohan.singh.7479@example.com,Germany,2021-07-03,One-Time,899.93
CUST-07480,Liam Patel,liam.patel.7480@example.com,United Kingdom,2018-03-29,High-Value,5597.14
CUST-07481,Neha Nair,neha.nair.7481@example.com,Germany,2018-09-18,One-Time,1030.20
CUST-07482,Vikram Gupta,vikram.gupta.7482@example.com,Germany,2023-09-21,One-Time,485.93
CUST-07483,Ishaan Mehta,ishaan.mehta.7483@example.com,Germany,2024-06-23,Repeat,6898.27
CUST-07484,Kavya Wilson,kavya.wilson.7484@example.com,United Arab Emirates,2023-11-01,One-Time,808.83
CUST-07485,Rohan Sharma,rohan.sharma.7485@example.com,United States,2020-10-26,One-Time,460.21
CUST-07486,Aarav Singh,aarav.singh.7486@example.com,Singapore,2019-06-14,High-Value,6368.76
CUST-07487,Vikram Wilson,vikram.wilson.7487@example.com,United Arab Emirates,2024-01-08,Repeat,5787.85
CUST-07488,Diya Mehta,diya.mehta.7488@example.com,United Kingdom,2021-12-12,High-Value,15736.48
CUST-07489,Aarav Mehta,aarav.mehta.7489@example.com,Canada,2022-03-19,Repeat,2774.69
CUST-07490,Aditi Brown,aditi.brown.7490@example.com,Canada,2025-06-06,One-Time,138.83
CUST-07491,Diya Kumar,diya.kumar.7491@example.com,United States,2021-12-12,Repeat,5703.67
CUST-07492,Sophia Brown,sophia.brown.7492@example.com,Singapore,2025-12-04,Inactive,466.51
CUST-07493,Diya Patel,diya.patel.7493@example.com,India,2021-01-04,Repeat,1266.40
CUST-07494,Sophia Garcia,sophia.garcia.7494@example.com,United Kingdom,2022-05-02,Repeat,3032.97
CUST-07495,Rohan Wilson,rohan.wilson.7495@example.com,United Kingdom,2024-01-10,One-Time,284.95
CUST-07496,Emma Gupta,emma.gupta.7496@example.com,Canada,2025-06-08,Inactive,71.80
CUST-07497,Emma Gupta,emma.gupta.7497@example.com,Singapore,2024-07-05,One-Time,739.32
CUST-07498,Aarav Gupta,aarav.gupta.7498@example.com,Singapore,2021-05-16,One-Time,719.01
CUST-07499,Arjun Brown,arjun.brown.7499@example.com,Germany,2023-05-03,Repeat,4225.62
CUST-07500,Arjun Sharma,arjun.sharma.7500@example.com,Singapore,2025-01-25,Repeat,1037.81
CUST-07501,Aarav Mehta,aarav.mehta.7501@example.com,United Arab Emirates,2020-02-25,Repeat,6719.36
CUST-07502,Vikram Mehta,vikram.mehta.7502@example.com,Germany,2024-03-04,Repeat,5086.70
CUST-07503,Sophia Patel,sophia.patel.7503@example.com,India,2025-11-28,Repeat,7052.68
CUST-07504,Liam Gupta,liam.gupta.7504@example.com,United States,2023-10-21,High-Value,24378.88
CUST-07505,Aarav Garcia,aarav.garcia.7505@example.com,Australia,2024-02-26,Inactive,201.03
CUST-07506,Vikram Brown,vikram.brown.7506@example.com,Australia,2021-01-05,High-Value,21912.18
CUST-07507,Aditi Reddy,aditi.reddy.7507@example.com,Germany,2020-01-25,One-Time,41.13
CUST-07508,Meera Nair,meera.nair.7508@example.com,India,2021-04-05,Repeat,7002.18
CUST-07509,Liam Mehta,liam.mehta.7509@example.com,Canada,2025-10-27,High-Value,20301.88
CUST-07510,Diya Mehta,diya.mehta.7510@example.com,Germany,2021-08-19,Repeat,1468.96
CUST-07511,Vikram Reddy,vikram.reddy.7511@example.com,Singapore,2018-03-25,One-Time,826.33
CUST-07512,Kavya Garcia,kavya.garcia.7512@example.com,Singapore,2024-03-29,High-Value,12086.70
CUST-07513,Liam Reddy,liam.reddy.7513@example.com,United Kingdom,2023-02-22,One-Time,425.01
CUST-07514,Diya Nair,diya.nair.7514@example.com,India,2019-09-16,One-Time,672.23
CUST-07515,Liam Brown,liam.brown.7515@example.com,United Arab Emirates,2019-10-23,Repeat,6592.54
CUST-07516,Sophia Kumar,sophia.kumar.7516@example.com,Australia,2020-04-06,One-Time,1032.92
CUST-07517,Vikram Patel,vikram.patel.7517@example.com,Germany,2024-12-30,One-Time,576.81
CUST-07518,Rohan Reddy,rohan.reddy.7518@example.com,Australia,2024-10-15,One-Time,266.29
CUST-07519,Vikram Patel,vikram.patel.7519@example.com,India,2023-05-03,One-Time,439.68
CUST-07520,Diya Brown,diya.brown.7520@example.com,India,2020-06-30,One-Time,894.41
CUST-07521,Liam Gupta,liam.gupta.7521@example.com,United Arab Emirates,2025-02-06,High-Value,22855.92
CUST-07522,Sophia Singh,sophia.singh.7522@example.com,Canada,2025-03-25,Repeat,6999.25
CUST-07523,Rohan Patel,rohan.patel.7523@example.com,United Kingdom,2024-09-03,One-Time,953.15
CUST-07524,Sophia Reddy,sophia.reddy.7524@example.com,United Arab Emirates,2019-09-06,Repeat,4724.02
CUST-07525,Neha Reddy,neha.reddy.7525@example.com,Australia,2018-09-23,Repeat,1140.88
CUST-07526,Kavya Brown,kavya.brown.7526@example.com,United Kingdom,2018-04-15,Repeat,2374.56
CUST-07527,Neha Gupta,neha.gupta.7527@example.com,Australia,2025-10-08,One-Time,862.15
CUST-07528,Noah Nair,noah.nair.7528@example.com,United States,2019-07-05,Repeat,7363.04
CUST-07529,Vikram Singh,vikram.singh.7529@example.com,India,2021-05-14,Repeat,2525.67
CUST-07530,Liam Reddy,liam.reddy.7530@example.com,India,2022-08-21,One-Time,155.01
CUST-07531,Kavya Brown,kavya.brown.7531@example.com,Germany,2024-04-10,One-Time,646.25
CUST-07532,Vikram Nair,vikram.nair.7532@example.com,United Arab Emirates,2024-03-09,One-Time,735.75
CUST-07533,Liam Singh,liam.singh.7533@example.com,United Kingdom,2023-02-22,High-Value,18158.65
CUST-07534,Rohan Gupta,rohan.gupta.7534@example.com,Canada,2019-05-05,High-Value,16639.20
CUST-07535,Olivia Mehta,olivia.mehta.7535@example.com,Australia,2024-12-28,Repeat,5545.20
CUST-07536,Vikram Kumar,vikram.kumar.7536@example.com,Germany,2020-10-30,Inactive,399.47
CUST-07537,Noah Miller,noah.miller.7537@example.com,Australia,2021-01-16,Repeat,5418.24
CUST-07538,Olivia Mehta,olivia.mehta.7538@example.com,United States,2023-09-06,One-Time,1020.77
CUST-07539,Noah Brown,noah.brown.7539@example.com,India,2022-01-18,One-Time,612.05
CUST-07540,Arjun Patel,arjun.patel.7540@example.com,United States,2018-07-27,Inactive,311.58
CUST-07541,Ishaan Wilson,ishaan.wilson.7541@example.com,United States,2019-11-13,Inactive,147.22
CUST-07542,Diya Singh,diya.singh.7542@example.com,India,2018-12-14,Repeat,5218.54
CUST-07543,Noah Kumar,noah.kumar.7543@example.com,United Kingdom,2023-01-31,Inactive,324.96
CUST-07544,Arjun Miller,arjun.miller.7544@example.com,United States,2019-05-10,Repeat,2872.50
CUST-07545,Noah Singh,noah.singh.7545@example.com,Australia,2024-03-20,Repeat,1300.01
CUST-07546,Aarav Brown,aarav.brown.7546@example.com,India,2019-07-29,Inactive,133.22
CUST-07547,Olivia Gupta,olivia.gupta.7547@example.com,Canada,2024-01-07,Inactive,423.13
CUST-07548,Emma Reddy,emma.reddy.7548@example.com,Germany,2022-09-05,Inactive,404.73
CUST-07549,Vikram Mehta,vikram.mehta.7549@example.com,Australia,2021-07-09,One-Time,93.37
CUST-07550,Noah Mehta,noah.mehta.7550@example.com,India,2018-09-18,Inactive,226.92
CUST-07551,Emma Garcia,emma.garcia.7551@example.com,Germany,2025-06-06,One-Time,253.05
CUST-07552,Olivia Sharma,olivia.sharma.7552@example.com,United States,2019-06-17,Inactive,359.72
CUST-07553,Liam Patel,liam.patel.7553@example.com,United States,2023-01-27,Inactive,188.02
CUST-07554,Liam Brown,liam.brown.7554@example.com,United States,2022-07-18,One-Time,443.05
CUST-07555,Ishaan Gupta,ishaan.gupta.7555@example.com,India,2021-12-02,One-Time,939.68
CUST-07556,Neha Brown,neha.brown.7556@example.com,Germany,2019-06-27,One-Time,50.40
CUST-07557,Vikram Garcia,vikram.garcia.7557@example.com,United Kingdom,2023-01-07,One-Time,122.63
CUST-07558,Arjun Kumar,arjun.kumar.7558@example.com,Canada,2023-07-18,One-Time,209.00
CUST-07559,Aditi Gupta,aditi.gupta.7559@example.com,Australia,2024-03-18,Repeat,4113.85
CUST-07560,Liam Brown,liam.brown.7560@example.com,India,2018-03-21,Inactive,76.61
CUST-07561,Diya Singh,diya.singh.7561@example.com,United Arab Emirates,2025-07-03,One-Time,232.62
CUST-07562,Arjun Singh,arjun.singh.7562@example.com,India,2018-12-15,Repeat,4048.75
CUST-07563,Aditi Miller,aditi.miller.7563@example.com,Canada,2025-10-06,Repeat,5265.37
CUST-07564,Diya Brown,diya.brown.7564@example.com,United Arab Emirates,2020-12-14,One-Time,111.69
CUST-07565,Liam Brown,liam.brown.7565@example.com,Canada,2020-05-07,Repeat,3882.68
CUST-07566,Liam Kumar,liam.kumar.7566@example.com,Germany,2025-08-22,One-Time,1008.66
CUST-07567,Olivia Reddy,olivia.reddy.7567@example.com,Australia,2021-08-09,One-Time,600.24
CUST-07568,Rohan Mehta,rohan.mehta.7568@example.com,United States,2019-10-12,Repeat,6265.40
CUST-07569,Aarav Wilson,aarav.wilson.7569@example.com,Germany,2020-02-15,One-Time,484.08
CUST-07570,Kavya Patel,kavya.patel.7570@example.com,Germany,2019-02-26,Repeat,6628.54
CUST-07571,Vikram Kumar,vikram.kumar.7571@example.com,Germany,2020-07-04,One-Time,533.76
CUST-07572,Olivia Gupta,olivia.gupta.7572@example.com,India,2023-02-15,Repeat,5627.53
CUST-07573,Neha Kumar,neha.kumar.7573@example.com,Germany,2024-02-25,One-Time,944.26
CUST-07574,Ishaan Sharma,ishaan.sharma.7574@example.com,United Kingdom,2020-02-18,Repeat,4744.83
CUST-07575,Rohan Brown,rohan.brown.7575@example.com,United States,2023-07-30,Inactive,234.78
CUST-07576,Kavya Patel,kavya.patel.7576@example.com,Singapore,2023-08-22,High-Value,20212.01
CUST-07577,Aarav Singh,aarav.singh.7577@example.com,United Kingdom,2024-05-31,One-Time,768.44
CUST-07578,Emma Gupta,emma.gupta.7578@example.com,Australia,2025-11-02,Repeat,6964.87
CUST-07579,Meera Garcia,meera.garcia.7579@example.com,Canada,2018-07-18,High-Value,21879.06
CUST-07580,Ishaan Reddy,ishaan.reddy.7580@example.com,Germany,2024-09-14,Repeat,5309.04
CUST-07581,Meera Singh,meera.singh.7581@example.com,Australia,2019-12-23,Repeat,6902.39
CUST-07582,Diya Mehta,diya.mehta.7582@example.com,United Kingdom,2020-12-17,Repeat,4422.00
CUST-07583,Emma Sharma,emma.sharma.7583@example.com,United Kingdom,2019-10-14,One-Time,876.81
CUST-07584,Olivia Reddy,olivia.reddy.7584@example.com,United States,2024-01-03,Repeat,5754.47
CUST-07585,Aarav Garcia,aarav.garcia.7585@example.com,Singapore,2018-06-21,One-Time,323.74
CUST-07586,Vikram Kumar,vikram.kumar.7586@example.com,Germany,2024-10-29,Repeat,6988.42
CUST-07587,Olivia Mehta,olivia.mehta.7587@example.com,Canada,2023-11-23,One-Time,1090.43
CUST-07588,Sophia Miller,sophia.miller.7588@example.com,Germany,2025-11-12,One-Time,425.26
CUST-07589,Neha Reddy,neha.reddy.7589@example.com,United States,2024-12-20,Repeat,1275.26
CUST-07590,Aditi Brown,aditi.brown.7590@example.com,United Arab Emirates,2023-02-26,One-Time,377.49
CUST-07591,Neha Singh,neha.singh.7591@example.com,Canada,2019-11-15,One-Time,159.21
CUST-07592,Sophia Singh,sophia.singh.7592@example.com,United Kingdom,2021-10-11,Repeat,1956.96
CUST-07593,Liam Reddy,liam.reddy.7593@example.com,United States,2019-05-19,Repeat,6538.21
CUST-07594,Rohan Garcia,rohan.garcia.7594@example.com,Singapore,2018-08-15,One-Time,43.22
CUST-07595,Emma Sharma,emma.sharma.7595@example.com,Canada,2020-07-05,Repeat,1096.90
CUST-07596,Neha Singh,neha.singh.7596@example.com,United Arab Emirates,2020-03-02,Inactive,120.62
CUST-07597,Sophia Patel,sophia.patel.7597@example.com,India,2018-05-25,High-Value,12706.99
CUST-07598,Olivia Patel,olivia.patel.7598@example.com,United Arab Emirates,2019-06-09,One-Time,269.07
CUST-07599,Aarav Reddy,aarav.reddy.7599@example.com,Canada,2018-12-04,Inactive,481.24
CUST-07600,Diya Garcia,diya.garcia.7600@example.com,Canada,2025-11-10,One-Time,462.84
CUST-07601,Sophia Patel,sophia.patel.7601@example.com,United Kingdom,2023-04-04,Repeat,3997.43
CUST-07602,Arjun Nair,arjun.nair.7602@example.com,India,2021-09-06,One-Time,925.74
CUST-07603,Vikram Wilson,vikram.wilson.7603@example.com,United States,2025-09-14,One-Time,275.62
CUST-07604,Noah Kumar,noah.kumar.7604@example.com,India,2025-04-15,One-Time,325.22
CUST-07605,Diya Singh,diya.singh.7605@example.com,Singapore,2021-11-27,Repeat,1257.96
CUST-07606,Rohan Brown,rohan.brown.7606@example.com,United Arab Emirates,2023-12-20,Repeat,4871.00
CUST-07607,Emma Wilson,emma.wilson.7607@example.com,United Kingdom,2022-12-11,One-Time,1076.15
CUST-07608,Arjun Miller,arjun.miller.7608@example.com,United Arab Emirates,2021-05-07,Repeat,2638.34
CUST-07609,Arjun Patel,arjun.patel.7609@example.com,United States,2021-03-08,One-Time,947.91
CUST-07610,Aditi Singh,aditi.singh.7610@example.com,Canada,2019-07-18,Repeat,3086.30
CUST-07611,Vikram Singh,vikram.singh.7611@example.com,United States,2018-06-18,Repeat,7409.96
CUST-07612,Emma Kumar,emma.kumar.7612@example.com,Australia,2020-08-15,Repeat,5822.73
CUST-07613,Rohan Reddy,rohan.reddy.7613@example.com,Singapore,2023-02-27,Inactive,313.87
CUST-07614,Noah Wilson,,United Arab Emirates,2018-03-04,One-Time,479.75
CUST-07615,Kavya Singh,kavya.singh.7615@example.com,Germany,2020-11-01,One-Time,47.02
CUST-07616,Ishaan Garcia,ishaan.garcia.7616@example.com,Australia,2025-08-26,Inactive,383.82
CUST-07617,Aarav Kumar,aarav.kumar.7617@example.com,Germany,2023-07-18,Inactive,117.05
CUST-07618,Diya Garcia,diya.garcia.7618@example.com,United States,2022-11-05,Repeat,6400.85
CUST-07619,Noah Brown,noah.brown.7619@example.com,Singapore,2024-12-22,Inactive,94.35
CUST-07620,Neha Singh,neha.singh.7620@example.com,India,2024-08-16,One-Time,55.25
CUST-07621,Aarav Patel,aarav.patel.7621@example.com,Singapore,2024-02-29,Repeat,5230.71
CUST-07622,Kavya Mehta,kavya.mehta.7622@example.com,United Arab Emirates,2018-11-01,High-Value,15769.05
CUST-07623,Liam Kumar,liam.kumar.7623@example.com,United Arab Emirates,2025-08-08,Inactive,302.07
CUST-07624,Kavya Miller,kavya.miller.7624@example.com,Singapore,2022-01-28,Inactive,387.20
CUST-07625,Meera Gupta,meera.gupta.7625@example.com,India,2024-05-19,Inactive,378.04
CUST-07626,Neha Kumar,neha.kumar.7626@example.com,India,2022-07-04,One-Time,513.06
CUST-07627,Arjun Singh,arjun.singh.7627@example.com,United States,2025-07-27,Repeat,2917.67
CUST-07628,Kavya Mehta,kavya.mehta.7628@example.com,United Kingdom,2025-05-11,One-Time,157.34
CUST-07629,Emma Sharma,emma.sharma.7629@example.com,United Arab Emirates,2019-07-28,Repeat,2103.46
CUST-07630,Noah Wilson,noah.wilson.7630@example.com,India,2018-10-12,Inactive,307.58
CUST-07631,Aditi Mehta,aditi.mehta.7631@example.com,India,2018-02-23,Inactive,465.29
CUST-07632,Aarav Mehta,aarav.mehta.7632@example.com,India,2021-02-07,Repeat,4805.00
CUST-07633,Rohan Patel,rohan.patel.7633@example.com,Germany,2018-05-18,Inactive,436.07
CUST-07634,Sophia Singh,sophia.singh.7634@example.com,India,2021-02-26,One-Time,1055.38
CUST-07635,Rohan Reddy,rohan.reddy.7635@example.com,Australia,2025-07-04,Repeat,6487.44
CUST-07636,Vikram Wilson,vikram.wilson.7636@example.com,United States,2021-11-20,Repeat,5944.85
CUST-07637,Arjun Nair,arjun.nair.7637@example.com,Australia,2024-06-20,One-Time,1135.19
CUST-07638,Neha Wilson,neha.wilson.7638@example.com,India,2025-05-11,High-Value,20843.69
CUST-07639,Rohan Brown,rohan.brown.7639@example.com,Canada,2019-05-07,One-Time,328.65
CUST-07640,Kavya Gupta,kavya.gupta.7640@example.com,United Arab Emirates,2022-10-17,Repeat,956.70
CUST-07641,Noah Patel,noah.patel.7641@example.com,Germany,2025-11-21,One-Time,187.58
CUST-07642,Arjun Gupta,arjun.gupta.7642@example.com,United States,2019-04-06,High-Value,20842.95
CUST-07643,Arjun Reddy,arjun.reddy.7643@example.com,Canada,2021-02-19,Repeat,1215.43
CUST-07644,Kavya Miller,kavya.miller.7644@example.com,Australia,2021-08-17,One-Time,932.08
CUST-07645,Neha Mehta,neha.mehta.7645@example.com,United Arab Emirates,2024-05-06,One-Time,1072.42
CUST-07646,Arjun Sharma,arjun.sharma.7646@example.com,United Kingdom,2024-05-04,Repeat,7062.66
CUST-07647,Olivia Kumar,olivia.kumar.7647@example.com,Australia,2023-12-13,High-Value,16067.94
CUST-07648,Kavya Patel,kavya.patel.7648@example.com,United Kingdom,2022-02-26,One-Time,652.91
CUST-07649,Kavya Sharma,kavya.sharma.7649@example.com,Singapore,2025-03-29,One-Time,539.86
CUST-07650,Noah Sharma,noah.sharma.7650@example.com,United Arab Emirates,2021-12-30,One-Time,987.42
CUST-07651,Meera Patel,meera.patel.7651@example.com,United States,2018-05-05,Repeat,5578.00
CUST-07652,Neha Brown,neha.brown.7652@example.com,United Arab Emirates,2019-04-01,One-Time,1032.54
CUST-07653,Meera Nair,meera.nair.7653@example.com,Australia,2025-07-29,Repeat,4974.46
CUST-07654,Rohan Gupta,rohan.gupta.7654@example.com,Canada,2018-01-26,Repeat,3004.67
CUST-07655,Liam Garcia,liam.garcia.7655@example.com,United States,2019-08-20,One-Time,282.54
CUST-07656,Neha Wilson,neha.wilson.7656@example.com,India,2022-05-08,Repeat,3205.18
CUST-07657,Olivia Singh,olivia.singh.7657@example.com,Australia,2024-06-16,High-Value,6894.86
CUST-07658,Arjun Nair,arjun.nair.7658@example.com,Germany,2018-02-03,Repeat,6015.00
CUST-07659,Liam Kumar,liam.kumar.7659@example.com,United Kingdom,2020-02-05,One-Time,273.47
CUST-07660,Noah Sharma,noah.sharma.7660@example.com,Singapore,2022-11-02,One-Time,835.86
CUST-07661,Aarav Sharma,aarav.sharma.7661@example.com,United Kingdom,2025-07-30,One-Time,984.38
CUST-07662,Meera Brown,meera.brown.7662@example.com,Germany,2019-03-15,Repeat,999.01
CUST-07663,Rohan Gupta,rohan.gupta.7663@example.com,Singapore,2023-12-11,High-Value,14995.06
CUST-07664,Diya Sharma,diya.sharma.7664@example.com,Australia,2021-01-26,Repeat,6296.24
CUST-07665,Aditi Brown,aditi.brown.7665@example.com,Singapore,2022-05-25,One-Time,889.32
CUST-07666,Neha Patel,neha.patel.7666@example.com,United States,2024-01-04,Repeat,4335.60
CUST-07667,Vikram Wilson,vikram.wilson.7667@example.com,Germany,2020-10-28,Repeat,2654.41
CUST-07668,Sophia Singh,sophia.singh.7668@example.com,Singapore,2023-10-11,One-Time,911.37
CUST-07669,Diya Miller,diya.miller.7669@example.com,Germany,2024-05-09,Repeat,1967.19
CUST-07670,Neha Mehta,neha.mehta.7670@example.com,United Kingdom,2023-03-04,Inactive,495.26
CUST-07671,Aarav Wilson,aarav.wilson.7671@example.com,United Arab Emirates,2020-05-11,One-Time,365.53
CUST-07672,Aditi Gupta,aditi.gupta.7672@example.com,United States,2023-05-17,One-Time,764.31
CUST-07673,Sophia Singh,sophia.singh.7673@example.com,United States,2024-01-13,Inactive,233.36
CUST-07674,Aditi Brown,aditi.brown.7674@example.com,United States,2018-11-11,Repeat,981.37
CUST-07675,Kavya Patel,kavya.patel.7675@example.com,India,2022-03-24,One-Time,97.72
CUST-07676,Olivia Brown,olivia.brown.7676@example.com,United Arab Emirates,2021-08-25,Repeat,3452.37
CUST-07677,Meera Gupta,meera.gupta.7677@example.com,Singapore,2020-03-02,High-Value,6949.95
CUST-07678,Arjun Wilson,arjun.wilson.7678@example.com,United Kingdom,2019-11-02,High-Value,7383.76
CUST-07679,Arjun Gupta,arjun.gupta.7679@example.com,Singapore,2019-04-19,One-Time,872.32
CUST-07680,Noah Brown,noah.brown.7680@example.com,Germany,2019-08-14,Repeat,2380.81
CUST-07681,Ishaan Garcia,ishaan.garcia.7681@example.com,Singapore,2023-01-31,One-Time,379.79
CUST-07682,Aditi Garcia,aditi.garcia.7682@example.com,Germany,2024-05-07,Repeat,5227.08
CUST-07683,Noah Mehta,noah.mehta.7683@example.com,Singapore,2024-08-25,Inactive,153.39
CUST-07684,Noah Wilson,noah.wilson.7684@example.com,Canada,2019-11-04,Repeat,4038.75
CUST-07685,Liam Reddy,liam.reddy.7685@example.com,India,2024-05-04,Inactive,223.88
CUST-07686,Neha Reddy,neha.reddy.7686@example.com,United Kingdom,2018-11-13,High-Value,17800.44
CUST-07687,Liam Mehta,liam.mehta.7687@example.com,Australia,2020-06-03,Repeat,5501.99
CUST-07688,Aditi Nair,aditi.nair.7688@example.com,Canada,2022-11-20,One-Time,104.20
CUST-07689,Rohan Sharma,rohan.sharma.7689@example.com,Singapore,2021-10-08,One-Time,1045.10
CUST-07690,Aarav Garcia,aarav.garcia.7690@example.com,United Arab Emirates,2021-11-08,Repeat,3772.33
CUST-07691,Neha Wilson,neha.wilson.7691@example.com,United Kingdom,2019-02-17,Repeat,6895.43
CUST-07692,Sophia Reddy,sophia.reddy.7692@example.com,United Kingdom,2022-01-09,Inactive,67.03
CUST-07693,Ishaan Kumar,ishaan.kumar.7693@example.com,Canada,2023-05-23,One-Time,76.97
CUST-07694,Ishaan Patel,ishaan.patel.7694@example.com,Germany,2023-04-20,Repeat,2694.48
CUST-07695,Olivia Wilson,olivia.wilson.7695@example.com,Germany,2019-11-17,High-Value,6504.57
CUST-07696,Ishaan Wilson,ishaan.wilson.7696@example.com,India,2021-04-09,High-Value,9370.02
CUST-07697,Aditi Singh,aditi.singh.7697@example.com,Canada,2023-05-17,One-Time,319.64
CUST-07698,Emma Wilson,emma.wilson.7698@example.com,Canada,2025-01-10,One-Time,705.10
CUST-07699,Aarav Garcia,aarav.garcia.7699@example.com,United States,2024-04-14,One-Time,471.09
CUST-07700,Neha Miller,neha.miller.7700@example.com,Germany,2021-07-03,One-Time,777.44
CUST-07701,Aditi Sharma,aditi.sharma.7701@example.com,United States,2022-06-13,One-Time,716.91
CUST-07702,Liam Reddy,liam.reddy.7702@example.com,United Arab Emirates,2022-12-02,One-Time,923.59
CUST-07703,Sophia Brown,sophia.brown.7703@example.com,Germany,2024-06-12,One-Time,248.67
CUST-07704,Kavya Kumar,kavya.kumar.7704@example.com,Canada,2019-08-31,One-Time,91.49
CUST-07705,Ishaan Miller,ishaan.miller.7705@example.com,United States,2024-11-09,One-Time,133.31
CUST-07706,Neha Wilson,neha.wilson.7706@example.com,United States,2020-02-17,Inactive,145.45
CUST-07707,Vikram Miller,vikram.miller.7707@example.com,United Arab Emirates,2022-04-27,Repeat,2952.37
CUST-07708,Emma Nair,emma.nair.7708@example.com,Singapore,2023-09-09,Inactive,222.75
CUST-07709,Emma Reddy,emma.reddy.7709@example.com,Australia,2024-01-27,One-Time,939.98
CUST-07710,Meera Wilson,meera.wilson.7710@example.com,United States,2021-03-01,Inactive,376.28
CUST-07711,Vikram Singh,vikram.singh.7711@example.com,Australia,2022-12-19,One-Time,714.48
CUST-07712,Rohan Singh,rohan.singh.7712@example.com,Australia,2018-05-16,One-Time,286.41
CUST-07713,Olivia Patel,olivia.patel.7713@example.com,United States,2020-07-02,One-Time,987.79
CUST-07714,Vikram Patel,vikram.patel.7714@example.com,Germany,2021-12-26,High-Value,10479.16
CUST-07715,Aditi Nair,aditi.nair.7715@example.com,Singapore,2021-06-13,Repeat,6858.73
CUST-07716,Kavya Nair,kavya.nair.7716@example.com,Australia,2020-10-28,High-Value,9758.45
CUST-07717,Liam Nair,liam.nair.7717@example.com,United Kingdom,2020-07-31,Inactive,480.42
CUST-07718,Diya Nair,diya.nair.7718@example.com,United States,2018-02-28,One-Time,402.09
CUST-07719,Olivia Mehta,olivia.mehta.7719@example.com,Canada,2022-07-23,High-Value,12329.30
CUST-07720,Arjun Sharma,arjun.sharma.7720@example.com,United States,2025-05-30,Inactive,495.57
CUST-07721,Rohan Mehta,rohan.mehta.7721@example.com,United Arab Emirates,2020-03-10,One-Time,87.10
CUST-07722,Noah Wilson,noah.wilson.7722@example.com,Singapore,2023-06-13,Inactive,320.03
CUST-07723,Kavya Gupta,kavya.gupta.7723@example.com,Canada,2025-03-31,One-Time,497.49
CUST-07724,Noah Mehta,noah.mehta.7724@example.com,Singapore,2019-03-26,Repeat,4973.27
CUST-07725,Aarav Sharma,aarav.sharma.7725@example.com,Canada,2021-02-16,Repeat,2134.84
CUST-07726,Ishaan Mehta,ishaan.mehta.7726@example.com,Singapore,2021-01-15,One-Time,526.30
CUST-07727,Meera Sharma,meera.sharma.7727@example.com,Canada,2020-07-06,Inactive,413.28
CUST-07728,Aarav Patel,aarav.patel.7728@example.com,Canada,2018-10-03,One-Time,564.16
CUST-07729,Kavya Nair,kavya.nair.7729@example.com,Singapore,2022-07-07,One-Time,219.96
CUST-07730,Kavya Mehta,kavya.mehta.7730@example.com,Germany,2024-01-29,One-Time,656.25
CUST-07731,Arjun Miller,arjun.miller.7731@example.com,Canada,2022-04-22,Repeat,2312.21
CUST-07732,Olivia Brown,olivia.brown.7732@example.com,Australia,2020-08-26,One-Time,38.34
CUST-07733,Meera Brown,meera.brown.7733@example.com,Singapore,2018-06-21,Repeat,7312.70
CUST-07734,Emma Garcia,emma.garcia.7734@example.com,Germany,2020-06-08,Repeat,6922.67
CUST-07735,Ishaan Gupta,ishaan.gupta.7735@example.com,Australia,2025-06-29,Repeat,1828.97
CUST-07736,Kavya Wilson,kavya.wilson.7736@example.com,United Arab Emirates,2024-07-03,High-Value,5386.01
CUST-07737,Ishaan Sharma,ishaan.sharma.7737@example.com,United Arab Emirates,2025-01-21,Repeat,937.68
CUST-07738,Liam Wilson,liam.wilson.7738@example.com,Germany,2023-02-24,One-Time,40.26
CUST-07739,Rohan Sharma,rohan.sharma.7739@example.com,Germany,2024-05-08,Repeat,4440.39
CUST-07740,Liam Kumar,liam.kumar.7740@example.com,Singapore,2022-09-20,One-Time,256.83
CUST-07741,Rohan Sharma,rohan.sharma.7741@example.com,United Kingdom,2025-05-23,Repeat,5006.87
CUST-07742,Arjun Mehta,arjun.mehta.7742@example.com,Germany,2023-05-07,One-Time,393.39
CUST-07743,Neha Mehta,neha.mehta.7743@example.com,United Kingdom,2024-03-10,Repeat,6224.54
CUST-07744,Aarav Gupta,aarav.gupta.7744@example.com,United Kingdom,2020-07-26,One-Time,455.47
CUST-07745,Aarav Reddy,aarav.reddy.7745@example.com,United States,2025-04-20,Repeat,1882.60
CUST-07746,Aarav Mehta,aarav.mehta.7746@example.com,Singapore,2024-04-26,Repeat,859.84
CUST-07747,Meera Reddy,meera.reddy.7747@example.com,United Arab Emirates,2025-03-15,Repeat,4259.83
CUST-07748,Meera Patel,meera.patel.7748@example.com,Germany,2021-09-22,Repeat,5178.26
CUST-07749,Aditi Miller,aditi.miller.7749@example.com,India,2021-04-19,Inactive,349.32
CUST-07750,Noah Sharma,noah.sharma.7750@example.com,Canada,2019-05-11,Inactive,106.92
CUST-07751,Sophia Patel,sophia.patel.7751@example.com,United Arab Emirates,2023-10-20,High-Value,18547.76
CUST-07752,Meera Nair,meera.nair.7752@example.com,Canada,2020-02-09,Repeat,6310.98
CUST-07753,Kavya Miller,kavya.miller.7753@example.com,India,2023-11-30,Inactive,173.31
CUST-07754,Liam Miller,liam.miller.7754@example.com,Germany,2025-02-28,One-Time,1002.41
CUST-07755,Neha Mehta,neha.mehta.7755@example.com,United Arab Emirates,2020-03-30,Repeat,4497.55
CUST-07756,Aarav Garcia,aarav.garcia.7756@example.com,India,2023-06-25,Repeat,7149.68
CUST-07757,Liam Sharma,liam.sharma.7757@example.com,United Arab Emirates,2022-11-22,Repeat,6261.44
CUST-07758,Neha Kumar,neha.kumar.7758@example.com,Canada,2021-09-14,One-Time,115.24
CUST-07759,Emma Singh,emma.singh.7759@example.com,Germany,2022-02-18,One-Time,713.24
CUST-07760,Olivia Reddy,olivia.reddy.7760@example.com,Germany,2025-11-06,One-Time,321.59
CUST-07761,Aarav Gupta,aarav.gupta.7761@example.com,Australia,2022-10-19,One-Time,707.73
CUST-07762,Meera Gupta,meera.gupta.7762@example.com,United States,2019-10-21,Repeat,5892.65
CUST-07763,Sophia Mehta,sophia.mehta.7763@example.com,Australia,2022-11-11,Inactive,327.52
CUST-07764,Liam Brown,liam.brown.7764@example.com,Australia,2025-04-17,One-Time,944.10
CUST-07765,Olivia Patel,olivia.patel.7765@example.com,India,2019-03-22,High-Value,8718.09
CUST-07766,Kavya Kumar,kavya.kumar.7766@example.com,United States,2019-11-22,One-Time,701.36
CUST-07767,Noah Mehta,noah.mehta.7767@example.com,Singapore,2018-01-06,One-Time,287.71
CUST-07768,Aarav Gupta,aarav.gupta.7768@example.com,Australia,2023-07-02,One-Time,387.25
CUST-07769,Noah Gupta,noah.gupta.7769@example.com,United States,2025-02-04,Inactive,14.60
CUST-07770,Diya Wilson,diya.wilson.7770@example.com,Singapore,2022-11-06,One-Time,65.37
CUST-07771,Arjun Brown,arjun.brown.7771@example.com,Australia,2020-03-10,High-Value,20947.75
CUST-07772,Rohan Nair,rohan.nair.7772@example.com,United Arab Emirates,2020-09-23,Repeat,5201.62
CUST-07773,Sophia Gupta,sophia.gupta.7773@example.com,Canada,2025-08-06,One-Time,321.63
CUST-07774,Kavya Reddy,kavya.reddy.7774@example.com,United Arab Emirates,2019-08-09,Repeat,7021.17
CUST-07775,Noah Wilson,noah.wilson.7775@example.com,Australia,2025-01-23,Repeat,2866.07
CUST-07776,Neha Reddy,neha.reddy.7776@example.com,India,2020-07-25,Repeat,6887.52
CUST-07777,Noah Miller,noah.miller.7777@example.com,Canada,2024-06-16,One-Time,1175.60
CUST-07778,Emma Garcia,emma.garcia.7778@example.com,United Arab Emirates,2023-03-29,Inactive,308.40
CUST-07779,Aditi Miller,aditi.miller.7779@example.com,Australia,2022-04-23,Repeat,5517.68
CUST-07780,Ishaan Gupta,ishaan.gupta.7780@example.com,United States,2025-03-08,One-Time,825.33
CUST-07781,Sophia Gupta,sophia.gupta.7781@example.com,United States,2021-09-25,Repeat,3047.64
CUST-07782,Vikram Sharma,vikram.sharma.7782@example.com,United States,2019-06-14,One-Time,674.28
CUST-07783,Noah Nair,noah.nair.7783@example.com,Australia,2022-10-20,One-Time,628.19
CUST-07784,Noah Wilson,noah.wilson.7784@example.com,Singapore,2018-01-18,One-Time,379.31
CUST-07785,Aditi Wilson,aditi.wilson.7785@example.com,Singapore,2022-09-14,One-Time,1090.74
CUST-07786,Sophia Garcia,sophia.garcia.7786@example.com,Germany,2024-07-18,One-Time,29.83
CUST-07787,Aarav Nair,aarav.nair.7787@example.com,Germany,2020-04-08,High-Value,9252.28
CUST-07788,Rohan Nair,rohan.nair.7788@example.com,Singapore,2021-04-27,Repeat,1235.41
CUST-07789,Vikram Gupta,vikram.gupta.7789@example.com,United States,2022-09-05,Repeat,960.28
CUST-07790,Aditi Wilson,aditi.wilson.7790@example.com,Singapore,2019-07-09,Inactive,96.36
CUST-07791,Sophia Miller,sophia.miller.7791@example.com,Singapore,2022-04-30,Inactive,303.59
CUST-07792,Aditi Patel,aditi.patel.7792@example.com,United Kingdom,2021-06-28,Inactive,376.09
CUST-07793,Aditi Patel,aditi.patel.7793@example.com,United Kingdom,2019-08-31,Inactive,428.39
CUST-07794,Olivia Miller,olivia.miller.7794@example.com,United Kingdom,2022-11-11,Inactive,413.87
CUST-07795,Diya Sharma,diya.sharma.7795@example.com,Singapore,2018-08-09,Inactive,151.69
CUST-07796,Sophia Sharma,sophia.sharma.7796@example.com,United States,2020-02-25,One-Time,453.81
CUST-07797,Aditi Gupta,aditi.gupta.7797@example.com,United Kingdom,2024-08-01,Repeat,3855.59
CUST-07798,Olivia Brown,olivia.brown.7798@example.com,India,2019-09-25,Repeat,4952.43
CUST-07799,Kavya Miller,kavya.miller.7799@example.com,United Kingdom,2019-04-25,Inactive,84.91
CUST-07800,Ishaan Wilson,ishaan.wilson.7800@example.com,United Kingdom,2023-08-07,Inactive,305.17
CUST-07801,Aarav Brown,aarav.brown.7801@example.com,Singapore,2025-11-17,Repeat,6401.20
CUST-07802,Neha Mehta,neha.mehta.7802@example.com,Singapore,2023-01-12,Repeat,2136.05
CUST-07803,Kavya Garcia,kavya.garcia.7803@example.com,United Arab Emirates,2021-03-30,Repeat,4679.22
CUST-07804,Aditi Gupta,aditi.gupta.7804@example.com,Singapore,2023-03-25,One-Time,774.52
CUST-07805,Kavya Sharma,kavya.sharma.7805@example.com,United Arab Emirates,2025-03-16,One-Time,823.54
CUST-07806,Aditi Mehta,aditi.mehta.7806@example.com,Australia,2021-02-04,Repeat,1768.84
CUST-07807,Kavya Kumar,kavya.kumar.7807@example.com,United Kingdom,2019-11-27,Inactive,35.80
CUST-07808,Emma Singh,emma.singh.7808@example.com,Australia,2024-02-23,One-Time,626.36
CUST-07809,Ishaan Gupta,ishaan.gupta.7809@example.com,Canada,2024-05-29,High-Value,18062.88
CUST-07810,Ishaan Wilson,ishaan.wilson.7810@example.com,United States,2020-02-05,Repeat,2520.80
CUST-07811,Sophia Patel,sophia.patel.7811@example.com,Germany,2024-09-08,Inactive,368.55
CUST-07812,Emma Sharma,emma.sharma.7812@example.com,United States,2024-11-04,One-Time,255.20
CUST-07813,Kavya Brown,kavya.brown.7813@example.com,United Kingdom,2022-09-18,Repeat,3680.05
CUST-07814,Neha Patel,neha.patel.7814@example.com,Germany,2025-01-25,One-Time,677.26
CUST-07815,Sophia Gupta,sophia.gupta.7815@example.com,United Kingdom,2018-11-16,Repeat,1361.63
CUST-07816,Aditi Miller,aditi.miller.7816@example.com,United States,2025-08-27,One-Time,1080.32
CUST-07817,Rohan Patel,rohan.patel.7817@example.com,India,2019-01-21,Inactive,344.82
CUST-07818,Meera Gupta,meera.gupta.7818@example.com,Australia,2024-07-07,High-Value,24658.16
CUST-07819,Ishaan Brown,ishaan.brown.7819@example.com,Germany,2021-08-15,One-Time,1083.63
CUST-07820,Vikram Gupta,vikram.gupta.7820@example.com,United Kingdom,2025-08-11,One-Time,363.63
CUST-07821,Vikram Sharma,vikram.sharma.7821@example.com,United Arab Emirates,2025-02-28,Repeat,6672.96
CUST-07822,Kavya Garcia,kavya.garcia.7822@example.com,United Arab Emirates,2020-01-23,Inactive,110.68
CUST-07823,Arjun Singh,arjun.singh.7823@example.com,United Kingdom,2022-07-24,Repeat,6919.45
CUST-07824,Aarav Gupta,aarav.gupta.7824@example.com,Canada,2024-09-22,One-Time,83.94
CUST-07825,Vikram Nair,vikram.nair.7825@example.com,Canada,2023-02-07,One-Time,975.81
CUST-07826,Emma Kumar,emma.kumar.7826@example.com,Australia,2019-06-01,Repeat,2498.65
CUST-07827,Diya Reddy,diya.reddy.7827@example.com,Australia,2021-04-10,Repeat,5560.57
CUST-07828,Emma Sharma,emma.sharma.7828@example.com,United Arab Emirates,2018-01-07,Inactive,278.26
CUST-07829,Liam Singh,liam.singh.7829@example.com,United Arab Emirates,2020-03-03,High-Value,15029.62
CUST-07830,Liam Brown,liam.brown.7830@example.com,Germany,2022-01-08,One-Time,726.74
CUST-07831,Rohan Wilson,rohan.wilson.7831@example.com,Canada,2021-09-18,One-Time,1001.75
CUST-07832,Rohan Garcia,rohan.garcia.7832@example.com,United States,2019-08-31,Inactive,34.95
CUST-07833,Rohan Garcia,rohan.garcia.7833@example.com,United Arab Emirates,2018-11-23,High-Value,11344.66
CUST-07834,Kavya Patel,kavya.patel.7834@example.com,Germany,2025-09-08,Repeat,1759.60
CUST-07835,Ishaan Sharma,ishaan.sharma.7835@example.com,India,2022-02-28,One-Time,848.93
CUST-07836,Meera Brown,meera.brown.7836@example.com,Germany,2018-04-28,Repeat,1657.78
CUST-07837,Emma Reddy,emma.reddy.7837@example.com,India,2024-06-17,Inactive,312.53
CUST-07838,Aarav Nair,aarav.nair.7838@example.com,United States,2021-12-07,One-Time,337.36
CUST-07839,Neha Sharma,neha.sharma.7839@example.com,United Kingdom,2024-02-29,Inactive,56.97
CUST-07840,Sophia Patel,sophia.patel.7840@example.com,United States,2020-08-04,One-Time,471.51
CUST-07841,Aarav Miller,aarav.miller.7841@example.com,Australia,2018-07-14,One-Time,735.36
CUST-07842,Diya Wilson,diya.wilson.7842@example.com,Canada,2022-01-04,Repeat,2440.43
CUST-07843,Diya Kumar,diya.kumar.7843@example.com,United States,2025-01-28,One-Time,176.78
CUST-07844,Emma Gupta,emma.gupta.7844@example.com,Germany,2024-07-08,One-Time,77.14
CUST-07845,Aarav Garcia,aarav.garcia.7845@example.com,Germany,2021-01-15,One-Time,665.35
CUST-07846,Ishaan Kumar,ishaan.kumar.7846@example.com,United Kingdom,2021-09-26,One-Time,731.99
CUST-07847,Liam Garcia,liam.garcia.7847@example.com,United Arab Emirates,2019-03-07,One-Time,901.65
CUST-07848,Ishaan Reddy,ishaan.reddy.7848@example.com,Singapore,2023-05-12,High-Value,20224.89
CUST-07849,Sophia Kumar,sophia.kumar.7849@example.com,United States,2023-12-26,Repeat,948.78
CUST-07850,Rohan Miller,rohan.miller.7850@example.com,India,2022-07-24,Inactive,207.10
CUST-07851,Neha Reddy,neha.reddy.7851@example.com,Singapore,2022-12-22,One-Time,919.82
CUST-07852,Olivia Nair,olivia.nair.7852@example.com,India,2024-02-18,Inactive,223.93
CUST-07853,Vikram Reddy,vikram.reddy.7853@example.com,United States,2023-10-12,Inactive,169.19
CUST-07854,Olivia Garcia,olivia.garcia.7854@example.com,Canada,2021-10-24,Repeat,2434.93
CUST-07855,Liam Sharma,liam.sharma.7855@example.com,India,2021-01-22,Repeat,2024.65
CUST-07856,Kavya Nair,kavya.nair.7856@example.com,Canada,2020-06-23,Inactive,328.29
CUST-07857,Noah Mehta,noah.mehta.7857@example.com,United Kingdom,2024-05-24,One-Time,418.04
CUST-07858,Emma Brown,emma.brown.7858@example.com,Canada,2020-03-10,One-Time,590.19
CUST-07859,Liam Kumar,liam.kumar.7859@example.com,United Kingdom,2023-01-19,Repeat,5310.98
CUST-07860,Vikram Brown,vikram.brown.7860@example.com,United Arab Emirates,2022-11-08,High-Value,8870.69
CUST-07861,Sophia Wilson,sophia.wilson.7861@example.com,United Kingdom,2019-11-30,Inactive,383.21
CUST-07862,Arjun Nair,arjun.nair.7862@example.com,United Arab Emirates,2020-04-09,Repeat,3941.41
CUST-07863,Rohan Sharma,rohan.sharma.7863@example.com,Australia,2024-08-03,Repeat,2171.10
CUST-07864,Emma Gupta,emma.gupta.7864@example.com,India,2025-02-17,Repeat,5186.27
CUST-07865,Diya Brown,diya.brown.7865@example.com,United Arab Emirates,2021-03-27,Repeat,3495.18
CUST-07866,Ishaan Singh,ishaan.singh.7866@example.com,Australia,2025-05-10,Inactive,404.33
CUST-07867,Arjun Miller,arjun.miller.7867@example.com,Germany,2020-11-09,Repeat,6445.94
CUST-07868,Ishaan Miller,ishaan.miller.7868@example.com,United States,2025-04-02,Repeat,7337.85
CUST-07869,Aditi Garcia,aditi.garcia.7869@example.com,India,2025-12-24,Repeat,4547.58
CUST-07870,Vikram Brown,vikram.brown.7870@example.com,India,2019-05-17,One-Time,1048.61
CUST-07871,Neha Reddy,neha.reddy.7871@example.com,Canada,2019-11-29,Inactive,190.08
CUST-07872,Noah Brown,noah.brown.7872@example.com,India,2018-12-28,High-Value,17828.54
CUST-07873,Liam Nair,liam.nair.7873@example.com,Germany,2020-02-06,One-Time,258.06
CUST-07874,Arjun Nair,arjun.nair.7874@example.com,United Kingdom,2025-10-09,Repeat,4594.59
CUST-07875,Ishaan Miller,ishaan.miller.7875@example.com,United States,2023-01-24,Repeat,4433.54
CUST-07876,Meera Mehta,meera.mehta.7876@example.com,Canada,2019-12-16,Repeat,6339.82
CUST-07877,Meera Reddy,meera.reddy.7877@example.com,Singapore,2024-04-09,Repeat,3314.60
CUST-07878,Rohan Garcia,rohan.garcia.7878@example.com,Canada,2021-05-01,Inactive,491.61
CUST-07879,Arjun Singh,arjun.singh.7879@example.com,Singapore,2022-06-14,One-Time,83.76
CUST-07880,Aditi Patel,aditi.patel.7880@example.com,Australia,2019-05-30,High-Value,23460.49
CUST-07881,Noah Wilson,noah.wilson.7881@example.com,United States,2024-02-02,One-Time,1030.01
CUST-07882,Liam Brown,liam.brown.7882@example.com,United Arab Emirates,2020-11-29,One-Time,1070.59
CUST-07883,Ishaan Garcia,ishaan.garcia.7883@example.com,Singapore,2025-04-23,One-Time,1172.56
CUST-07884,Sophia Mehta,sophia.mehta.7884@example.com,United Arab Emirates,2021-02-19,One-Time,880.34
CUST-07885,Rohan Mehta,rohan.mehta.7885@example.com,Australia,2025-06-20,Inactive,141.49
CUST-07886,Meera Sharma,meera.sharma.7886@example.com,United States,2022-01-28,Inactive,322.81
CUST-07887,Emma Mehta,emma.mehta.7887@example.com,Canada,2018-03-25,Repeat,6046.91
CUST-07888,Aarav Kumar,aarav.kumar.7888@example.com,United Kingdom,2020-07-23,Repeat,5962.05
CUST-07889,Noah Garcia,noah.garcia.7889@example.com,India,2019-03-26,High-Value,22071.61
CUST-07890,Aditi Wilson,aditi.wilson.7890@example.com,United States,2023-10-23,Repeat,6996.02
CUST-07891,Arjun Nair,arjun.nair.7891@example.com,Australia,2018-11-18,Repeat,1522.06
CUST-07892,Aditi Miller,aditi.miller.7892@example.com,Canada,2018-04-04,Inactive,431.52
CUST-07893,Arjun Reddy,arjun.reddy.7893@example.com,Germany,2024-05-31,Repeat,7422.34
CUST-07894,Meera Reddy,meera.reddy.7894@example.com,India,2024-09-26,One-Time,1089.10
CUST-07895,Vikram Kumar,vikram.kumar.7895@example.com,United Arab Emirates,2025-08-07,High-Value,20133.48
CUST-07896,Sophia Patel,sophia.patel.7896@example.com,United States,2021-12-12,Inactive,175.62
CUST-07897,Sophia Reddy,sophia.reddy.7897@example.com,Canada,2025-03-11,Repeat,4481.70
CUST-07898,Olivia Miller,olivia.miller.7898@example.com,United Arab Emirates,2022-12-29,Repeat,4102.46
CUST-07899,Sophia Singh,sophia.singh.7899@example.com,Singapore,2022-10-30,Inactive,417.54
CUST-07900,Diya Sharma,diya.sharma.7900@example.com,United Arab Emirates,2025-02-26,Repeat,5411.44
CUST-07901,Ishaan Nair,ishaan.nair.7901@example.com,United States,2023-02-16,One-Time,284.88
CUST-07902,Aarav Wilson,aarav.wilson.7902@example.com,Singapore,2022-02-18,Repeat,3812.46
CUST-07903,Aditi Gupta,aditi.gupta.7903@example.com,United Kingdom,2019-12-04,One-Time,300.13
CUST-07904,Aditi Garcia,aditi.garcia.7904@example.com,Singapore,2018-10-13,Inactive,95.98
CUST-07905,Aarav Gupta,aarav.gupta.7905@example.com,Australia,2025-04-06,Repeat,5743.59
CUST-07906,Olivia Mehta,olivia.mehta.7906@example.com,Canada,2025-04-08,High-Value,19635.34
CUST-07907,Aditi Sharma,aditi.sharma.7907@example.com,United States,2020-02-07,Repeat,4437.22
CUST-07908,Arjun Mehta,arjun.mehta.7908@example.com,United States,2022-03-22,Inactive,425.88
CUST-07909,Rohan Kumar,rohan.kumar.7909@example.com,United Arab Emirates,2024-11-11,Repeat,4475.36
CUST-07910,Olivia Gupta,olivia.gupta.7910@example.com,United Arab Emirates,2019-10-14,Repeat,7267.06
CUST-07911,Olivia Patel,olivia.patel.7911@example.com,Singapore,2022-01-21,High-Value,13723.98
CUST-07912,Aditi Kumar,aditi.kumar.7912@example.com,United States,2022-12-08,One-Time,1128.00
CUST-07913,Noah Garcia,noah.garcia.7913@example.com,United States,2025-01-30,Repeat,2826.56
CUST-07914,Ishaan Miller,ishaan.miller.7914@example.com,United States,2020-04-25,One-Time,990.85
CUST-07915,Kavya Wilson,kavya.wilson.7915@example.com,United States,2024-10-22,High-Value,24395.73
CUST-07916,Emma Mehta,emma.mehta.7916@example.com,Australia,2021-10-18,One-Time,545.19
CUST-07917,Neha Patel,neha.patel.7917@example.com,India,2021-04-10,Inactive,7.59
CUST-07918,Kavya Mehta,kavya.mehta.7918@example.com,Singapore,2018-12-14,Inactive,7.91
CUST-07919,Ishaan Garcia,ishaan.garcia.7919@example.com,United States,2021-10-09,One-Time,977.99
CUST-07920,Arjun Garcia,arjun.garcia.7920@example.com,United States,2019-08-16,Inactive,0.37
CUST-07921,Vikram Reddy,vikram.reddy.7921@example.com,United Kingdom,2019-02-18,One-Time,291.64
CUST-07922,Sophia Kumar,sophia.kumar.7922@example.com,United States,2025-04-22,One-Time,291.49
CUST-07923,Noah Nair,noah.nair.7923@example.com,United Kingdom,2018-03-04,Repeat,7014.98
CUST-07924,Neha Kumar,neha.kumar.7924@example.com,Canada,2021-01-22,One-Time,945.58
CUST-07925,Liam Brown,liam.brown.7925@example.com,Singapore,2021-10-13,Repeat,938.58
CUST-07926,Ishaan Reddy,ishaan.reddy.7926@example.com,Singapore,2025-11-20,Inactive,359.39
CUST-07927,Emma Patel,emma.patel.7927@example.com,Canada,2018-04-20,Repeat,4092.37
CUST-07928,Liam Nair,liam.nair.7928@example.com,Germany,2021-07-26,Repeat,5817.62
CUST-07929,Liam Patel,liam.patel.7929@example.com,India,2019-02-20,Repeat,4025.54
CUST-07930,Aditi Nair,aditi.nair.7930@example.com,Canada,2024-06-26,Repeat,5007.62
CUST-07931,Arjun Mehta,arjun.mehta.7931@example.com,Singapore,2022-03-23,Repeat,6569.58
CUST-07932,Sophia Brown,sophia.brown.7932@example.com,United Kingdom,2023-11-11,One-Time,629.39
CUST-07933,Aditi Miller,aditi.miller.7933@example.com,United States,2025-09-30,One-Time,299.91
CUST-07934,Sophia Miller,sophia.miller.7934@example.com,United Kingdom,2019-11-23,One-Time,278.59
CUST-07935,Neha Reddy,neha.reddy.7935@example.com,United Kingdom,2018-10-21,Inactive,116.33
CUST-07936,Ishaan Brown,ishaan.brown.7936@example.com,United Arab Emirates,2025-09-18,Repeat,6826.81
CUST-07937,Neha Reddy,neha.reddy.7937@example.com,Australia,2018-06-11,Repeat,3705.95
CUST-07938,Liam Wilson,liam.wilson.7938@example.com,United Arab Emirates,2022-11-22,Repeat,974.97
CUST-07939,Aditi Nair,aditi.nair.7939@example.com,Germany,2020-03-05,One-Time,315.49
CUST-07940,Diya Mehta,diya.mehta.7940@example.com,Singapore,2024-07-22,One-Time,330.33
CUST-07941,Liam Brown,liam.brown.7941@example.com,Germany,2021-12-10,One-Time,148.59
CUST-07942,Noah Wilson,noah.wilson.7942@example.com,United Kingdom,2023-08-03,High-Value,24390.65
CUST-07943,Vikram Brown,vikram.brown.7943@example.com,Canada,2018-09-09,Repeat,4863.98
CUST-07944,Liam Brown,liam.brown.7944@example.com,Germany,2022-12-12,One-Time,122.60
CUST-07945,Noah Kumar,noah.kumar.7945@example.com,United Arab Emirates,2019-12-20,Repeat,6415.79
CUST-07946,Olivia Reddy,olivia.reddy.7946@example.com,Canada,2022-08-09,One-Time,542.16
CUST-07947,Kavya Sharma,kavya.sharma.7947@example.com,United Arab Emirates,2025-12-08,Repeat,4967.79
CUST-07948,Ishaan Reddy,ishaan.reddy.7948@example.com,Australia,2023-10-04,One-Time,763.15
CUST-07949,Kavya Mehta,kavya.mehta.7949@example.com,United States,2024-08-27,One-Time,733.59
CUST-07950,Diya Patel,diya.patel.7950@example.com,India,2018-02-25,One-Time,622.50
CUST-07951,Emma Brown,emma.brown.7951@example.com,Canada,2025-04-23,High-Value,19861.01
CUST-07952,Aditi Garcia,aditi.garcia.7952@example.com,Canada,2024-01-30,One-Time,1146.15
CUST-07953,Vikram Miller,vikram.miller.7953@example.com,Canada,2023-08-17,Repeat,1005.80
CUST-07954,Aditi Singh,aditi.singh.7954@example.com,United Arab Emirates,2018-04-16,One-Time,695.13
CUST-07955,Aditi Sharma,aditi.sharma.7955@example.com,Canada,2020-07-05,Repeat,6001.76
CUST-07956,Neha Garcia,neha.garcia.7956@example.com,Singapore,2018-04-11,Repeat,4013.33
CUST-07957,Ishaan Patel,ishaan.patel.7957@example.com,United Kingdom,2021-08-31,One-Time,967.74
CUST-07958,Ishaan Gupta,ishaan.gupta.7958@example.com,Australia,2022-02-25,High-Value,13932.85
CUST-07959,Vikram Reddy,vikram.reddy.7959@example.com,United States,2025-09-18,Repeat,2549.81
CUST-07960,Aditi Brown,aditi.brown.7960@example.com,Singapore,2018-02-03,One-Time,312.91
CUST-07961,Neha Patel,neha.patel.7961@example.com,Singapore,2025-02-27,Repeat,3047.42
CUST-07962,Ishaan Miller,ishaan.miller.7962@example.com,United Arab Emirates,2022-09-20,Repeat,3300.59
CUST-07963,Rohan Sharma,rohan.sharma.7963@example.com,Australia,2024-11-22,Repeat,7074.15
CUST-07964,Emma Garcia,emma.garcia.7964@example.com,Singapore,2019-02-09,One-Time,970.08
CUST-07965,Aarav Kumar,aarav.kumar.7965@example.com,Singapore,2024-06-19,High-Value,8504.12
CUST-07966,Noah Brown,noah.brown.7966@example.com,India,2025-04-01,Repeat,3980.54
CUST-07967,Aditi Nair,aditi.nair.7967@example.com,Singapore,2025-09-12,Repeat,5433.18
CUST-07968,Noah Mehta,noah.mehta.7968@example.com,United Kingdom,2019-06-30,One-Time,1196.95
CUST-07969,Aarav Nair,aarav.nair.7969@example.com,Canada,2022-09-15,One-Time,1064.29
CUST-07970,Aditi Brown,aditi.brown.7970@example.com,Germany,2018-04-30,Inactive,458.86
CUST-07971,Neha Patel,neha.patel.7971@example.com,Canada,2021-10-02,Repeat,1423.38
CUST-07972,Sophia Garcia,sophia.garcia.7972@example.com,Singapore,2024-10-02,Repeat,4060.55
CUST-07973,Diya Patel,diya.patel.7973@example.com,Australia,2022-04-19,One-Time,47.26
CUST-07974,Emma Singh,emma.singh.7974@example.com,United Arab Emirates,2024-09-03,One-Time,885.37
CUST-07975,Kavya Kumar,kavya.kumar.7975@example.com,United Arab Emirates,2021-09-08,Repeat,3113.56
CUST-07976,Arjun Kumar,arjun.kumar.7976@example.com,India,2025-10-13,Repeat,4805.31
CUST-07977,Aarav Mehta,aarav.mehta.7977@example.com,Australia,2018-11-26,High-Value,17352.86
CUST-07978,Neha Gupta,neha.gupta.7978@example.com,Singapore,2021-02-14,One-Time,1037.39
CUST-07979,Diya Mehta,diya.mehta.7979@example.com,Singapore,2024-05-31,Repeat,5808.21
CUST-07980,Aarav Kumar,aarav.kumar.7980@example.com,United Kingdom,2019-05-27,One-Time,1039.45
CUST-07981,Sophia Garcia,sophia.garcia.7981@example.com,United Kingdom,2020-12-21,One-Time,119.90
CUST-07982,Aarav Reddy,aarav.reddy.7982@example.com,Singapore,2025-11-03,Repeat,6770.11
CUST-07983,Neha Reddy,neha.reddy.7983@example.com,India,2022-01-26,Inactive,242.83
CUST-07984,Diya Wilson,diya.wilson.7984@example.com,United States,2021-10-27,One-Time,895.10
CUST-07985,Ishaan Wilson,ishaan.wilson.7985@example.com,Australia,2020-02-22,One-Time,228.54
CUST-07986,Noah Singh,noah.singh.7986@example.com,United States,2019-04-10,One-Time,373.97
CUST-07987,Neha Miller,neha.miller.7987@example.com,United Kingdom,2022-07-12,Repeat,1431.69
CUST-07988,Noah Garcia,noah.garcia.7988@example.com,United Kingdom,2019-08-28,One-Time,982.85
CUST-07989,Neha Brown,neha.brown.7989@example.com,United States,2023-06-28,One-Time,113.13
CUST-07990,Aditi Mehta,aditi.mehta.7990@example.com,Germany,2024-01-19,Repeat,4449.69
CUST-07991,Olivia Patel,olivia.patel.7991@example.com,India,2020-10-25,One-Time,188.11
CUST-07992,Aditi Sharma,aditi.sharma.7992@example.com,Australia,2021-12-02,Repeat,4852.20
CUST-07993,Aditi Miller,aditi.miller.7993@example.com,United States,2025-12-06,Repeat,5168.48
CUST-07994,Neha Wilson,neha.wilson.7994@example.com,Germany,2023-01-30,High-Value,18458.42
CUST-07995,Aditi Nair,aditi.nair.7995@example.com,India,2018-05-23,Repeat,4263.04
CUST-07996,Diya Miller,diya.miller.7996@example.com,Australia,2019-03-05,Repeat,6194.71
CUST-07997,Neha Kumar,neha.kumar.7997@example.com,Singapore,2020-03-18,Inactive,27.49
CUST-07998,Sophia Singh,sophia.singh.7998@example.com,India,2024-06-26,High-Value,16569.20
CUST-07999,Emma Sharma,emma.sharma.7999@example.com,Australia,2020-01-06,Repeat,2596.13
CUST-08000,Aarav Miller,aarav.miller.8000@example.com,United Arab Emirates,2024-07-13,Repeat,3646.56
CUST-08001,Vikram Singh,vikram.singh.8001@example.com,United Arab Emirates,2022-03-11,High-Value,7013.38
CUST-08002,Ishaan Garcia,ishaan.garcia.8002@example.com,Australia,2022-01-21,Repeat,6710.90
CUST-08003,Kavya Sharma,kavya.sharma.8003@example.com,United Kingdom,2022-02-28,Repeat,6881.63
CUST-08004,Emma Patel,emma.patel.8004@example.com,United Kingdom,2024-06-09,One-Time,596.13
CUST-08005,Aditi Gupta,aditi.gupta.8005@example.com,Australia,2025-10-20,Repeat,1121.80
CUST-08006,Kavya Nair,kavya.nair.8006@example.com,Canada,2018-12-11,Repeat,3206.42
CUST-08007,Neha Reddy,neha.reddy.8007@example.com,Australia,2023-02-11,One-Time,1060.05
CUST-08008,Sophia Gupta,sophia.gupta.8008@example.com,United Arab Emirates,2020-01-27,One-Time,264.64
CUST-08009,Ishaan Garcia,ishaan.garcia.8009@example.com,Germany,2025-08-29,One-Time,304.02
CUST-08010,Aditi Nair,aditi.nair.8010@example.com,United Arab Emirates,2023-12-31,One-Time,594.48
CUST-08011,Noah Singh,noah.singh.8011@example.com,United Kingdom,2024-07-07,Inactive,113.69
CUST-08012,Diya Nair,diya.nair.8012@example.com,Canada,2025-04-10,One-Time,987.33
CUST-08013,Diya Reddy,diya.reddy.8013@example.com,Singapore,2024-03-18,Repeat,1357.87
CUST-08014,Olivia Garcia,olivia.garcia.8014@example.com,United Kingdom,2020-07-07,One-Time,671.43
CUST-08015,Sophia Sharma,sophia.sharma.8015@example.com,United States,2025-04-30,Inactive,234.27
CUST-08016,Olivia Garcia,olivia.garcia.8016@example.com,India,2025-10-17,Inactive,70.34
CUST-08017,Rohan Sharma,rohan.sharma.8017@example.com,United Arab Emirates,2025-03-22,One-Time,1069.53
CUST-08018,Vikram Singh,vikram.singh.8018@example.com,Canada,2025-12-04,High-Value,14863.85
CUST-08019,Sophia Mehta,sophia.mehta.8019@example.com,United States,2020-06-26,Repeat,5663.92
CUST-08020,Sophia Brown,sophia.brown.8020@example.com,Singapore,2019-08-17,Repeat,2964.21
CUST-08021,Aarav Nair,aarav.nair.8021@example.com,India,2020-12-23,Repeat,1399.83
CUST-08022,Kavya Miller,kavya.miller.8022@example.com,Australia,2020-01-17,One-Time,923.29
CUST-08023,Neha Miller,neha.miller.8023@example.com,Germany,2025-11-01,Inactive,235.28
CUST-08024,Vikram Miller,vikram.miller.8024@example.com,United Kingdom,2020-09-15,Inactive,379.42
CUST-08025,Vikram Gupta,vikram.gupta.8025@example.com,United States,2024-10-13,Repeat,4432.14
CUST-08026,Sophia Patel,sophia.patel.8026@example.com,Canada,2020-08-30,One-Time,317.47
CUST-08027,Vikram Kumar,vikram.kumar.8027@example.com,Australia,2021-10-11,One-Time,437.83
CUST-08028,Kavya Reddy,kavya.reddy.8028@example.com,United Kingdom,2025-02-08,One-Time,369.79
CUST-08029,Ishaan Singh,ishaan.singh.8029@example.com,Germany,2021-10-23,One-Time,350.82
CUST-08030,Arjun Patel,arjun.patel.8030@example.com,Australia,2020-03-01,One-Time,368.33
CUST-08031,Emma Gupta,emma.gupta.8031@example.com,Australia,2025-09-23,One-Time,178.48
CUST-08032,Neha Wilson,neha.wilson.8032@example.com,India,2020-08-06,High-Value,9642.81
CUST-08033,Ishaan Garcia,ishaan.garcia.8033@example.com,United Kingdom,2023-12-11,One-Time,505.25
CUST-08034,Meera Nair,meera.nair.8034@example.com,Canada,2018-08-28,High-Value,7399.14
CUST-08035,Kavya Sharma,kavya.sharma.8035@example.com,Germany,2025-05-09,One-Time,370.61
CUST-08036,Noah Reddy,noah.reddy.8036@example.com,United States,2021-03-30,Repeat,6459.05
CUST-08037,Ishaan Patel,ishaan.patel.8037@example.com,United States,2024-06-03,Inactive,330.60
CUST-08038,Ishaan Sharma,ishaan.sharma.8038@example.com,Germany,2018-06-02,Repeat,871.35
CUST-08039,Neha Wilson,neha.wilson.8039@example.com,Singapore,2019-09-09,Repeat,4228.02
CUST-08040,Kavya Miller,kavya.miller.8040@example.com,Singapore,2023-04-14,Repeat,3273.47
CUST-08041,Diya Nair,diya.nair.8041@example.com,Singapore,2020-04-07,Repeat,1335.60
CUST-08042,Neha Wilson,neha.wilson.8042@example.com,India,2021-08-30,One-Time,593.66
CUST-08043,Sophia Brown,sophia.brown.8043@example.com,India,2018-02-13,One-Time,1199.41
CUST-08044,Liam Sharma,liam.sharma.8044@example.com,India,2025-04-12,Inactive,204.70
CUST-08045,Aarav Mehta,aarav.mehta.8045@example.com,Canada,2022-10-12,High-Value,20678.31
CUST-08046,Liam Brown,liam.brown.8046@example.com,United States,2023-03-08,One-Time,597.03
CUST-08047,Vikram Miller,vikram.miller.8047@example.com,Singapore,2019-07-06,Inactive,224.88
CUST-08048,Meera Miller,meera.miller.8048@example.com,India,2018-05-31,One-Time,700.77
CUST-08049,Olivia Singh,olivia.singh.8049@example.com,Singapore,2018-09-12,Repeat,4151.65
CUST-08050,Liam Gupta,liam.gupta.8050@example.com,United Arab Emirates,2022-12-22,Inactive,323.68
CUST-08051,Sophia Garcia,sophia.garcia.8051@example.com,Germany,2020-11-20,Repeat,5792.82
CUST-08052,Aarav Singh,aarav.singh.8052@example.com,Singapore,2022-05-27,One-Time,1009.79
CUST-08053,Aarav Wilson,aarav.wilson.8053@example.com,Canada,2020-07-03,One-Time,28.25
CUST-08054,Neha Sharma,neha.sharma.8054@example.com,Germany,2020-10-23,High-Value,24382.77
CUST-08055,Neha Kumar,neha.kumar.8055@example.com,India,2021-08-24,Repeat,6187.34
CUST-08056,Ishaan Gupta,ishaan.gupta.8056@example.com,Singapore,2023-12-17,One-Time,640.75
CUST-08057,Liam Patel,liam.patel.8057@example.com,Canada,2019-01-29,One-Time,186.73
CUST-08058,Liam Mehta,liam.mehta.8058@example.com,Australia,2022-12-31,Repeat,4947.00
CUST-08059,Emma Brown,emma.brown.8059@example.com,Australia,2022-08-15,High-Value,14041.86
CUST-08060,Aarav Singh,aarav.singh.8060@example.com,Germany,2024-06-05,Repeat,3285.58
CUST-08061,Emma Sharma,emma.sharma.8061@example.com,Singapore,2024-03-12,Repeat,4139.75
CUST-08062,Aditi Gupta,aditi.gupta.8062@example.com,United Kingdom,2023-06-28,One-Time,598.98
CUST-08063,Sophia Mehta,sophia.mehta.8063@example.com,Canada,2025-10-23,Repeat,3348.12
CUST-08064,Aarav Mehta,aarav.mehta.8064@example.com,Canada,2018-04-18,Repeat,3461.87
CUST-08065,Olivia Wilson,olivia.wilson.8065@example.com,United States,2020-12-09,High-Value,14923.32
CUST-08066,Sophia Sharma,sophia.sharma.8066@example.com,United Arab Emirates,2025-10-17,One-Time,110.63
CUST-08067,Diya Sharma,diya.sharma.8067@example.com,Canada,2025-12-29,Repeat,2802.47
CUST-08068,Meera Nair,meera.nair.8068@example.com,United States,2021-01-17,One-Time,1164.50
CUST-08069,Rohan Brown,rohan.brown.8069@example.com,Singapore,2022-11-14,One-Time,798.13
CUST-08070,Vikram Singh,vikram.singh.8070@example.com,United Kingdom,2018-11-29,One-Time,430.03
CUST-08071,Meera Nair,meera.nair.8071@example.com,India,2019-07-12,Inactive,247.05
CUST-08072,Olivia Nair,olivia.nair.8072@example.com,Singapore,2022-05-14,One-Time,1167.85
CUST-08073,Aarav Mehta,aarav.mehta.8073@example.com,Australia,2023-11-19,Repeat,1653.91
CUST-08074,Liam Garcia,liam.garcia.8074@example.com,India,2025-08-15,Repeat,2955.84
CUST-08075,Rohan Singh,rohan.singh.8075@example.com,United Kingdom,2019-11-24,One-Time,1016.31
CUST-08076,Diya Wilson,diya.wilson.8076@example.com,India,2021-08-19,One-Time,354.62
CUST-08077,Olivia Sharma,olivia.sharma.8077@example.com,United States,2023-01-20,One-Time,119.53
CUST-08078,Diya Kumar,diya.kumar.8078@example.com,Australia,2022-03-18,Repeat,5879.52
CUST-08079,Liam Brown,liam.brown.8079@example.com,Canada,2021-05-26,One-Time,870.81
CUST-08080,Meera Garcia,meera.garcia.8080@example.com,United Kingdom,2024-10-16,High-Value,22906.99
CUST-08081,Vikram Sharma,vikram.sharma.8081@example.com,Singapore,2024-10-26,Repeat,5711.59
CUST-08082,Neha Nair,neha.nair.8082@example.com,United Arab Emirates,2018-12-12,Repeat,4343.76
CUST-08083,Meera Singh,meera.singh.8083@example.com,United States,2024-01-01,One-Time,99.77
CUST-08084,Vikram Nair,vikram.nair.8084@example.com,United States,2019-07-15,Repeat,4987.22
CUST-08085,Olivia Singh,olivia.singh.8085@example.com,United Arab Emirates,2024-01-25,One-Time,649.61
CUST-08086,Noah Gupta,noah.gupta.8086@example.com,United Arab Emirates,2025-06-29,High-Value,22487.92
CUST-08087,Sophia Mehta,sophia.mehta.8087@example.com,United Arab Emirates,2022-12-16,Repeat,3765.62
CUST-08088,Liam Patel,liam.patel.8088@example.com,India,2019-10-24,One-Time,923.42
CUST-08089,Liam Nair,liam.nair.8089@example.com,United Kingdom,2019-11-07,One-Time,741.63
CUST-08090,Ishaan Brown,ishaan.brown.8090@example.com,Germany,2023-10-24,One-Time,92.25
CUST-08091,Arjun Sharma,,Australia,2019-06-24,Repeat,6517.69
CUST-08092,Vikram Nair,vikram.nair.8092@example.com,United Kingdom,2019-07-20,One-Time,984.63
CUST-08093,Ishaan Miller,ishaan.miller.8093@example.com,Australia,2021-11-29,Inactive,436.51
CUST-08094,Emma Nair,emma.nair.8094@example.com,United Kingdom,2025-09-28,One-Time,69.84
CUST-08095,Liam Patel,liam.patel.8095@example.com,Canada,2021-12-28,Repeat,7033.41
CUST-08096,Meera Patel,meera.patel.8096@example.com,India,2022-06-05,Repeat,2623.57
CUST-08097,Ishaan Brown,ishaan.brown.8097@example.com,Germany,2019-11-29,Inactive,27.87
CUST-08098,Rohan Kumar,rohan.kumar.8098@example.com,India,2023-12-31,Inactive,461.17
CUST-08099,Olivia Kumar,olivia.kumar.8099@example.com,Germany,2023-11-11,One-Time,890.82
CUST-08100,Aarav Kumar,aarav.kumar.8100@example.com,Germany,2021-03-17,Repeat,4861.15
CUST-08101,Liam Reddy,liam.reddy.8101@example.com,United States,2018-01-10,Inactive,367.23
CUST-08102,Vikram Kumar,vikram.kumar.8102@example.com,India,2022-05-24,Repeat,6086.21
CUST-08103,Olivia Wilson,olivia.wilson.8103@example.com,Singapore,2025-12-10,One-Time,484.76
CUST-08104,Rohan Gupta,rohan.gupta.8104@example.com,India,2024-06-28,Repeat,1813.90
CUST-08105,Kavya Reddy,kavya.reddy.8105@example.com,Canada,2023-03-03,Repeat,5238.29
CUST-08106,Vikram Kumar,vikram.kumar.8106@example.com,United Arab Emirates,2018-07-18,One-Time,744.85
CUST-08107,Arjun Reddy,arjun.reddy.8107@example.com,Australia,2023-10-31,One-Time,581.53
CUST-08108,Emma Sharma,emma.sharma.8108@example.com,India,2021-07-03,One-Time,563.37
CUST-08109,Ishaan Mehta,ishaan.mehta.8109@example.com,Singapore,2021-12-30,Repeat,2687.81
CUST-08110,Sophia Mehta,sophia.mehta.8110@example.com,United States,2019-04-28,High-Value,21972.49
CUST-08111,Meera Sharma,meera.sharma.8111@example.com,Singapore,2022-09-29,Inactive,111.41
CUST-08112,Kavya Mehta,kavya.mehta.8112@example.com,Singapore,2018-09-14,Repeat,2274.04
CUST-08113,Sophia Sharma,sophia.sharma.8113@example.com,Singapore,2022-03-01,One-Time,589.11
CUST-08114,Emma Kumar,emma.kumar.8114@example.com,Singapore,2025-12-01,Repeat,3050.95
CUST-08115,Rohan Brown,rohan.brown.8115@example.com,Canada,2023-12-18,Repeat,3603.75
CUST-08116,Liam Reddy,liam.reddy.8116@example.com,Australia,2022-11-18,One-Time,154.94
CUST-08117,Neha Patel,neha.patel.8117@example.com,United States,2024-01-05,Inactive,251.91
CUST-08118,Kavya Gupta,kavya.gupta.8118@example.com,Canada,2018-01-07,Inactive,343.78
CUST-08119,Neha Brown,neha.brown.8119@example.com,India,2022-10-30,Repeat,7298.86
CUST-08120,Olivia Sharma,olivia.sharma.8120@example.com,Australia,2023-06-24,One-Time,992.65
CUST-08121,Aditi Nair,aditi.nair.8121@example.com,United Arab Emirates,2025-09-22,One-Time,86.42
CUST-08122,Vikram Nair,vikram.nair.8122@example.com,India,2019-12-15,Inactive,44.12
CUST-08123,Meera Brown,meera.brown.8123@example.com,United Arab Emirates,2019-08-11,High-Value,6576.48
CUST-08124,Kavya Garcia,kavya.garcia.8124@example.com,Singapore,2025-11-14,One-Time,1099.43
CUST-08125,Vikram Reddy,vikram.reddy.8125@example.com,India,2019-04-15,One-Time,269.14
CUST-08126,Vikram Miller,vikram.miller.8126@example.com,Singapore,2020-01-01,One-Time,1021.29
CUST-08127,Neha Gupta,neha.gupta.8127@example.com,United States,2019-06-15,One-Time,410.06
CUST-08128,Aarav Kumar,aarav.kumar.8128@example.com,United Arab Emirates,2025-05-02,Repeat,3503.77
CUST-08129,Rohan Kumar,rohan.kumar.8129@example.com,Australia,2020-03-23,One-Time,872.20
CUST-08130,Aditi Brown,aditi.brown.8130@example.com,Canada,2020-06-11,Inactive,356.69
CUST-08131,Ishaan Nair,ishaan.nair.8131@example.com,India,2018-03-26,Repeat,3740.69
CUST-08132,Kavya Mehta,kavya.mehta.9093@example.com,India,2018-02-21,High-Value,13052.09
CUST-08132,Neha Reddy,neha.reddy.8132@example.com,Singapore,2022-09-20,One-Time,957.31
CUST-08133,Liam Mehta,liam.mehta.8133@example.com,India,2025-03-23,High-Value,17031.60
CUST-08134,Rohan Gupta,rohan.gupta.8134@example.com,United States,2022-02-02,Repeat,6241.99
CUST-08135,Arjun Garcia,arjun.garcia.8135@example.com,Canada,2019-04-06,Repeat,5760.24
CUST-08136,Kavya Garcia,kavya.garcia.8136@example.com,Canada,2018-08-30,High-Value,14027.50
CUST-08137,Arjun Garcia,arjun.garcia.8137@example.com,United States,2019-03-31,Repeat,3187.51
CUST-08138,Olivia Singh,olivia.singh.8138@example.com,Germany,2024-10-13,Repeat,1185.96
CUST-08139,Emma Gupta,emma.gupta.8139@example.com,Singapore,2024-04-04,Inactive,254.87
CUST-08140,Rohan Sharma,rohan.sharma.8140@example.com,Germany,2023-05-05,Inactive,398.78
CUST-08141,Ishaan Kumar,ishaan.kumar.8141@example.com,Singapore,2025-07-10,One-Time,1178.98
CUST-08142,Arjun Patel,arjun.patel.8142@example.com,Singapore,2020-06-04,Repeat,3653.94
CUST-08143,Meera Garcia,meera.garcia.8143@example.com,United States,2018-10-13,High-Value,23186.55
CUST-08144,Arjun Wilson,arjun.wilson.8144@example.com,United Kingdom,2022-10-31,Inactive,23.46
CUST-08145,Liam Singh,liam.singh.8145@example.com,United Arab Emirates,2023-12-23,One-Time,49.20
CUST-08146,Meera Wilson,meera.wilson.8146@example.com,United Kingdom,2023-06-25,Repeat,3230.82
CUST-08147,Olivia Brown,olivia.brown.8147@example.com,India,2019-10-07,Repeat,4735.74
CUST-08148,Arjun Sharma,arjun.sharma.8148@example.com,United Arab Emirates,2022-09-06,One-Time,723.10
CUST-08149,Olivia Wilson,olivia.wilson.8149@example.com,United Kingdom,2023-09-17,Inactive,54.84
CUST-08150,Meera Mehta,meera.mehta.8150@example.com,Germany,2020-10-23,One-Time,643.83
CUST-08151,Aarav Kumar,aarav.kumar.8151@example.com,India,2019-06-30,One-Time,581.09
CUST-08152,Kavya Mehta,kavya.mehta.8152@example.com,Australia,2020-11-29,One-Time,94.88
CUST-08153,Aarav Gupta,aarav.gupta.8153@example.com,United Arab Emirates,2022-03-25,One-Time,152.25
CUST-08154,Noah Brown,noah.brown.8154@example.com,United States,2020-02-12,Inactive,352.46
CUST-08155,Arjun Gupta,arjun.gupta.8155@example.com,Canada,2025-06-25,One-Time,1024.58
CUST-08156,Aditi Sharma,aditi.sharma.8156@example.com,Singapore,2025-09-14,Inactive,68.45
CUST-08157,Sophia Mehta,sophia.mehta.8157@example.com,United Arab Emirates,2025-05-27,One-Time,921.28
CUST-08158,Olivia Brown,olivia.brown.8158@example.com,United States,2025-08-18,One-Time,145.00
CUST-08159,Sophia Garcia,sophia.garcia.8159@example.com,United States,2020-07-19,Inactive,463.79
CUST-08160,Ishaan Reddy,ishaan.reddy.8160@example.com,Australia,2023-03-14,One-Time,442.32
CUST-08161,Sophia Wilson,sophia.wilson.8161@example.com,United States,2020-01-30,High-Value,20993.33
CUST-08162,Emma Patel,emma.patel.8162@example.com,United Arab Emirates,2025-04-22,One-Time,335.33
CUST-08163,Liam Sharma,liam.sharma.8163@example.com,United Kingdom,2018-09-23,Inactive,260.71
CUST-08164,Olivia Mehta,olivia.mehta.8164@example.com,India,2019-02-04,Repeat,1261.58
CUST-08165,Aarav Kumar,aarav.kumar.8165@example.com,Canada,2020-10-22,High-Value,17483.18
CUST-08166,Sophia Mehta,sophia.mehta.8166@example.com,United Arab Emirates,2018-05-12,One-Time,21.87
CUST-08167,Noah Singh,noah.singh.8167@example.com,Australia,2021-03-21,One-Time,154.84
CUST-08168,Emma Patel,emma.patel.8168@example.com,United Arab Emirates,2021-10-15,One-Time,793.45
CUST-08169,Aditi Sharma,aditi.sharma.8169@example.com,Germany,2022-12-15,High-Value,12371.25
CUST-08170,Neha Mehta,neha.mehta.8170@example.com,United Kingdom,2023-07-30,Repeat,1336.14
CUST-08171,Vikram Garcia,vikram.garcia.8171@example.com,United Arab Emirates,2018-06-22,Repeat,1257.03
CUST-08172,Neha Patel,neha.patel.8172@example.com,United States,2025-11-24,High-Value,9475.30
CUST-08173,Olivia Miller,olivia.miller.8173@example.com,United States,2019-11-14,One-Time,429.22
CUST-08174,Emma Wilson,emma.wilson.8174@example.com,India,2025-09-11,One-Time,528.63
CUST-08175,Meera Nair,meera.nair.8175@example.com,United Kingdom,2023-06-14,One-Time,868.53
CUST-08176,Aarav Miller,aarav.miller.8176@example.com,United Arab Emirates,2020-02-04,Repeat,4084.86
CUST-08177,Ishaan Mehta,ishaan.mehta.8177@example.com,Germany,2022-05-09,One-Time,190.15
CUST-08178,Meera Nair,meera.nair.8178@example.com,United Arab Emirates,2021-06-09,One-Time,1039.10
CUST-08179,Aditi Nair,aditi.nair.8179@example.com,Canada,2023-05-30,High-Value,22797.08
CUST-08180,Arjun Gupta,arjun.gupta.8180@example.com,United Kingdom,2018-10-01,High-Value,20238.91
CUST-08181,Kavya Kumar,kavya.kumar.8181@example.com,United Arab Emirates,2024-05-13,High-Value,8713.26
CUST-08182,Emma Wilson,emma.wilson.8182@example.com,United Arab Emirates,2022-11-13,Inactive,455.24
CUST-08183,Liam Mehta,liam.mehta.8183@example.com,Australia,2019-07-24,Repeat,951.12
CUST-08184,Meera Patel,meera.patel.8184@example.com,United Arab Emirates,2023-03-06,Repeat,3481.78
CUST-08185,Rohan Mehta,rohan.mehta.8185@example.com,United States,2020-10-30,Inactive,379.07
CUST-08186,Aditi Nair,aditi.nair.8186@example.com,India,2020-09-15,One-Time,165.85
CUST-08187,Liam Kumar,liam.kumar.8187@example.com,Singapore,2019-03-08,Repeat,1527.27
CUST-08188,Noah Nair,noah.nair.8188@example.com,United Arab Emirates,2022-07-12,Repeat,2920.28
CUST-08189,Olivia Miller,olivia.miller.8189@example.com,United Arab Emirates,2018-08-23,Repeat,6084.12
CUST-08190,Ishaan Kumar,ishaan.kumar.8190@example.com,United Kingdom,2021-06-11,One-Time,334.43
CUST-08191,Sophia Nair,sophia.nair.8191@example.com,United Arab Emirates,2025-02-13,Repeat,3633.45
CUST-08192,Aditi Brown,aditi.brown.8192@example.com,United Arab Emirates,2018-03-20,Repeat,4675.57
CUST-08193,Kavya Patel,kavya.patel.8193@example.com,India,2018-10-08,Repeat,7096.66
CUST-08194,Noah Sharma,noah.sharma.8194@example.com,Australia,2023-01-08,Repeat,1736.76
CUST-08195,Liam Wilson,liam.wilson.8195@example.com,Germany,2023-01-12,Repeat,2976.85
CUST-08196,Meera Nair,meera.nair.8196@example.com,India,2024-09-17,Inactive,121.57
CUST-08197,Aditi Singh,aditi.singh.8197@example.com,Singapore,2022-02-16,One-Time,765.02
CUST-08198,Aditi Nair,aditi.nair.8198@example.com,United Kingdom,2019-11-16,Repeat,1040.24
CUST-08199,Diya Garcia,diya.garcia.8199@example.com,United States,2019-08-23,One-Time,929.01
CUST-08200,Neha Sharma,neha.sharma.8200@example.com,Singapore,2019-09-21,High-Value,24209.26
CUST-08201,Olivia Patel,olivia.patel.8201@example.com,Germany,2020-05-25,Repeat,3886.21
CUST-08202,Noah Garcia,noah.garcia.8202@example.com,Singapore,2025-08-10,High-Value,9575.16
CUST-08203,Emma Miller,emma.miller.8203@example.com,Germany,2021-09-01,High-Value,12372.66
CUST-08204,Sophia Miller,sophia.miller.8204@example.com,Singapore,2024-09-13,One-Time,849.20
CUST-08205,Emma Miller,emma.miller.8205@example.com,United Arab Emirates,2023-04-26,Inactive,150.13
CUST-08206,Ishaan Mehta,ishaan.mehta.8206@example.com,United Arab Emirates,2021-10-24,Repeat,2984.03
CUST-08207,Noah Miller,noah.miller.8207@example.com,United Arab Emirates,2020-04-17,Repeat,2452.36
CUST-08208,Emma Miller,emma.miller.8208@example.com,Singapore,2022-02-21,One-Time,703.81
CUST-08209,Aarav Mehta,aarav.mehta.8209@example.com,Australia,2020-05-04,Repeat,1363.98
CUST-08210,Aarav Nair,aarav.nair.8210@example.com,Australia,2018-07-21,Repeat,6576.30
CUST-08211,Noah Gupta,noah.gupta.8211@example.com,Singapore,2025-11-22,Repeat,6150.94
CUST-08212,Meera Patel,meera.patel.8212@example.com,Australia,2023-04-07,One-Time,350.15
CUST-08213,Aarav Garcia,aarav.garcia.8213@example.com,India,2023-07-28,Repeat,2000.29
CUST-08214,Neha Nair,neha.nair.8214@example.com,United Kingdom,2021-06-06,One-Time,553.76
CUST-08215,Aarav Brown,aarav.brown.8215@example.com,Germany,2024-03-20,Repeat,3596.06
CUST-08216,Neha Garcia,neha.garcia.8216@example.com,Canada,2021-01-04,Repeat,4200.76
CUST-08217,Arjun Reddy,arjun.reddy.8217@example.com,Canada,2025-03-27,One-Time,772.56
CUST-08218,Vikram Nair,vikram.nair.8218@example.com,Singapore,2018-07-06,Inactive,291.47
CUST-08219,Meera Singh,meera.singh.8219@example.com,Germany,2025-11-19,High-Value,20574.90
CUST-08220,Olivia Miller,olivia.miller.8220@example.com,Singapore,2020-03-31,One-Time,402.20
CUST-08221,Liam Miller,liam.miller.8221@example.com,India,2022-03-19,One-Time,567.49
CUST-08222,Noah Nair,noah.nair.8222@example.com,Canada,2023-09-07,One-Time,952.79
CUST-08223,Kavya Reddy,kavya.reddy.8223@example.com,United Kingdom,2023-01-29,Repeat,5115.92
CUST-08224,Vikram Singh,vikram.singh.8224@example.com,Australia,2020-07-04,Repeat,7427.05
CUST-08225,Aarav Miller,aarav.miller.8225@example.com,United Arab Emirates,2024-10-20,High-Value,15251.40
CUST-08226,Sophia Gupta,sophia.gupta.8226@example.com,United Arab Emirates,2020-04-15,One-Time,1162.57
CUST-08227,Sophia Patel,sophia.patel.8227@example.com,Singapore,2018-04-16,One-Time,761.67
CUST-08228,Aditi Wilson,aditi.wilson.8228@example.com,Germany,2021-11-28,One-Time,478.90
CUST-08229,Emma Gupta,emma.gupta.8229@example.com,Singapore,2020-07-22,One-Time,138.47
CUST-08230,Kavya Wilson,kavya.wilson.8230@example.com,United Arab Emirates,2023-05-12,Inactive,12.98
CUST-08231,Kavya Kumar,,Canada,2018-06-02,Repeat,2525.87
CUST-08232,Aditi Miller,aditi.miller.8232@example.com,Germany,2022-04-13,Repeat,4141.53
CUST-08233,Olivia Wilson,olivia.wilson.8233@example.com,United Kingdom,2018-12-17,One-Time,834.81
CUST-08234,Noah Singh,noah.singh.8234@example.com,India,2018-05-27,Inactive,77.20
CUST-08235,Noah Brown,noah.brown.8235@example.com,United Kingdom,2018-10-01,Repeat,3076.43
CUST-08236,Diya Patel,diya.patel.8236@example.com,Germany,2024-01-18,Inactive,327.75
CUST-08237,Vikram Nair,vikram.nair.8237@example.com,United Arab Emirates,2023-11-07,One-Time,999.94
CUST-08238,Sophia Gupta,sophia.gupta.8238@example.com,United Arab Emirates,2022-10-08,Repeat,3412.52
CUST-08239,Liam Miller,liam.miller.8239@example.com,Germany,2019-09-03,Inactive,220.03
CUST-08240,Vikram Garcia,vikram.garcia.8240@example.com,United States,2021-08-01,Inactive,331.17
CUST-08241,Emma Sharma,emma.sharma.8241@example.com,Germany,2022-02-19,Repeat,6000.65
CUST-08242,Ishaan Gupta,ishaan.gupta.8242@example.com,Australia,2024-04-09,Repeat,804.25
CUST-08243,Kavya Miller,kavya.miller.8243@example.com,United States,2020-02-16,Repeat,2099.05
CUST-08244,Vikram Garcia,vikram.garcia.8244@example.com,United States,2024-06-02,Repeat,7497.30
CUST-08245,Ishaan Gupta,ishaan.gupta.8245@example.com,United States,2021-05-22,One-Time,816.71
CUST-08246,Meera Singh,meera.singh.8246@example.com,Germany,2020-07-31,Repeat,5651.60
CUST-08247,Liam Nair,liam.nair.8247@example.com,India,2023-08-22,Repeat,843.84
CUST-08248,Diya Singh,diya.singh.8248@example.com,Germany,2024-11-25,Inactive,286.84
CUST-08249,Vikram Reddy,vikram.reddy.8249@example.com,Germany,2018-01-11,Inactive,47.98
CUST-08250,Ishaan Brown,ishaan.brown.8250@example.com,Germany,2020-12-28,Repeat,6836.90
CUST-08251,Ishaan Miller,ishaan.miller.8251@example.com,Singapore,2018-01-18,One-Time,530.59
CUST-08252,Aarav Reddy,aarav.reddy.8252@example.com,United Kingdom,2019-09-11,Inactive,356.49
CUST-08253,Aditi Nair,aditi.nair.8253@example.com,Singapore,2024-08-29,One-Time,437.95
CUST-08254,Arjun Wilson,arjun.wilson.8254@example.com,India,2019-05-28,Repeat,5817.85
CUST-08255,Neha Brown,neha.brown.8255@example.com,Canada,2021-05-28,One-Time,536.68
CUST-08256,Arjun Brown,arjun.brown.8256@example.com,Australia,2023-04-28,Repeat,1812.23
CUST-08257,Kavya Garcia,kavya.garcia.8257@example.com,Australia,2025-05-13,One-Time,586.38
CUST-08258,Diya Brown,diya.brown.8258@example.com,India,2020-07-29,High-Value,24982.17
CUST-08259,Aarav Wilson,aarav.wilson.8259@example.com,Canada,2023-11-08,One-Time,148.34
CUST-08260,Meera Patel,meera.patel.8260@example.com,Australia,2021-05-03,Repeat,2832.82
CUST-08261,Olivia Brown,olivia.brown.8261@example.com,Australia,2023-03-27,Inactive,441.61
CUST-08262,Liam Patel,liam.patel.8262@example.com,Australia,2020-06-29,One-Time,773.38
CUST-08263,Kavya Kumar,kavya.kumar.8263@example.com,Australia,2020-12-21,One-Time,61.66
CUST-08264,Meera Kumar,meera.kumar.8264@example.com,Germany,2019-05-17,One-Time,611.02
CUST-08265,Neha Brown,neha.brown.8265@example.com,Australia,2020-05-01,One-Time,1192.55
CUST-08266,Aarav Singh,aarav.singh.8266@example.com,United States,2019-10-15,One-Time,283.22
CUST-08267,Diya Miller,diya.miller.8267@example.com,Australia,2022-09-23,One-Time,660.48
CUST-08268,Kavya Brown,kavya.brown.8268@example.com,Germany,2018-04-10,Repeat,1735.40
CUST-08269,Neha Reddy,neha.reddy.8269@example.com,United States,2025-02-13,Repeat,4166.69
CUST-08270,Rohan Garcia,rohan.garcia.8270@example.com,United Kingdom,2018-02-22,Repeat,7003.60
CUST-08271,Meera Singh,meera.singh.8271@example.com,United Arab Emirates,2022-08-03,Repeat,2390.21
CUST-08272,Liam Nair,liam.nair.8272@example.com,Australia,2018-07-17,One-Time,967.05
CUST-08273,Kavya Gupta,kavya.gupta.8273@example.com,United States,2022-05-08,Repeat,5428.29
CUST-08274,Aditi Sharma,aditi.sharma.8274@example.com,United States,2024-10-08,Inactive,340.63
CUST-08275,Liam Sharma,liam.sharma.8275@example.com,United Kingdom,2024-06-06,One-Time,591.90
CUST-08276,Rohan Gupta,rohan.gupta.8276@example.com,United States,2021-10-11,Repeat,3245.00
CUST-08277,Arjun Reddy,arjun.reddy.8277@example.com,United Arab Emirates,2020-02-01,Repeat,5300.25
CUST-08278,Ishaan Brown,ishaan.brown.8278@example.com,United States,2025-04-12,Inactive,206.71
CUST-08279,Noah Brown,noah.brown.8279@example.com,India,2018-10-11,One-Time,1000.79
CUST-08280,Aditi Garcia,aditi.garcia.8280@example.com,United States,2018-03-27,One-Time,784.61
CUST-08281,Neha Patel,neha.patel.8281@example.com,United Kingdom,2025-11-11,Inactive,234.38
CUST-08282,Aarav Reddy,aarav.reddy.8282@example.com,Germany,2020-04-06,Repeat,5857.74
CUST-08283,Ishaan Mehta,ishaan.mehta.8283@example.com,Singapore,2023-12-26,Repeat,5552.11
CUST-08284,Olivia Kumar,olivia.kumar.8284@example.com,Singapore,2021-12-21,Inactive,459.25
CUST-08285,Diya Brown,diya.brown.8285@example.com,United States,2021-04-30,Inactive,83.60
CUST-08286,Vikram Kumar,vikram.kumar.8286@example.com,Germany,2020-07-01,Repeat,7445.59
CUST-08287,Sophia Gupta,sophia.gupta.8287@example.com,United Arab Emirates,2022-12-04,Inactive,111.67
CUST-08288,Meera Patel,meera.patel.8288@example.com,Singapore,2025-11-02,High-Value,24331.16
CUST-08289,Aarav Gupta,aarav.gupta.8289@example.com,United Arab Emirates,2021-01-11,High-Value,18819.65
CUST-08290,Meera Singh,meera.singh.8290@example.com,Germany,2025-09-01,One-Time,849.66
CUST-08291,Olivia Gupta,olivia.gupta.8291@example.com,United Arab Emirates,2023-03-27,Inactive,25.21
CUST-08292,Sophia Miller,sophia.miller.8292@example.com,United Arab Emirates,2023-05-13,Repeat,7002.49
CUST-08293,Noah Singh,noah.singh.8293@example.com,India,2023-07-16,High-Value,5834.80
CUST-08294,Rohan Nair,rohan.nair.8294@example.com,United Kingdom,2022-01-09,High-Value,22709.34
CUST-08295,Liam Brown,liam.brown.8295@example.com,United Arab Emirates,2025-09-26,Repeat,2411.51
CUST-08296,Noah Brown,noah.brown.8296@example.com,United Kingdom,2021-02-26,One-Time,967.70
CUST-08297,Olivia Gupta,olivia.gupta.8297@example.com,Germany,2021-01-22,Repeat,4262.65
CUST-08298,Aditi Reddy,aditi.reddy.8298@example.com,Canada,2019-02-25,Repeat,2833.88
CUST-08299,Aditi Patel,aditi.patel.8299@example.com,United States,2020-07-29,One-Time,334.18
CUST-08300,Emma Brown,emma.brown.8300@example.com,Australia,2025-03-08,One-Time,533.38
CUST-08301,Emma Garcia,emma.garcia.8301@example.com,United Arab Emirates,2019-04-18,Repeat,3990.63
CUST-08302,Sophia Mehta,sophia.mehta.8302@example.com,Germany,2023-01-02,One-Time,1114.70
CUST-08303,Arjun Singh,arjun.singh.8303@example.com,Australia,2021-11-08,One-Time,876.59
CUST-08304,Sophia Singh,sophia.singh.8304@example.com,United Arab Emirates,2019-10-24,Repeat,5717.88
CUST-08305,Rohan Reddy,rohan.reddy.8305@example.com,United Kingdom,2025-12-20,Repeat,2232.42
CUST-08306,Olivia Wilson,olivia.wilson.8306@example.com,Singapore,2021-09-13,High-Value,22307.40
CUST-08307,Vikram Reddy,vikram.reddy.8307@example.com,Canada,2021-05-09,Repeat,1048.08
CUST-08308,Sophia Miller,sophia.miller.8308@example.com,United Arab Emirates,2018-01-04,One-Time,363.85
CUST-08309,Olivia Reddy,olivia.reddy.8309@example.com,Canada,2018-07-26,One-Time,560.82
CUST-08310,Noah Garcia,noah.garcia.8310@example.com,United Kingdom,2020-01-09,One-Time,959.59
CUST-08311,Aarav Brown,aarav.brown.8311@example.com,Canada,2021-07-06,Repeat,5207.74
CUST-08312,Emma Nair,emma.nair.8312@example.com,United Arab Emirates,2020-12-31,One-Time,383.66
CUST-08313,Olivia Gupta,olivia.gupta.8313@example.com,United Arab Emirates,2021-09-04,Repeat,1756.30
CUST-08314,Meera Brown,meera.brown.8314@example.com,Australia,2024-10-17,One-Time,1084.89
CUST-08315,Neha Gupta,neha.gupta.8315@example.com,Singapore,2025-09-18,Repeat,2410.26
CUST-08316,Kavya Mehta,kavya.mehta.8316@example.com,India,2021-06-04,One-Time,104.21
CUST-08317,Rohan Patel,rohan.patel.8317@example.com,United Arab Emirates,2023-01-26,Repeat,7254.72
CUST-08318,Sophia Singh,sophia.singh.8318@example.com,United States,2022-06-05,One-Time,156.15
CUST-08319,Noah Sharma,noah.sharma.8319@example.com,United Arab Emirates,2021-04-06,Repeat,6118.20
CUST-08320,Aarav Miller,aarav.miller.8320@example.com,United States,2018-02-08,One-Time,279.99
CUST-08321,Vikram Singh,vikram.singh.8321@example.com,Canada,2020-09-30,One-Time,1037.00
CUST-08322,Vikram Miller,vikram.miller.8322@example.com,India,2023-08-22,Repeat,4163.45
CUST-08323,Arjun Nair,arjun.nair.8323@example.com,Germany,2019-06-13,High-Value,5429.81
CUST-08324,Kavya Mehta,kavya.mehta.8324@example.com,Germany,2025-06-20,One-Time,784.71
CUST-08325,Kavya Nair,kavya.nair.8325@example.com,United States,2022-05-18,High-Value,12711.70
CUST-08326,Arjun Sharma,arjun.sharma.8326@example.com,United Arab Emirates,2023-10-06,Inactive,77.18
CUST-08327,Olivia Sharma,olivia.sharma.8327@example.com,Singapore,2019-06-12,High-Value,21938.50
CUST-08328,Diya Kumar,diya.kumar.8328@example.com,Canada,2021-04-06,Repeat,5428.82
CUST-08329,Olivia Miller,olivia.miller.8329@example.com,India,2021-08-13,One-Time,1026.91
CUST-08330,Meera Patel,meera.patel.8330@example.com,Singapore,2025-03-10,Repeat,1396.80
CUST-08331,Kavya Patel,kavya.patel.8331@example.com,India,2025-05-10,Repeat,3467.42
CUST-08333,Aditi Patel,aditi.patel.8333@example.com,India,2021-09-10,Inactive,35.40
CUST-08334,Neha Mehta,neha.mehta.8334@example.com,Canada,2020-04-06,Repeat,3687.29
CUST-08335,Diya Patel,diya.patel.8335@example.com,India,2022-08-24,Repeat,1371.52
CUST-08336,Neha Reddy,neha.reddy.8336@example.com,Singapore,2021-11-11,Repeat,1670.93
CUST-08337,Vikram Singh,vikram.singh.8337@example.com,United Arab Emirates,2021-02-09,Repeat,6015.27
CUST-08338,Kavya Gupta,kavya.gupta.8338@example.com,India,2019-10-15,Repeat,5350.51
CUST-08339,Vikram Mehta,vikram.mehta.8339@example.com,Canada,2021-09-07,One-Time,667.77
CUST-08340,Noah Garcia,noah.garcia.8340@example.com,India,2022-11-22,Repeat,6907.85
CUST-08341,Noah Brown,noah.brown.8341@example.com,United States,2018-05-09,One-Time,682.36
CUST-08342,Noah Miller,noah.miller.8342@example.com,United Kingdom,2021-10-12,Repeat,2087.62
CUST-08343,Noah Miller,noah.miller.8343@example.com,United States,2019-05-15,Repeat,7311.24
CUST-08344,Aditi Gupta,aditi.gupta.8344@example.com,United States,2023-05-25,Repeat,1997.67
CUST-08345,Diya Garcia,diya.garcia.8345@example.com,United States,2022-11-07,Repeat,4464.53
CUST-08346,Noah Sharma,,United Kingdom,2024-01-18,Repeat,931.67
CUST-08347,Diya Reddy,diya.reddy.8347@example.com,Germany,2018-05-18,Repeat,4318.50
CUST-08348,Emma Sharma,emma.sharma.8348@example.com,Singapore,2019-03-18,High-Value,18302.34
CUST-08349,Meera Gupta,meera.gupta.8349@example.com,Singapore,2020-10-20,One-Time,101.51
CUST-08350,Rohan Wilson,rohan.wilson.8350@example.com,United Arab Emirates,2022-06-06,High-Value,9002.58
CUST-08351,Rohan Brown,rohan.brown.8351@example.com,United Arab Emirates,2020-07-08,High-Value,7119.82
CUST-08352,Ishaan Patel,ishaan.patel.8352@example.com,United States,2024-02-20,Repeat,4559.07
CUST-08353,Rohan Kumar,rohan.kumar.8353@example.com,United Arab Emirates,2020-03-05,High-Value,13488.75
CUST-08354,Aarav Brown,aarav.brown.8354@example.com,United Arab Emirates,2025-03-04,High-Value,7629.88
CUST-08355,Meera Nair,meera.nair.8355@example.com,United States,2019-02-14,One-Time,1099.33
CUST-08356,Rohan Miller,rohan.miller.8356@example.com,Australia,2022-08-09,High-Value,13670.23
CUST-08357,Kavya Miller,kavya.miller.8357@example.com,India,2024-07-12,Inactive,416.28
CUST-08358,Emma Kumar,emma.kumar.8358@example.com,Singapore,2018-03-17,High-Value,5375.45
CUST-08359,Vikram Sharma,vikram.sharma.8359@example.com,United States,2023-12-24,One-Time,154.96
CUST-08360,Olivia Nair,olivia.nair.8360@example.com,United Kingdom,2025-08-04,One-Time,533.55
CUST-08361,Neha Sharma,neha.sharma.8361@example.com,Singapore,2020-06-24,One-Time,616.20
CUST-08362,Noah Wilson,noah.wilson.8362@example.com,United Kingdom,2019-08-01,Inactive,464.38
CUST-08363,Meera Nair,meera.nair.8363@example.com,Germany,2018-01-14,High-Value,21077.92
CUST-08364,Olivia Patel,olivia.patel.8364@example.com,United Arab Emirates,2021-01-10,One-Time,541.85
CUST-08365,Sophia Reddy,sophia.reddy.8365@example.com,India,2025-05-14,Repeat,1094.04
CUST-08366,Diya Reddy,diya.reddy.8366@example.com,Singapore,2023-12-12,One-Time,377.68
CUST-08367,Rohan Miller,rohan.miller.8367@example.com,Germany,2024-04-01,One-Time,1054.01
CUST-08368,Vikram Gupta,vikram.gupta.8368@example.com,Australia,2025-09-08,Repeat,6293.43
CUST-08369,Noah Reddy,noah.reddy.8369@example.com,United Arab Emirates,2019-06-24,Repeat,6918.04
CUST-08370,Aditi Patel,aditi.patel.8370@example.com,Singapore,2020-06-26,Repeat,3294.76
CUST-08371,Rohan Singh,rohan.singh.8371@example.com,United Arab Emirates,2021-10-25,One-Time,869.27
CUST-08372,Rohan Brown,rohan.brown.8372@example.com,United Arab Emirates,2025-04-05,One-Time,955.34
CUST-08373,Liam Sharma,liam.sharma.8373@example.com,Australia,2018-08-18,One-Time,1173.35
CUST-08374,Arjun Garcia,arjun.garcia.8374@example.com,United States,2022-10-11,High-Value,14634.53
CUST-08375,Noah Nair,noah.nair.8375@example.com,India,2025-08-21,Inactive,189.54
CUST-08376,Ishaan Gupta,ishaan.gupta.8376@example.com,India,2022-11-26,Inactive,423.78
CUST-08377,Olivia Brown,olivia.brown.8377@example.com,Canada,2023-05-01,Inactive,186.12
CUST-08378,Aditi Reddy,aditi.reddy.8378@example.com,Singapore,2019-12-14,Repeat,1951.22
CUST-08379,Sophia Kumar,sophia.kumar.8379@example.com,Germany,2022-07-12,One-Time,170.56
CUST-08380,Ishaan Wilson,ishaan.wilson.8380@example.com,United Arab Emirates,2018-07-16,High-Value,16866.57
CUST-08381,Vikram Brown,vikram.brown.8381@example.com,Canada,2025-03-08,One-Time,335.52
CUST-08382,Olivia Sharma,olivia.sharma.8382@example.com,United Arab Emirates,2019-07-09,Inactive,489.65
CUST-08383,Rohan Mehta,rohan.mehta.8383@example.com,Germany,2022-08-30,One-Time,125.54
CUST-08384,Ishaan Wilson,ishaan.wilson.8384@example.com,Germany,2024-03-16,Repeat,3138.73
CUST-08385,Diya Reddy,diya.reddy.8385@example.com,Singapore,2022-10-18,One-Time,915.63
CUST-08386,Olivia Gupta,olivia.gupta.8386@example.com,India,2025-03-15,Repeat,2568.24
CUST-08387,Emma Sharma,emma.sharma.8387@example.com,United States,2022-05-19,One-Time,825.20
CUST-08388,Noah Sharma,noah.sharma.8388@example.com,Singapore,2021-09-21,One-Time,477.18
CUST-08389,Diya Garcia,diya.garcia.8389@example.com,United States,2024-06-17,High-Value,18061.24
CUST-08390,Ishaan Mehta,ishaan.mehta.8390@example.com,Australia,2019-03-15,High-Value,17993.97
CUST-08391,Vikram Sharma,vikram.sharma.8391@example.com,United States,2019-05-03,High-Value,19613.36
CUST-08392,Olivia Brown,olivia.brown.8392@example.com,Germany,2018-11-04,Repeat,6743.23
CUST-08393,Ishaan Reddy,ishaan.reddy.8393@example.com,India,2022-03-12,One-Time,684.39
CUST-08394,Vikram Garcia,vikram.garcia.8394@example.com,United Arab Emirates,2022-01-10,One-Time,352.12
CUST-08395,Emma Nair,emma.nair.8395@example.com,Singapore,2023-03-27,Repeat,3387.33
CUST-08396,Meera Miller,meera.miller.8396@example.com,India,2023-09-29,Repeat,1532.48
CUST-08397,Meera Singh,meera.singh.8397@example.com,Australia,2023-12-06,Inactive,412.73
CUST-08398,Emma Kumar,emma.kumar.8398@example.com,United Kingdom,2021-06-17,Inactive,29.53
CUST-08399,Sophia Kumar,sophia.kumar.8399@example.com,India,2022-05-21,One-Time,485.84
CUST-08400,Aarav Miller,aarav.miller.8400@example.com,Germany,2023-06-11,One-Time,501.55
CUST-08401,Diya Patel,diya.patel.8401@example.com,Australia,2023-09-01,One-Time,400.67
CUST-08402,Meera Singh,meera.singh.8402@example.com,India,2024-07-07,Inactive,340.12
CUST-08403,Neha Sharma,neha.sharma.8403@example.com,United Arab Emirates,2018-01-18,One-Time,492.56
CUST-08404,Liam Miller,liam.miller.8404@example.com,Canada,2018-09-01,Inactive,452.37
CUST-08405,Meera Patel,meera.patel.8405@example.com,India,2021-03-09,One-Time,112.54
CUST-08406,Rohan Reddy,rohan.reddy.8406@example.com,United Kingdom,2019-06-26,One-Time,404.87
CUST-08407,Neha Patel,neha.patel.8407@example.com,Singapore,2025-07-02,Repeat,4837.71
CUST-08408,Olivia Wilson,olivia.wilson.8408@example.com,Singapore,2023-12-04,One-Time,30.68
CUST-08409,Neha Kumar,neha.kumar.8409@example.com,Germany,2020-01-10,One-Time,414.09
CUST-08410,Diya Reddy,diya.reddy.8410@example.com,United States,2023-08-23,One-Time,983.98
CUST-08411,Neha Wilson,neha.wilson.8411@example.com,United Kingdom,2025-09-04,One-Time,1032.72
CUST-08412,Arjun Brown,arjun.brown.8412@example.com,United Kingdom,2020-04-04,One-Time,1116.84
CUST-08413,Neha Brown,neha.brown.8413@example.com,Canada,2025-12-04,Repeat,3145.41
CUST-08414,Meera Singh,meera.singh.8414@example.com,Singapore,2020-05-04,One-Time,121.64
CUST-08415,Vikram Wilson,vikram.wilson.8415@example.com,United States,2018-02-02,Repeat,2849.63
CUST-08416,Aarav Patel,aarav.patel.8416@example.com,India,2023-05-24,Repeat,1125.72
CUST-08417,Arjun Brown,arjun.brown.8417@example.com,Australia,2022-04-22,High-Value,5638.23
CUST-08418,Ishaan Reddy,ishaan.reddy.8418@example.com,Singapore,2022-06-27,High-Value,20552.55
CUST-08419,Olivia Gupta,olivia.gupta.8419@example.com,Singapore,2025-03-26,One-Time,1051.55
CUST-08420,Aditi Mehta,aditi.mehta.8420@example.com,United Arab Emirates,2021-02-26,Inactive,183.84
CUST-08421,Emma Sharma,emma.sharma.8421@example.com,Canada,2023-12-28,Repeat,3252.57
CUST-08423,Emma Brown,emma.brown.8423@example.com,Australia,2018-05-15,One-Time,112.34
CUST-08424,Rohan Wilson,rohan.wilson.8424@example.com,Canada,2021-03-09,One-Time,827.74
CUST-08425,Emma Mehta,emma.mehta.8425@example.com,Canada,2018-09-06,Inactive,3.74
CUST-08426,Ishaan Sharma,ishaan.sharma.8426@example.com,United Arab Emirates,2020-09-20,Repeat,4103.63
CUST-08427,Kavya Reddy,kavya.reddy.8427@example.com,Germany,2019-06-09,Repeat,1334.34
CUST-08428,Vikram Kumar,vikram.kumar.8428@example.com,United Kingdom,2023-06-20,One-Time,1145.82
CUST-08429,Ishaan Patel,ishaan.patel.8429@example.com,United States,2023-04-04,One-Time,217.96
CUST-08430,Ishaan Reddy,ishaan.reddy.8430@example.com,United States,2024-04-23,High-Value,14471.92
CUST-08431,Neha Garcia,neha.garcia.8431@example.com,Germany,2025-12-13,One-Time,299.99
CUST-08432,Neha Wilson,neha.wilson.8432@example.com,Canada,2020-10-22,One-Time,71.36
CUST-08433,Rohan Reddy,rohan.reddy.8433@example.com,Australia,2022-01-24,Inactive,93.91
CUST-08434,Meera Miller,meera.miller.8434@example.com,United Kingdom,2021-02-13,Repeat,2546.44
CUST-08435,Meera Brown,meera.brown.8435@example.com,United Arab Emirates,2025-10-18,Inactive,4.24
CUST-08436,Diya Mehta,diya.mehta.8436@example.com,Australia,2019-06-09,Inactive,395.87
CUST-08437,Meera Sharma,meera.sharma.8437@example.com,Australia,2024-07-22,Repeat,6690.08
CUST-08438,Sophia Reddy,sophia.reddy.8438@example.com,Australia,2021-03-18,Repeat,7453.69
CUST-08439,Vikram Nair,vikram.nair.8439@example.com,Canada,2022-11-24,Repeat,5890.66
CUST-08440,Emma Patel,emma.patel.8440@example.com,Canada,2023-10-09,Inactive,396.92
CUST-08441,Meera Brown,meera.brown.8441@example.com,Canada,2024-02-15,Repeat,2622.57
CUST-08442,Ishaan Nair,ishaan.nair.8442@example.com,Singapore,2023-12-10,One-Time,116.40
CUST-08443,Neha Mehta,neha.mehta.8443@example.com,United Arab Emirates,2020-02-05,High-Value,10450.60
CUST-08444,Sophia Garcia,sophia.garcia.8444@example.com,India,2018-04-05,Repeat,2721.73
CUST-08445,Rohan Reddy,rohan.reddy.8445@example.com,United States,2025-12-29,Repeat,1520.99
CUST-08446,Ishaan Singh,ishaan.singh.8446@example.com,Australia,2021-01-23,High-Value,5001.50
CUST-08447,Meera Gupta,meera.gupta.8447@example.com,Germany,2024-09-27,One-Time,627.65
CUST-08448,Sophia Patel,sophia.patel.8448@example.com,United States,2018-11-06,One-Time,364.73
CUST-08449,Rohan Singh,rohan.singh.8449@example.com,United Kingdom,2025-06-25,Repeat,2087.63
CUST-08450,Vikram Mehta,vikram.mehta.8450@example.com,United Arab Emirates,2024-02-02,Repeat,3077.18
CUST-08451,Emma Miller,emma.miller.8451@example.com,United States,2018-06-02,Repeat,2992.73
CUST-08452,Emma Gupta,emma.gupta.8452@example.com,United Arab Emirates,2024-06-20,One-Time,1007.83
CUST-08453,Diya Nair,diya.nair.8453@example.com,United Arab Emirates,2022-07-20,High-Value,7735.98
CUST-08454,Vikram Patel,vikram.patel.8454@example.com,United Arab Emirates,2018-05-07,High-Value,12811.11
CUST-08455,Ishaan Mehta,ishaan.mehta.8455@example.com,Canada,2021-10-18,High-Value,7066.80
CUST-08456,Rohan Gupta,rohan.gupta.8456@example.com,United States,2022-02-21,Repeat,6983.43
CUST-08457,Diya Brown,diya.brown.8457@example.com,United States,2024-03-11,Repeat,2768.51
CUST-08458,Emma Singh,emma.singh.8458@example.com,United States,2018-10-03,One-Time,721.89
CUST-08459,Diya Brown,diya.brown.8459@example.com,Australia,2024-09-12,High-Value,15862.57
CUST-08460,Aarav Gupta,aarav.gupta.8460@example.com,United States,2023-07-16,Repeat,6216.65
CUST-08461,Kavya Wilson,kavya.wilson.8461@example.com,United Kingdom,2022-10-11,High-Value,13907.77
CUST-08462,Olivia Mehta,olivia.mehta.8462@example.com,United States,2021-07-18,One-Time,336.09
CUST-08463,Ishaan Garcia,ishaan.garcia.8463@example.com,Germany,2021-10-07,Repeat,5642.57
CUST-08464,Liam Kumar,liam.kumar.8464@example.com,Canada,2019-01-08,Repeat,2254.35
CUST-08465,Neha Brown,neha.brown.8465@example.com,United States,2024-10-19,One-Time,726.27
CUST-08466,Sophia Wilson,sophia.wilson.8466@example.com,United Arab Emirates,2020-05-07,One-Time,665.85
CUST-08467,Aditi Garcia,aditi.garcia.8467@example.com,Canada,2021-05-12,Repeat,5593.91
CUST-08468,Olivia Patel,olivia.patel.8468@example.com,India,2025-08-16,One-Time,770.41
CUST-08469,Aarav Garcia,aarav.garcia.8469@example.com,Australia,2024-03-01,Repeat,3395.72
CUST-08470,Meera Sharma,meera.sharma.8470@example.com,United Kingdom,2025-01-25,Repeat,5187.32
CUST-08471,Meera Mehta,meera.mehta.8471@example.com,United States,2021-06-19,Repeat,1642.90
CUST-08472,Olivia Nair,olivia.nair.8472@example.com,United Arab Emirates,2018-10-06,Inactive,480.30
CUST-08473,Emma Reddy,emma.reddy.8473@example.com,India,2024-07-28,High-Value,16738.63
CUST-08474,Kavya Brown,kavya.brown.8474@example.com,Germany,2022-06-27,Repeat,2515.53
CUST-08475,Kavya Mehta,kavya.mehta.8475@example.com,United States,2020-05-01,Repeat,936.72
CUST-08476,Sophia Nair,sophia.nair.8476@example.com,United States,2023-08-28,One-Time,157.02
CUST-08477,Vikram Mehta,vikram.mehta.8477@example.com,United States,2025-01-09,Repeat,1024.05
CUST-08478,Aarav Gupta,aarav.gupta.8478@example.com,Germany,2020-09-12,High-Value,18186.50
CUST-08479,Sophia Wilson,sophia.wilson.8479@example.com,India,2020-01-11,One-Time,403.22
CUST-08480,Rohan Nair,rohan.nair.8480@example.com,Germany,2021-10-25,Inactive,341.96
CUST-08481,Arjun Miller,arjun.miller.8481@example.com,Germany,2022-08-19,Repeat,5043.28
CUST-08482,Neha Mehta,neha.mehta.8482@example.com,United Arab Emirates,2022-11-05,One-Time,1172.43
CUST-08483,Arjun Patel,arjun.patel.8483@example.com,Canada,2020-09-28,One-Time,936.75
CUST-08484,Vikram Patel,vikram.patel.8484@example.com,Canada,2024-08-15,Repeat,6092.96
CUST-08485,Neha Brown,neha.brown.8485@example.com,Canada,2019-06-29,Repeat,7091.02
CUST-08486,Olivia Kumar,olivia.kumar.8486@example.com,Australia,2022-07-06,Repeat,6806.77
CUST-08487,Rohan Mehta,rohan.mehta.8487@example.com,United Arab Emirates,2018-02-10,Repeat,5742.37
CUST-08488,Sophia Patel,sophia.patel.8488@example.com,Germany,2022-12-12,Inactive,152.64
CUST-08489,Diya Sharma,diya.sharma.8489@example.com,Germany,2018-12-12,Inactive,415.62
CUST-08490,Olivia Garcia,olivia.garcia.8490@example.com,Germany,2024-11-12,Repeat,7257.11
CUST-08491,Arjun Wilson,arjun.wilson.8491@example.com,Australia,2021-05-14,Repeat,4831.23
CUST-08492,Olivia Wilson,olivia.wilson.8492@example.com,United Arab Emirates,2022-01-17,High-Value,19887.07
CUST-08493,Emma Mehta,emma.mehta.8493@example.com,Canada,2023-02-11,Repeat,4868.81
CUST-08494,Noah Wilson,noah.wilson.8494@example.com,United Kingdom,2018-06-08,One-Time,29.15
CUST-08495,Aditi Singh,aditi.singh.8495@example.com,Australia,2022-11-08,Inactive,409.58
CUST-08496,Meera Kumar,meera.kumar.8496@example.com,Singapore,2023-02-01,High-Value,22388.20
CUST-08497,Sophia Wilson,sophia.wilson.8497@example.com,United Arab Emirates,2018-06-24,Repeat,4114.92
CUST-08498,Arjun Kumar,arjun.kumar.8498@example.com,Canada,2020-11-15,High-Value,22582.39
CUST-08499,Meera Kumar,meera.kumar.8499@example.com,Germany,2018-10-30,High-Value,23267.96
CUST-08500,Ishaan Garcia,ishaan.garcia.8500@example.com,United Kingdom,2023-01-16,One-Time,274.16
CUST-08501,Liam Brown,liam.brown.8501@example.com,India,2024-12-05,High-Value,5755.59
CUST-08502,Aditi Sharma,aditi.sharma.8502@example.com,Singapore,2023-10-11,Repeat,5532.64
CUST-08503,Neha Singh,neha.singh.8503@example.com,Canada,2020-08-06,One-Time,63.04
CUST-08504,Diya Gupta,diya.gupta.8504@example.com,United Arab Emirates,2023-06-14,Repeat,5355.39
CUST-08505,Liam Brown,liam.brown.8505@example.com,Singapore,2023-10-16,One-Time,842.12
CUST-08506,Olivia Nair,olivia.nair.8506@example.com,Singapore,2025-10-22,One-Time,500.78
CUST-08507,Sophia Miller,sophia.miller.8507@example.com,Singapore,2023-05-29,High-Value,15153.29
CUST-08508,Sophia Mehta,sophia.mehta.8508@example.com,United States,2022-12-27,Inactive,249.69
CUST-08509,Aditi Mehta,aditi.mehta.8509@example.com,India,2021-04-27,High-Value,8963.40
CUST-08510,Sophia Garcia,sophia.garcia.8510@example.com,United Kingdom,2023-02-10,Repeat,5462.34
CUST-08511,Emma Gupta,emma.gupta.8511@example.com,United States,2023-12-24,One-Time,343.85
CUST-08512,Arjun Patel,arjun.patel.8512@example.com,Canada,2024-09-11,One-Time,938.17
CUST-08513,Olivia Sharma,olivia.sharma.8513@example.com,Canada,2023-12-24,One-Time,763.97
CUST-08514,Diya Kumar,diya.kumar.8514@example.com,Canada,2022-07-24,Inactive,433.70
CUST-08515,Arjun Nair,arjun.nair.8515@example.com,Singapore,2022-10-10,Repeat,6393.77
CUST-08516,Kavya Gupta,kavya.gupta.8516@example.com,India,2024-09-21,Repeat,6477.56
CUST-08517,Arjun Singh,arjun.singh.8517@example.com,India,2018-07-22,One-Time,1011.57
CUST-08518,Olivia Gupta,olivia.gupta.8518@example.com,United States,2023-04-11,Repeat,806.76
CUST-08519,Rohan Mehta,rohan.mehta.8519@example.com,India,2019-07-10,High-Value,15655.05
CUST-08520,Arjun Brown,arjun.brown.8520@example.com,Canada,2023-11-01,One-Time,183.01
CUST-08521,Olivia Sharma,olivia.sharma.8521@example.com,Australia,2020-09-15,Inactive,20.65
CUST-08522,Arjun Wilson,arjun.wilson.8522@example.com,India,2023-01-01,Inactive,121.54
CUST-08523,Kavya Brown,kavya.brown.8523@example.com,United Kingdom,2021-08-09,High-Value,9068.36
CUST-08524,Liam Reddy,liam.reddy.8524@example.com,Canada,2021-06-06,One-Time,686.59
CUST-08525,Sophia Brown,sophia.brown.8525@example.com,Australia,2020-10-07,Repeat,3376.95
CUST-08526,Rohan Patel,rohan.patel.8526@example.com,Singapore,2018-09-09,One-Time,1172.79
CUST-08527,Neha Miller,neha.miller.8527@example.com,Australia,2019-09-23,Repeat,3923.63
CUST-08528,Diya Garcia,diya.garcia.8528@example.com,Australia,2024-03-09,One-Time,123.71
CUST-08529,Noah Miller,noah.miller.8529@example.com,Germany,2022-11-19,One-Time,254.77
CUST-08530,Aarav Gupta,aarav.gupta.8530@example.com,India,2018-03-03,One-Time,844.97
CUST-08531,Vikram Mehta,vikram.mehta.8531@example.com,United Arab Emirates,2023-02-18,One-Time,608.54
CUST-08532,Diya Gupta,diya.gupta.8532@example.com,United Kingdom,2025-11-01,One-Time,1059.19
CUST-08533,Aarav Sharma,aarav.sharma.8533@example.com,United Kingdom,2025-12-07,One-Time,466.12
CUST-08534,Neha Wilson,neha.wilson.8534@example.com,United Kingdom,2023-04-16,One-Time,783.08
CUST-08535,Aarav Brown,aarav.brown.8535@example.com,Germany,2021-11-28,One-Time,687.50
CUST-08536,Sophia Sharma,sophia.sharma.8536@example.com,United Arab Emirates,2018-09-26,Inactive,361.66
CUST-08537,Olivia Miller,olivia.miller.8537@example.com,United Kingdom,2020-11-02,Repeat,4026.43
CUST-08538,Noah Mehta,noah.mehta.8538@example.com,Germany,2024-06-17,Repeat,5127.22
CUST-08539,Diya Miller,diya.miller.8539@example.com,United States,2022-10-21,Repeat,6473.31
CUST-08540,Arjun Miller,arjun.miller.8540@example.com,Australia,2024-08-21,Repeat,5971.91
CUST-08541,Kavya Garcia,kavya.garcia.8541@example.com,Australia,2019-11-05,High-Value,22423.53
CUST-08542,Arjun Wilson,arjun.wilson.8542@example.com,India,2025-08-07,One-Time,446.15
CUST-08543,Noah Gupta,noah.gupta.8543@example.com,United States,2020-05-22,Repeat,7074.87
CUST-08544,Arjun Sharma,arjun.sharma.8544@example.com,United Arab Emirates,2020-07-13,Repeat,4312.67
CUST-08545,Liam Nair,liam.nair.8545@example.com,Australia,2025-07-13,Inactive,285.39
CUST-08546,Emma Patel,emma.patel.8546@example.com,United Kingdom,2020-06-30,One-Time,886.02
CUST-08547,Rohan Nair,rohan.nair.8547@example.com,United Arab Emirates,2024-06-29,One-Time,307.46
CUST-08548,Arjun Wilson,arjun.wilson.8548@example.com,India,2018-06-24,High-Value,23093.58
CUST-08549,Kavya Nair,kavya.nair.8549@example.com,United States,2025-07-03,Repeat,2085.27
CUST-08551,Vikram Nair,vikram.nair.8551@example.com,Australia,2024-04-02,Repeat,5999.59
CUST-08552,Sophia Patel,sophia.patel.8552@example.com,United States,2021-09-29,One-Time,450.06
CUST-08553,Noah Gupta,noah.gupta.8553@example.com,Germany,2018-12-13,One-Time,268.09
CUST-08554,Arjun Brown,arjun.brown.8554@example.com,Australia,2020-02-04,High-Value,9735.36
CUST-08555,Arjun Gupta,arjun.gupta.8555@example.com,United Arab Emirates,2019-09-08,One-Time,911.67
CUST-08556,Diya Wilson,diya.wilson.8556@example.com,Australia,2025-08-17,Inactive,160.96
CUST-08557,Olivia Kumar,olivia.kumar.8557@example.com,Australia,2020-12-22,Repeat,5885.57
CUST-08558,Diya Garcia,diya.garcia.8558@example.com,Australia,2024-01-31,One-Time,777.62
CUST-08559,Arjun Patel,arjun.patel.8559@example.com,United Kingdom,2018-06-27,High-Value,18556.86
CUST-08560,Kavya Wilson,kavya.wilson.8560@example.com,United Kingdom,2023-11-17,Repeat,3652.27
CUST-08561,Ishaan Singh,ishaan.singh.8561@example.com,India,2023-08-30,High-Value,19694.49
CUST-08562,Aditi Brown,aditi.brown.8562@example.com,United Kingdom,2018-05-08,One-Time,207.38
CUST-08563,Olivia Gupta,olivia.gupta.8563@example.com,United Arab Emirates,2024-03-17,High-Value,18893.73
CUST-08564,Noah Singh,noah.singh.8564@example.com,India,2021-09-20,Repeat,6449.50
CUST-08565,Noah Singh,noah.singh.8565@example.com,India,2024-06-27,Inactive,393.04
CUST-08566,Diya Kumar,diya.kumar.8566@example.com,United States,2021-05-31,High-Value,6324.75
CUST-08567,Diya Patel,diya.patel.8567@example.com,Singapore,2019-01-16,Repeat,7461.79
CUST-08568,Kavya Singh,kavya.singh.8568@example.com,Singapore,2019-12-27,Repeat,1127.75
CUST-08569,Olivia Reddy,olivia.reddy.8569@example.com,United Kingdom,2018-08-16,Repeat,1201.69
CUST-08570,Vikram Reddy,vikram.reddy.8570@example.com,Germany,2018-11-09,Repeat,6372.69
CUST-08571,Rohan Patel,rohan.patel.8571@example.com,United States,2020-01-05,High-Value,19336.14
CUST-08572,Neha Singh,neha.singh.8572@example.com,Canada,2019-04-16,One-Time,342.27
CUST-08573,Ishaan Singh,ishaan.singh.8573@example.com,United States,2025-03-11,Repeat,1610.21
CUST-08574,Diya Gupta,diya.gupta.8574@example.com,United Kingdom,2025-06-28,Repeat,2057.27
CUST-08575,Diya Miller,diya.miller.8575@example.com,United Kingdom,2023-07-12,One-Time,900.16
CUST-08576,Aarav Mehta,aarav.mehta.8576@example.com,Germany,2025-03-19,High-Value,23208.46
CUST-08577,Ishaan Reddy,ishaan.reddy.8577@example.com,Australia,2019-03-24,Repeat,5932.60
CUST-08578,Aarav Garcia,aarav.garcia.8578@example.com,Australia,2025-02-24,Repeat,5182.86
CUST-08579,Neha Miller,neha.miller.8579@example.com,Singapore,2022-03-24,One-Time,979.68
CUST-08580,Olivia Sharma,olivia.sharma.8580@example.com,Singapore,2022-01-14,Repeat,4167.08
CUST-08581,Ishaan Gupta,ishaan.gupta.8581@example.com,United Arab Emirates,2022-09-13,Repeat,7273.32
CUST-08582,Meera Nair,meera.nair.8582@example.com,Germany,2023-11-12,Repeat,3283.07
CUST-08583,Meera Miller,meera.miller.8583@example.com,United States,2020-05-20,Repeat,1738.01
CUST-08584,Liam Sharma,liam.sharma.8584@example.com,United Arab Emirates,2020-05-30,One-Time,465.87
CUST-08585,Ishaan Kumar,ishaan.kumar.8585@example.com,Germany,2023-03-15,Repeat,7036.16
CUST-08586,Olivia Miller,olivia.miller.8586@example.com,Canada,2020-10-02,Repeat,1534.66
CUST-08587,Neha Kumar,neha.kumar.8587@example.com,Germany,2024-01-21,High-Value,20431.36
CUST-08588,Arjun Gupta,arjun.gupta.8588@example.com,United States,2020-04-09,Repeat,4525.99
CUST-08589,Aditi Miller,aditi.miller.8589@example.com,United Arab Emirates,2023-09-17,High-Value,16578.64
CUST-08590,Meera Gupta,meera.gupta.8590@example.com,Canada,2019-03-22,Repeat,1329.05
CUST-08591,Sophia Gupta,sophia.gupta.8591@example.com,United Arab Emirates,2019-09-12,Inactive,346.36
CUST-08592,Aarav Patel,aarav.patel.8592@example.com,Singapore,2024-08-10,Repeat,4576.42
CUST-08593,Diya Kumar,diya.kumar.8593@example.com,Canada,2020-12-18,Repeat,4839.93
CUST-08594,Meera Nair,meera.nair.8594@example.com,Singapore,2025-06-07,One-Time,1168.64
CUST-08595,Diya Gupta,diya.gupta.8595@example.com,United States,2018-04-26,One-Time,737.22
CUST-08596,Arjun Brown,arjun.brown.8596@example.com,Canada,2019-08-22,One-Time,973.50
CUST-08597,Liam Miller,liam.miller.8597@example.com,Canada,2018-06-06,One-Time,585.40
CUST-08598,Emma Reddy,emma.reddy.8598@example.com,United Kingdom,2021-03-13,One-Time,689.67
CUST-08599,Arjun Mehta,arjun.mehta.8599@example.com,United Kingdom,2024-09-25,Repeat,4272.32
CUST-08600,Neha Singh,neha.singh.8600@example.com,India,2025-05-15,Repeat,6263.14
CUST-08601,Olivia Patel,olivia.patel.8601@example.com,Singapore,2025-06-12,One-Time,105.67
CUST-08602,Emma Kumar,emma.kumar.8602@example.com,United States,2024-08-06,One-Time,59.40
CUST-08603,Neha Garcia,neha.garcia.8603@example.com,Australia,2020-12-28,Inactive,269.86
CUST-08604,Kavya Sharma,kavya.sharma.8604@example.com,India,2025-08-31,Inactive,169.52
CUST-08605,Sophia Reddy,sophia.reddy.8605@example.com,Canada,2025-06-12,High-Value,6331.03
CUST-08606,Emma Kumar,emma.kumar.8606@example.com,United Kingdom,2025-05-27,One-Time,198.34
CUST-08607,Sophia Mehta,sophia.mehta.8607@example.com,Australia,2020-10-08,Repeat,4383.15
CUST-08608,Aarav Patel,aarav.patel.8608@example.com,Australia,2025-08-03,Repeat,3027.26
CUST-08609,Olivia Nair,olivia.nair.8609@example.com,Germany,2022-03-24,Repeat,3980.02
CUST-08610,Ishaan Patel,ishaan.patel.8610@example.com,United States,2024-04-11,Repeat,6389.87
CUST-08611,Liam Sharma,liam.sharma.8611@example.com,Singapore,2025-03-01,One-Time,114.40
CUST-08612,Kavya Patel,kavya.patel.8612@example.com,United Kingdom,2024-03-03,High-Value,22878.68
CUST-08613,Vikram Brown,vikram.brown.8613@example.com,Germany,2024-09-05,Repeat,3577.18
CUST-08614,Kavya Nair,kavya.nair.8614@example.com,Singapore,2024-10-26,One-Time,507.04
CUST-08615,Arjun Sharma,arjun.sharma.8615@example.com,Australia,2022-11-15,Repeat,3375.99
CUST-08616,Kavya Reddy,kavya.reddy.8616@example.com,India,2025-02-11,Repeat,1801.42
CUST-08617,Ishaan Garcia,ishaan.garcia.8617@example.com,Australia,2021-04-11,Repeat,7260.04
CUST-08618,Vikram Kumar,vikram.kumar.8618@example.com,Singapore,2019-09-06,Repeat,5183.92
CUST-08619,Rohan Mehta,rohan.mehta.8619@example.com,India,2018-05-30,One-Time,102.50
CUST-08620,Aarav Nair,aarav.nair.8620@example.com,Australia,2019-05-06,Repeat,1912.96
CUST-08621,Emma Mehta,emma.mehta.8621@example.com,Germany,2021-07-27,Repeat,6209.73
CUST-08622,Meera Garcia,meera.garcia.8622@example.com,Australia,2021-01-29,High-Value,9670.58
CUST-08623,Neha Garcia,neha.garcia.8623@example.com,United Kingdom,2021-04-07,Repeat,4216.29
CUST-08624,Noah Singh,noah.singh.8624@example.com,United Arab Emirates,2019-10-24,One-Time,1081.17
CUST-08625,Rohan Garcia,rohan.garcia.8625@example.com,Singapore,2020-09-25,Inactive,496.31
CUST-08626,Olivia Patel,olivia.patel.8626@example.com,United Kingdom,2020-12-17,Inactive,215.79
CUST-08627,Meera Kumar,meera.kumar.8627@example.com,Australia,2024-01-25,Repeat,1272.90
CUST-08628,Vikram Patel,vikram.patel.8628@example.com,Singapore,2025-11-20,Repeat,6259.51
CUST-08629,Kavya Singh,kavya.singh.8629@example.com,Australia,2023-04-28,High-Value,8378.53
CUST-08630,Aarav Garcia,aarav.garcia.8630@example.com,United Kingdom,2018-07-08,Inactive,16.09
CUST-08631,Neha Brown,neha.brown.8631@example.com,Singapore,2020-04-01,Inactive,317.30
CUST-08632,Noah Garcia,noah.garcia.8632@example.com,Australia,2025-10-18,High-Value,19301.14
CUST-08633,Emma Nair,emma.nair.8633@example.com,United Arab Emirates,2023-02-05,Repeat,2367.79
CUST-08634,Neha Gupta,neha.gupta.8634@example.com,United Kingdom,2023-11-12,One-Time,544.50
CUST-08635,Noah Singh,noah.singh.8635@example.com,Germany,2022-02-23,High-Value,10177.65
CUST-08636,Kavya Wilson,kavya.wilson.8636@example.com,United States,2018-10-02,Repeat,5288.36
CUST-08637,Noah Singh,noah.singh.8637@example.com,Germany,2019-03-29,High-Value,20862.21
CUST-08638,Sophia Gupta,sophia.gupta.8638@example.com,Germany,2025-11-26,One-Time,249.41
CUST-08639,Arjun Mehta,arjun.mehta.8639@example.com,United Kingdom,2025-07-28,High-Value,13863.47
CUST-08640,Ishaan Gupta,ishaan.gupta.8640@example.com,Canada,2024-06-28,One-Time,767.08
CUST-08641,Noah Kumar,noah.kumar.8641@example.com,United Arab Emirates,2022-01-13,Repeat,3965.71
CUST-08642,Arjun Brown,arjun.brown.8642@example.com,United Arab Emirates,2018-10-16,Inactive,200.95
CUST-08643,Neha Miller,neha.miller.8643@example.com,United Kingdom,2021-11-09,Repeat,2098.79
CUST-08644,Ishaan Brown,ishaan.brown.8644@example.com,Germany,2018-05-25,Inactive,400.35
CUST-08645,Vikram Brown,vikram.brown.8645@example.com,United Kingdom,2019-09-22,Inactive,6.51
CUST-08646,Ishaan Wilson,ishaan.wilson.8646@example.com,Germany,2024-06-09,Repeat,4868.33
CUST-08647,Vikram Garcia,vikram.garcia.8647@example.com,India,2024-05-09,Repeat,5728.52
CUST-08648,Aditi Singh,aditi.singh.8648@example.com,Singapore,2019-11-18,One-Time,911.48
CUST-08649,Meera Singh,meera.singh.8649@example.com,India,2021-06-19,Inactive,461.05
CUST-08650,Aarav Garcia,aarav.garcia.8650@example.com,Singapore,2023-09-11,Repeat,874.17
CUST-08651,Rohan Miller,rohan.miller.8651@example.com,United Kingdom,2020-09-19,Inactive,119.40
CUST-08652,Olivia Mehta,olivia.mehta.8652@example.com,United Kingdom,2020-02-01,One-Time,759.44
CUST-08653,Olivia Gupta,olivia.gupta.8653@example.com,Germany,2023-04-20,Repeat,4895.40
CUST-08654,Kavya Kumar,kavya.kumar.8654@example.com,India,2018-06-18,High-Value,17775.41
CUST-08655,Meera Garcia,meera.garcia.8655@example.com,United Arab Emirates,2025-05-14,Repeat,3644.51
CUST-08656,Liam Nair,liam.nair.8656@example.com,Australia,2024-08-22,High-Value,15770.12
CUST-08657,Ishaan Gupta,ishaan.gupta.8657@example.com,Germany,2024-09-20,Repeat,806.88
CUST-08658,Aditi Miller,aditi.miller.8658@example.com,United Arab Emirates,2024-06-07,One-Time,1056.86
CUST-08659,Liam Nair,liam.nair.8659@example.com,Germany,2019-04-12,One-Time,226.26
CUST-08660,Ishaan Sharma,ishaan.sharma.8660@example.com,India,2018-12-05,One-Time,1193.76
CUST-08661,Olivia Sharma,olivia.sharma.8661@example.com,United Kingdom,2019-05-05,Inactive,25.57
CUST-08662,Aarav Sharma,aarav.sharma.8662@example.com,United Arab Emirates,2018-06-28,Repeat,5975.86
CUST-08663,Meera Garcia,meera.garcia.8663@example.com,Singapore,2025-05-01,Inactive,189.34
CUST-08664,Vikram Wilson,vikram.wilson.8664@example.com,India,2020-11-17,One-Time,703.16
CUST-08665,Sophia Nair,sophia.nair.8665@example.com,Singapore,2024-03-26,One-Time,1042.01
CUST-08666,Sophia Kumar,sophia.kumar.8666@example.com,United States,2022-08-08,One-Time,472.23
CUST-08667,Sophia Sharma,sophia.sharma.8667@example.com,United States,2021-02-28,Repeat,987.84
CUST-08668,Meera Sharma,meera.sharma.8668@example.com,Singapore,2018-04-17,Inactive,482.36
CUST-08669,Aditi Miller,aditi.miller.8669@example.com,United Kingdom,2018-11-22,Inactive,12.14
CUST-08670,Emma Wilson,emma.wilson.8670@example.com,United Arab Emirates,2020-11-06,Repeat,3583.43
CUST-08671,Meera Sharma,meera.sharma.8671@example.com,United States,2021-03-19,One-Time,306.01
CUST-08672,Olivia Reddy,olivia.reddy.8672@example.com,United Arab Emirates,2024-11-19,High-Value,11962.03
CUST-08673,Diya Nair,diya.nair.8673@example.com,Singapore,2021-07-18,Repeat,2097.89
CUST-08674,Olivia Garcia,olivia.garcia.8674@example.com,United Arab Emirates,2018-04-02,High-Value,23455.63
CUST-08675,Aarav Wilson,aarav.wilson.8675@example.com,Canada,2019-08-03,One-Time,662.54
CUST-08676,Aditi Patel,aditi.patel.8676@example.com,Germany,2022-10-04,Repeat,1277.49
CUST-08677,Rohan Reddy,rohan.reddy.8677@example.com,United Arab Emirates,2018-04-21,Inactive,371.50
CUST-08678,Aarav Wilson,aarav.wilson.8678@example.com,United Kingdom,2025-08-05,Inactive,498.11
CUST-08679,Vikram Mehta,vikram.mehta.8679@example.com,Singapore,2018-04-16,Repeat,1844.79
CUST-08680,Meera Wilson,meera.wilson.8680@example.com,United Kingdom,2018-06-08,Repeat,1975.70
CUST-08681,Kavya Mehta,kavya.mehta.8681@example.com,United States,2022-03-18,One-Time,1037.58
CUST-08682,Meera Brown,meera.brown.8682@example.com,Canada,2025-06-06,High-Value,12919.48
CUST-08683,Kavya Garcia,kavya.garcia.8683@example.com,Canada,2018-01-05,High-Value,10104.32
CUST-08684,Vikram Nair,vikram.nair.8684@example.com,United Arab Emirates,2025-09-28,Repeat,4909.92
CUST-08685,Aditi Nair,aditi.nair.8685@example.com,United States,2021-05-31,Inactive,313.36
CUST-08686,Olivia Kumar,olivia.kumar.8686@example.com,Canada,2018-01-01,Repeat,3592.56
CUST-08687,Diya Patel,diya.patel.8687@example.com,United Arab Emirates,2024-06-07,Repeat,1895.92
CUST-08688,Neha Nair,neha.nair.8688@example.com,United Arab Emirates,2018-04-10,High-Value,20587.57
CUST-08689,Ishaan Kumar,ishaan.kumar.8689@example.com,Australia,2018-08-20,Repeat,3798.47
CUST-08690,Arjun Miller,arjun.miller.8690@example.com,United Kingdom,2022-10-08,One-Time,609.09
CUST-08691,Rohan Patel,,United States,2019-02-21,Repeat,1934.83
CUST-08692,Arjun Wilson,arjun.wilson.8692@example.com,United States,2021-11-24,Inactive,185.26
CUST-08693,Aarav Sharma,aarav.sharma.8693@example.com,United Kingdom,2020-02-10,Inactive,198.70
CUST-08694,Noah Sharma,noah.sharma.8694@example.com,Singapore,2021-03-06,Repeat,2226.30
CUST-08695,Aarav Miller,aarav.miller.8695@example.com,United States,2025-02-10,Repeat,2916.15
CUST-08696,Aditi Nair,aditi.nair.8696@example.com,Germany,2025-03-08,High-Value,11051.21
CUST-08697,Arjun Reddy,arjun.reddy.8697@example.com,United States,2025-05-24,Repeat,3939.97
CUST-08698,Vikram Reddy,vikram.reddy.8698@example.com,Singapore,2018-06-16,Repeat,7383.56
CUST-08699,Olivia Kumar,olivia.kumar.8699@example.com,Australia,2018-12-09,One-Time,807.14
CUST-08700,Noah Kumar,noah.kumar.8700@example.com,Canada,2025-03-06,High-Value,15253.09
CUST-08701,Diya Patel,diya.patel.8701@example.com,Germany,2020-12-27,One-Time,646.43
CUST-08702,Rohan Garcia,rohan.garcia.8702@example.com,Australia,2025-10-23,One-Time,774.06
CUST-08703,Olivia Miller,olivia.miller.8703@example.com,Australia,2022-10-21,One-Time,826.50
CUST-08704,Liam Miller,liam.miller.8704@example.com,United Arab Emirates,2025-09-28,High-Value,9210.66
CUST-08705,Meera Patel,meera.patel.8705@example.com,United Arab Emirates,2025-03-15,One-Time,353.07
CUST-08706,Diya Singh,diya.singh.8706@example.com,United Kingdom,2024-12-20,Repeat,4425.58
CUST-08707,Noah Nair,noah.nair.8707@example.com,Canada,2022-07-07,Repeat,5587.53
CUST-08708,Noah Garcia,noah.garcia.8708@example.com,United States,2022-06-22,Inactive,193.48
CUST-08709,Neha Patel,neha.patel.8709@example.com,Australia,2025-03-19,One-Time,766.35
CUST-08710,Noah Reddy,noah.reddy.8710@example.com,Germany,2024-07-29,One-Time,665.07
CUST-08711,Sophia Nair,sophia.nair.8711@example.com,Germany,2018-06-09,Repeat,4825.70
CUST-08712,Vikram Kumar,vikram.kumar.8712@example.com,Singapore,2021-02-23,One-Time,528.27
CUST-08713,Arjun Mehta,arjun.mehta.8713@example.com,United Arab Emirates,2019-05-21,One-Time,110.88
CUST-08714,Meera Wilson,meera.wilson.8714@example.com,Canada,2024-08-31,Inactive,142.52
CUST-08715,Vikram Mehta,vikram.mehta.8715@example.com,Germany,2020-03-19,Repeat,3896.16
CUST-08716,Olivia Garcia,olivia.garcia.8716@example.com,Singapore,2020-12-25,Inactive,112.73
CUST-08717,Liam Brown,liam.brown.8717@example.com,Canada,2020-05-18,Repeat,883.96
CUST-08718,Sophia Sharma,sophia.sharma.8718@example.com,Germany,2025-12-12,Repeat,1553.93
CUST-08719,Sophia Patel,sophia.patel.8719@example.com,United Arab Emirates,2025-10-08,One-Time,61.78
CUST-08720,Rohan Brown,rohan.brown.8720@example.com,United Kingdom,2024-02-06,High-Value,10218.41
CUST-08721,Arjun Patel,arjun.patel.8721@example.com,India,2018-01-28,One-Time,727.30
CUST-08722,Arjun Wilson,arjun.wilson.8722@example.com,Canada,2019-07-10,One-Time,728.52
CUST-08723,Noah Gupta,noah.gupta.8723@example.com,Singapore,2025-02-22,Repeat,4719.90
CUST-08724,Noah Reddy,noah.reddy.8724@example.com,United Arab Emirates,2018-12-24,Repeat,6841.81
CUST-08725,Olivia Garcia,olivia.garcia.8725@example.com,United States,2024-02-19,Repeat,3694.63
CUST-08726,Sophia Nair,sophia.nair.8726@example.com,India,2022-06-17,High-Value,18390.42
CUST-08727,Rohan Sharma,rohan.sharma.8727@example.com,Australia,2018-03-28,Inactive,295.76
CUST-08728,Aarav Mehta,aarav.mehta.8728@example.com,India,2024-01-25,One-Time,171.67
CUST-08729,Sophia Reddy,sophia.reddy.8729@example.com,United Kingdom,2024-05-24,Repeat,2251.48
CUST-08730,Vikram Singh,vikram.singh.8730@example.com,Australia,2020-06-04,High-Value,21448.07
CUST-08731,Noah Gupta,noah.gupta.8731@example.com,Australia,2020-01-09,Repeat,7367.97
CUST-08732,Meera Miller,meera.miller.8732@example.com,Germany,2021-06-05,High-Value,19040.68
CUST-08733,Emma Reddy,emma.reddy.8733@example.com,India,2023-09-04,High-Value,5005.34
CUST-08734,Meera Garcia,meera.garcia.8734@example.com,Australia,2024-10-25,Inactive,442.83
CUST-08735,Arjun Reddy,arjun.reddy.8735@example.com,India,2025-07-23,Inactive,477.47
CUST-08736,Rohan Mehta,rohan.mehta.8736@example.com,Germany,2025-07-11,Repeat,4324.38
CUST-08737,Vikram Miller,vikram.miller.8737@example.com,Singapore,2024-12-07,Inactive,445.54
CUST-08738,Kavya Garcia,kavya.garcia.8738@example.com,Germany,2021-10-03,Repeat,3704.87
CUST-08739,Noah Mehta,noah.mehta.8739@example.com,United Arab Emirates,2023-10-15,Repeat,2551.14
CUST-08740,Noah Nair,noah.nair.8740@example.com,Singapore,2022-04-27,High-Value,10704.15
CUST-08741,Liam Patel,liam.patel.8741@example.com,Australia,2018-05-10,One-Time,538.53
CUST-08742,Liam Wilson,liam.wilson.8742@example.com,United Kingdom,2018-05-16,Inactive,169.98
CUST-08743,Liam Gupta,liam.gupta.8743@example.com,United Arab Emirates,2018-04-04,High-Value,9265.82
CUST-08744,Noah Gupta,noah.gupta.8744@example.com,United States,2020-10-22,One-Time,745.03
CUST-08745,Arjun Mehta,arjun.mehta.8745@example.com,Australia,2020-03-31,High-Value,23218.96
CUST-08746,Kavya Reddy,kavya.reddy.8746@example.com,India,2020-04-10,One-Time,117.62
CUST-08747,Aarav Miller,aarav.miller.8747@example.com,Singapore,2020-12-07,One-Time,412.44
CUST-08748,Vikram Brown,vikram.brown.8748@example.com,Singapore,2025-11-10,One-Time,28.89
CUST-08749,Emma Miller,emma.miller.8749@example.com,United Kingdom,2024-03-05,Inactive,64.32
CUST-08750,Emma Miller,emma.miller.8750@example.com,India,2023-07-20,One-Time,35.25
CUST-08751,Olivia Mehta,olivia.mehta.8751@example.com,India,2023-11-26,One-Time,939.24
CUST-08752,Emma Sharma,emma.sharma.8752@example.com,United States,2025-08-31,High-Value,9007.74
CUST-08753,Kavya Gupta,kavya.gupta.8753@example.com,Singapore,2024-02-27,One-Time,135.93
CUST-08754,Sophia Gupta,sophia.gupta.8754@example.com,Singapore,2025-08-18,One-Time,867.58
CUST-08755,Olivia Wilson,olivia.wilson.8755@example.com,India,2022-12-03,Repeat,6930.92
CUST-08756,Diya Kumar,diya.kumar.8756@example.com,United Arab Emirates,2022-06-22,High-Value,11563.04
CUST-08757,Noah Kumar,noah.kumar.8757@example.com,Germany,2021-12-27,Repeat,3236.11
CUST-08758,Diya Wilson,diya.wilson.8758@example.com,Australia,2019-09-30,One-Time,947.90
CUST-08759,Sophia Gupta,sophia.gupta.8759@example.com,Germany,2019-04-14,Inactive,224.25
CUST-08760,Aarav Nair,aarav.nair.8760@example.com,United States,2025-04-13,Repeat,2520.31
CUST-08761,Kavya Mehta,kavya.mehta.8761@example.com,Germany,2018-08-01,One-Time,708.68
CUST-08762,Kavya Patel,kavya.patel.8762@example.com,United States,2025-02-07,Inactive,20.96
CUST-08763,Kavya Nair,kavya.nair.8763@example.com,Germany,2020-03-06,One-Time,1130.18
CUST-08764,Meera Gupta,meera.gupta.8764@example.com,Australia,2023-04-13,Inactive,123.91
CUST-08765,Ishaan Nair,ishaan.nair.8765@example.com,Germany,2023-10-18,Repeat,4981.33
CUST-08766,Meera Mehta,meera.mehta.8766@example.com,India,2020-12-28,Inactive,294.78
CUST-08767,Kavya Sharma,kavya.sharma.8767@example.com,Canada,2018-02-12,Inactive,108.25
CUST-08768,Sophia Singh,sophia.singh.8768@example.com,United States,2022-05-20,Inactive,112.35
CUST-08769,Vikram Wilson,vikram.wilson.8769@example.com,Canada,2025-12-06,Repeat,7012.20
CUST-08770,Aditi Singh,aditi.singh.8770@example.com,United States,2025-06-17,Repeat,4152.86
CUST-08771,Rohan Patel,rohan.patel.8771@example.com,Germany,2019-04-01,One-Time,106.18
CUST-08772,Olivia Sharma,olivia.sharma.8772@example.com,Singapore,2018-04-13,Repeat,5118.11
CUST-08773,Arjun Singh,arjun.singh.8773@example.com,Germany,2025-08-11,One-Time,256.46
CUST-08774,Neha Singh,neha.singh.8774@example.com,Australia,2025-01-13,High-Value,16596.70
CUST-08775,Liam Nair,liam.nair.8775@example.com,Australia,2024-01-13,One-Time,568.46
CUST-08776,Vikram Sharma,vikram.sharma.8776@example.com,Canada,2018-12-24,One-Time,1018.04
CUST-08777,Sophia Wilson,sophia.wilson.8777@example.com,Australia,2024-10-27,Repeat,4511.44
CUST-08778,Meera Nair,meera.nair.8778@example.com,Germany,2020-12-11,One-Time,378.36
CUST-08779,Sophia Mehta,sophia.mehta.8779@example.com,United Kingdom,2023-10-21,High-Value,21415.84
CUST-08780,Neha Patel,neha.patel.8780@example.com,Germany,2025-06-09,High-Value,21973.64
CUST-08781,Aditi Kumar,aditi.kumar.8781@example.com,India,2022-05-14,High-Value,9846.73
CUST-08782,Neha Miller,neha.miller.8782@example.com,United Kingdom,2022-02-12,Inactive,459.98
CUST-08783,Vikram Sharma,vikram.sharma.8783@example.com,United Arab Emirates,2023-03-20,Repeat,5102.74
CUST-08784,Vikram Singh,vikram.singh.8784@example.com,Canada,2025-04-29,One-Time,675.28
CUST-08785,Meera Reddy,meera.reddy.8785@example.com,United States,2018-10-03,One-Time,1170.53
CUST-08786,Neha Reddy,neha.reddy.8786@example.com,Germany,2023-02-10,High-Value,23920.63
CUST-08787,Emma Kumar,emma.kumar.8787@example.com,United Arab Emirates,2025-03-16,Repeat,1494.66
CUST-08788,Sophia Singh,,Singapore,2021-03-02,One-Time,401.67
CUST-08789,Ishaan Patel,ishaan.patel.8789@example.com,Germany,2022-10-07,One-Time,1195.85
CUST-08790,Diya Reddy,diya.reddy.8790@example.com,United Arab Emirates,2019-05-24,Inactive,410.09
CUST-08791,Meera Kumar,meera.kumar.8791@example.com,India,2020-04-27,Inactive,153.72
CUST-08792,Diya Wilson,diya.wilson.8792@example.com,Canada,2024-05-30,Repeat,5930.21
CUST-08793,Olivia Mehta,olivia.mehta.8793@example.com,United Arab Emirates,2025-05-02,Repeat,2526.17
CUST-08794,Meera Gupta,meera.gupta.8794@example.com,Canada,2021-01-12,Inactive,323.12
CUST-08795,Rohan Brown,rohan.brown.8795@example.com,Canada,2025-08-20,One-Time,1150.48
CUST-08796,Sophia Garcia,sophia.garcia.8796@example.com,Singapore,2020-09-22,One-Time,1108.75
CUST-08797,Noah Garcia,noah.garcia.8797@example.com,Singapore,2024-01-23,Repeat,3273.83
CUST-08798,Aarav Sharma,aarav.sharma.8798@example.com,Australia,2022-08-01,One-Time,364.13
CUST-08799,Arjun Kumar,arjun.kumar.8799@example.com,United Kingdom,2021-04-18,One-Time,89.90
CUST-08800,Noah Garcia,noah.garcia.8800@example.com,Canada,2023-02-07,Repeat,4606.65
CUST-08801,Liam Patel,liam.patel.8801@example.com,Germany,2023-03-21,One-Time,176.55
CUST-08802,Diya Miller,diya.miller.8802@example.com,Singapore,2018-12-09,One-Time,998.44
CUST-08803,Ishaan Singh,ishaan.singh.8803@example.com,United Kingdom,2022-07-02,Repeat,3402.65
CUST-08804,Kavya Miller,kavya.miller.8804@example.com,Germany,2020-08-24,Repeat,5695.18
CUST-08805,Diya Reddy,diya.reddy.8805@example.com,United Arab Emirates,2020-06-06,Inactive,435.60
CUST-08806,Liam Mehta,liam.mehta.8806@example.com,United States,2021-10-01,Repeat,1172.45
CUST-08807,Arjun Wilson,arjun.wilson.8807@example.com,United States,2019-10-17,Repeat,1899.34
CUST-08808,Liam Miller,liam.miller.8808@example.com,Canada,2021-04-13,One-Time,935.40
CUST-08809,Meera Wilson,meera.wilson.8809@example.com,Germany,2021-09-16,One-Time,445.13
CUST-08810,Rohan Miller,rohan.miller.8810@example.com,Canada,2019-10-01,Inactive,498.95
CUST-08811,Liam Nair,liam.nair.8811@example.com,Australia,2022-12-17,Repeat,4835.56
CUST-08812,Arjun Brown,arjun.brown.8812@example.com,United Arab Emirates,2023-10-23,Repeat,5962.36
CUST-08813,Aarav Kumar,aarav.kumar.8813@example.com,United Kingdom,2020-02-24,One-Time,48.66
CUST-08814,Neha Wilson,neha.wilson.8814@example.com,United States,2022-02-04,One-Time,471.65
CUST-08815,Noah Sharma,noah.sharma.8815@example.com,United Kingdom,2019-07-13,One-Time,1082.52
CUST-08816,Liam Singh,liam.singh.8816@example.com,Singapore,2018-02-06,One-Time,892.60
CUST-08817,Sophia Sharma,sophia.sharma.8817@example.com,United States,2019-06-13,One-Time,1184.72
CUST-08818,Kavya Garcia,kavya.garcia.8818@example.com,United Kingdom,2024-05-29,High-Value,7242.67
CUST-08819,Vikram Nair,vikram.nair.8819@example.com,India,2024-09-02,Repeat,2870.93
CUST-08820,Olivia Kumar,olivia.kumar.8820@example.com,India,2023-08-09,One-Time,181.08
CUST-08821,Olivia Sharma,olivia.sharma.8821@example.com,United Arab Emirates,2020-04-19,Repeat,1960.62
CUST-08822,Noah Garcia,noah.garcia.8822@example.com,India,2021-07-07,Inactive,49.02
CUST-08823,Noah Garcia,noah.garcia.8823@example.com,United States,2020-02-04,One-Time,866.68
CUST-08824,Liam Reddy,liam.reddy.8824@example.com,India,2025-10-28,Repeat,1258.50
CUST-08825,Meera Kumar,meera.kumar.8825@example.com,United Arab Emirates,2022-08-19,High-Value,21020.83
CUST-08826,Diya Brown,diya.brown.8826@example.com,United Kingdom,2024-11-19,Inactive,288.29
CUST-08827,Olivia Kumar,olivia.kumar.8827@example.com,United Arab Emirates,2020-10-16,High-Value,14025.97
CUST-08828,Meera Gupta,meera.gupta.8828@example.com,United Arab Emirates,2020-04-26,Inactive,448.14
CUST-08829,Olivia Patel,olivia.patel.8829@example.com,Germany,2021-09-15,Repeat,3857.77
CUST-08830,Olivia Kumar,olivia.kumar.8830@example.com,United States,2019-04-29,One-Time,932.16
CUST-08831,Olivia Patel,olivia.patel.8831@example.com,Germany,2024-01-29,Inactive,362.01
CUST-08832,Liam Garcia,liam.garcia.8832@example.com,Germany,2019-03-20,One-Time,631.48
CUST-08833,Rohan Gupta,rohan.gupta.8833@example.com,India,2023-09-02,Repeat,1023.84
CUST-08834,Emma Wilson,emma.wilson.8834@example.com,Germany,2025-08-06,One-Time,316.26
CUST-08835,Ishaan Gupta,ishaan.gupta.8835@example.com,Canada,2025-12-08,Repeat,7373.38
CUST-08836,Rohan Miller,rohan.miller.8836@example.com,Canada,2025-11-27,One-Time,981.04
CUST-08837,Liam Wilson,liam.wilson.8837@example.com,Germany,2025-11-29,One-Time,526.02
CUST-08838,Emma Reddy,emma.reddy.8838@example.com,Canada,2021-01-29,Repeat,5460.93
CUST-08839,Liam Mehta,liam.mehta.8839@example.com,United States,2020-11-30,One-Time,321.31
CUST-08840,Rohan Miller,rohan.miller.8840@example.com,India,2018-09-04,One-Time,1059.17
CUST-08841,Ishaan Patel,ishaan.patel.8841@example.com,United Kingdom,2025-12-20,High-Value,17770.95
CUST-08842,Diya Gupta,diya.gupta.8842@example.com,United Arab Emirates,2025-06-21,One-Time,932.03
CUST-08843,Noah Brown,noah.brown.8843@example.com,Singapore,2020-07-05,Inactive,467.81
CUST-08844,Arjun Nair,arjun.nair.8844@example.com,Germany,2025-08-21,Repeat,2993.55
CUST-08845,Rohan Patel,rohan.patel.8845@example.com,Australia,2024-04-17,Repeat,7204.72
CUST-08846,Meera Mehta,meera.mehta.8846@example.com,India,2022-06-23,Inactive,401.30
CUST-08847,Aarav Mehta,aarav.mehta.8847@example.com,United States,2022-03-17,High-Value,19696.04
CUST-08848,Liam Garcia,liam.garcia.8848@example.com,Canada,2018-02-16,Inactive,101.59
CUST-08849,Meera Reddy,meera.reddy.8849@example.com,Germany,2018-07-04,Repeat,4859.64
CUST-08850,Diya Miller,diya.miller.8850@example.com,United Arab Emirates,2024-10-25,Repeat,4085.21
CUST-08851,Aditi Garcia,aditi.garcia.8851@example.com,India,2020-03-13,One-Time,130.64
CUST-08852,Meera Miller,meera.miller.8852@example.com,United Arab Emirates,2022-06-25,Repeat,3627.61
CUST-08853,Rohan Mehta,rohan.mehta.8853@example.com,India,2020-03-13,Inactive,281.28
CUST-08854,Kavya Garcia,kavya.garcia.8854@example.com,Australia,2025-02-26,One-Time,563.07
CUST-08855,Kavya Reddy,kavya.reddy.8855@example.com,Canada,2025-11-02,Repeat,6545.18
CUST-08856,Meera Nair,meera.nair.8856@example.com,India,2022-12-26,Repeat,3276.38
CUST-08857,Emma Sharma,emma.sharma.8857@example.com,India,2020-12-21,One-Time,257.38
CUST-08858,Vikram Patel,vikram.patel.8858@example.com,United Arab Emirates,2022-09-30,Repeat,7335.22
CUST-08859,Vikram Patel,vikram.patel.8859@example.com,United Arab Emirates,2020-08-30,Repeat,1996.33
CUST-08860,Rohan Sharma,rohan.sharma.8860@example.com,Canada,2018-10-21,Repeat,7403.43
CUST-08861,Sophia Sharma,sophia.sharma.8861@example.com,United Kingdom,2021-07-07,Repeat,1948.28
CUST-08862,Arjun Gupta,arjun.gupta.8862@example.com,Australia,2024-08-10,Repeat,7312.46
CUST-08863,Emma Nair,emma.nair.8863@example.com,United Kingdom,2024-07-31,High-Value,21533.40
CUST-08864,Arjun Wilson,arjun.wilson.8864@example.com,Singapore,2019-03-27,One-Time,1062.92
CUST-08865,Vikram Nair,vikram.nair.8865@example.com,Canada,2020-04-13,Repeat,6363.42
CUST-08866,Sophia Miller,sophia.miller.8866@example.com,United States,2018-10-19,Repeat,4222.00
CUST-08867,Aarav Gupta,aarav.gupta.8867@example.com,Singapore,2023-05-08,Repeat,6984.47
CUST-08868,Olivia Reddy,olivia.reddy.8868@example.com,Germany,2023-10-07,One-Time,87.22
CUST-08869,Arjun Kumar,arjun.kumar.8869@example.com,United Arab Emirates,2022-08-11,High-Value,19523.53
CUST-08870,Arjun Reddy,arjun.reddy.8870@example.com,United Kingdom,2021-06-03,One-Time,840.56
CUST-08871,Liam Gupta,liam.gupta.8871@example.com,United Arab Emirates,2021-07-15,One-Time,1144.31
CUST-08872,Neha Miller,neha.miller.8872@example.com,Australia,2022-07-28,Inactive,346.66
CUST-08873,Vikram Kumar,vikram.kumar.8873@example.com,India,2024-12-14,Repeat,1499.37
CUST-08874,Emma Nair,emma.nair.8874@example.com,Germany,2018-12-04,One-Time,525.94
CUST-08875,Ishaan Reddy,ishaan.reddy.8875@example.com,United States,2020-07-09,High-Value,20367.12
CUST-08876,Rohan Garcia,rohan.garcia.8876@example.com,Australia,2024-03-31,Inactive,103.38
CUST-08877,Diya Singh,diya.singh.8877@example.com,Australia,2022-01-13,One-Time,675.18
CUST-08878,Neha Kumar,neha.kumar.8878@example.com,India,2025-09-08,High-Value,18528.15
CUST-08879,Kavya Miller,kavya.miller.8879@example.com,United Arab Emirates,2023-07-03,One-Time,828.88
CUST-08880,Sophia Wilson,sophia.wilson.8880@example.com,United Kingdom,2023-10-04,Repeat,7135.17
CUST-08881,Neha Garcia,neha.garcia.8881@example.com,Australia,2023-04-29,High-Value,5066.72
CUST-08882,Aditi Nair,aditi.nair.8882@example.com,United Arab Emirates,2024-07-13,One-Time,680.59
CUST-08883,Ishaan Brown,ishaan.brown.8883@example.com,United Arab Emirates,2023-12-16,High-Value,7935.11
CUST-08884,Emma Garcia,emma.garcia.8884@example.com,Singapore,2025-09-04,One-Time,858.77
CUST-08885,Rohan Brown,rohan.brown.8885@example.com,Singapore,2018-04-05,One-Time,251.40
CUST-08886,Diya Singh,diya.singh.8886@example.com,United Kingdom,2024-01-15,One-Time,252.86
CUST-08887,Rohan Gupta,rohan.gupta.8887@example.com,Germany,2019-04-26,High-Value,17234.15
CUST-08888,Aarav Nair,aarav.nair.8888@example.com,United Arab Emirates,2019-03-02,Repeat,4291.23
CUST-08889,Aarav Singh,aarav.singh.8889@example.com,Australia,2023-08-10,Repeat,3139.67
CUST-08890,Olivia Mehta,olivia.mehta.8890@example.com,United Arab Emirates,2022-10-21,Inactive,276.14
CUST-08891,Liam Kumar,liam.kumar.8891@example.com,Canada,2024-01-12,Repeat,7318.96
CUST-08892,Vikram Nair,vikram.nair.8892@example.com,Germany,2019-03-04,One-Time,611.46
CUST-08893,Olivia Wilson,olivia.wilson.8893@example.com,Australia,2019-07-20,One-Time,878.94
CUST-08894,Neha Gupta,neha.gupta.8894@example.com,United Arab Emirates,2019-08-15,One-Time,869.28
CUST-08895,Ishaan Gupta,ishaan.gupta.8895@example.com,United States,2025-01-13,Repeat,2408.57
CUST-08896,Noah Singh,noah.singh.8896@example.com,United Kingdom,2020-01-28,Repeat,3012.11
CUST-08897,Olivia Singh,olivia.singh.8897@example.com,Canada,2018-11-03,One-Time,810.35
CUST-08898,Sophia Patel,sophia.patel.8898@example.com,United Kingdom,2023-07-03,High-Value,13959.13
CUST-08899,Olivia Singh,olivia.singh.8899@example.com,Germany,2021-11-16,Repeat,5897.23
CUST-08900,Liam Singh,liam.singh.8900@example.com,Singapore,2018-07-16,One-Time,850.27
CUST-08901,Liam Wilson,liam.wilson.8901@example.com,Germany,2025-04-27,Repeat,1007.96
CUST-08902,Meera Nair,meera.nair.8902@example.com,Germany,2019-11-22,Repeat,5571.58
CUST-08903,Arjun Brown,arjun.brown.8903@example.com,United States,2021-03-05,One-Time,1159.33
CUST-08904,Ishaan Mehta,ishaan.mehta.8904@example.com,India,2024-01-13,One-Time,38.20
CUST-08905,Neha Nair,neha.nair.8905@example.com,United Arab Emirates,2024-12-05,One-Time,511.40
CUST-08906,Arjun Singh,arjun.singh.8906@example.com,United Kingdom,2019-08-07,Inactive,201.22
CUST-08907,Rohan Patel,rohan.patel.8907@example.com,India,2022-10-01,Repeat,6947.23
CUST-08908,Kavya Gupta,kavya.gupta.8908@example.com,United Arab Emirates,2018-12-31,One-Time,691.25
CUST-08909,Meera Patel,meera.patel.8909@example.com,India,2025-10-21,One-Time,209.12
CUST-08910,Meera Gupta,meera.gupta.8910@example.com,Germany,2019-04-24,Repeat,1410.46
CUST-08911,Arjun Gupta,arjun.gupta.8911@example.com,Germany,2018-08-06,High-Value,21092.37
CUST-08912,Ishaan Nair,ishaan.nair.8912@example.com,Australia,2018-09-14,Repeat,4446.23
CUST-08913,Emma Kumar,emma.kumar.8913@example.com,United States,2025-04-26,High-Value,21513.75
CUST-08914,Emma Reddy,emma.reddy.8914@example.com,Australia,2019-09-22,High-Value,21859.12
CUST-08915,Ishaan Kumar,ishaan.kumar.8915@example.com,United Arab Emirates,2019-10-15,Inactive,118.59
CUST-08916,Diya Miller,diya.miller.8916@example.com,Canada,2025-11-14,One-Time,145.67
CUST-08917,Sophia Wilson,sophia.wilson.8917@example.com,United States,2024-10-23,High-Value,8149.86
CUST-08918,Olivia Mehta,olivia.mehta.8918@example.com,Singapore,2022-06-05,High-Value,17216.07
CUST-08919,Olivia Reddy,olivia.reddy.8919@example.com,Canada,2022-06-11,High-Value,20758.12
CUST-08920,Vikram Patel,vikram.patel.8920@example.com,India,2020-04-02,One-Time,282.31
CUST-08921,Arjun Mehta,arjun.mehta.8921@example.com,Canada,2024-02-01,Repeat,4962.56
CUST-08922,Meera Reddy,meera.reddy.8922@example.com,Singapore,2023-06-20,Repeat,3981.13
CUST-08923,Aditi Singh,aditi.singh.8923@example.com,India,2025-04-04,Repeat,4119.82
CUST-08924,Aarav Sharma,aarav.sharma.8924@example.com,United Arab Emirates,2023-08-25,Repeat,4770.89
CUST-08925,Aarav Singh,aarav.singh.8925@example.com,India,2022-12-12,One-Time,1035.07
CUST-08926,Vikram Miller,vikram.miller.8926@example.com,India,2020-03-12,Repeat,1280.88
CUST-08927,Aarav Miller,aarav.miller.8927@example.com,India,2019-09-15,One-Time,513.07
CUST-08928,Sophia Gupta,sophia.gupta.8928@example.com,Germany,2021-09-25,Repeat,3221.71
CUST-08929,Arjun Sharma,arjun.sharma.8929@example.com,Singapore,2018-11-09,One-Time,985.60
CUST-08930,Ishaan Nair,ishaan.nair.8930@example.com,Canada,2023-11-14,One-Time,757.94
CUST-08931,Arjun Gupta,arjun.gupta.8931@example.com,United Kingdom,2019-10-11,One-Time,939.15
CUST-08932,Neha Reddy,neha.reddy.8932@example.com,India,2023-07-28,One-Time,122.42
CUST-08933,Ishaan Garcia,ishaan.garcia.8933@example.com,Canada,2020-07-03,One-Time,74.81
CUST-08934,Noah Sharma,noah.sharma.8934@example.com,India,2022-04-25,Repeat,1809.06
CUST-08935,Olivia Nair,olivia.nair.8935@example.com,Germany,2018-03-13,Inactive,282.26
CUST-08936,Arjun Garcia,arjun.garcia.8936@example.com,Australia,2019-06-23,Inactive,335.22
CUST-08937,Diya Garcia,diya.garcia.8937@example.com,India,2020-08-14,Repeat,5152.97
CUST-08938,Diya Nair,diya.nair.8938@example.com,Singapore,2025-06-15,Repeat,870.75
CUST-08939,Sophia Miller,sophia.miller.8939@example.com,Germany,2021-01-05,Repeat,2147.39
CUST-08940,Arjun Reddy,arjun.reddy.8940@example.com,Canada,2022-05-28,One-Time,167.58
CUST-08941,Sophia Reddy,sophia.reddy.8941@example.com,United Arab Emirates,2025-10-27,Inactive,81.03
CUST-08942,Olivia Brown,olivia.brown.8942@example.com,United Arab Emirates,2024-01-05,One-Time,522.65
CUST-08943,Neha Sharma,neha.sharma.8943@example.com,Germany,2019-07-31,Inactive,236.73
CUST-08944,Noah Kumar,noah.kumar.8944@example.com,Canada,2020-11-23,High-Value,12496.43
CUST-08945,Aditi Kumar,aditi.kumar.8945@example.com,Germany,2022-05-23,High-Value,20872.20
CUST-08946,Kavya Patel,kavya.patel.8946@example.com,United Kingdom,2021-12-15,Repeat,5117.78
CUST-08947,Olivia Wilson,olivia.wilson.8947@example.com,Canada,2019-01-24,One-Time,564.37
CUST-08948,Rohan Patel,rohan.patel.8948@example.com,United Arab Emirates,2018-09-18,One-Time,232.40
CUST-08949,Noah Garcia,noah.garcia.8949@example.com,United Arab Emirates,2018-08-07,Repeat,3169.23
CUST-08950,Aditi Reddy,aditi.reddy.8950@example.com,Singapore,2022-04-02,Inactive,416.97
CUST-08951,Vikram Singh,vikram.singh.8951@example.com,United States,2018-02-17,Repeat,3957.25
CUST-08952,Kavya Reddy,kavya.reddy.8952@example.com,Australia,2025-11-12,Inactive,321.17
CUST-08953,Meera Kumar,meera.kumar.8953@example.com,Singapore,2025-06-23,One-Time,1183.03
CUST-08954,Arjun Gupta,arjun.gupta.8954@example.com,Canada,2019-01-19,Inactive,262.66
CUST-08955,Olivia Miller,olivia.miller.8955@example.com,Germany,2019-10-09,One-Time,932.16
CUST-08956,Sophia Singh,sophia.singh.8956@example.com,United Kingdom,2023-02-10,High-Value,22237.34
CUST-08957,Kavya Nair,kavya.nair.8957@example.com,United States,2018-07-12,Inactive,304.44
CUST-08958,Aditi Wilson,aditi.wilson.8958@example.com,Australia,2022-11-17,One-Time,268.68
CUST-08959,Sophia Garcia,sophia.garcia.8959@example.com,United Kingdom,2022-05-17,One-Time,78.25
CUST-08960,Aarav Miller,aarav.miller.8960@example.com,Australia,2024-05-15,One-Time,569.16
CUST-08961,Neha Kumar,neha.kumar.8961@example.com,Canada,2024-11-22,One-Time,322.51
CUST-08962,Olivia Wilson,olivia.wilson.8962@example.com,United States,2020-02-04,One-Time,772.79
CUST-08963,Olivia Singh,olivia.singh.8963@example.com,Canada,2021-03-14,Repeat,4585.28
CUST-08964,Noah Wilson,noah.wilson.8964@example.com,Singapore,2024-12-20,Inactive,168.29
CUST-08965,Diya Mehta,diya.mehta.8965@example.com,India,2020-06-29,Repeat,6928.45
CUST-08966,Neha Nair,neha.nair.8966@example.com,Australia,2022-04-23,One-Time,135.53
CUST-08967,Ishaan Brown,ishaan.brown.8967@example.com,United States,2024-09-30,Repeat,3385.16
CUST-08968,Neha Wilson,neha.wilson.8968@example.com,Singapore,2024-03-19,Repeat,6267.88
CUST-08969,Neha Reddy,neha.reddy.8969@example.com,Australia,2020-03-30,One-Time,1193.50
CUST-08970,Olivia Garcia,olivia.garcia.8970@example.com,Singapore,2018-12-11,Repeat,6964.09
CUST-08971,Noah Miller,noah.miller.8971@example.com,India,2019-02-04,One-Time,453.62
CUST-08972,Olivia Singh,olivia.singh.8972@example.com,United Kingdom,2021-03-12,One-Time,618.58
CUST-08973,Arjun Wilson,arjun.wilson.8973@example.com,United States,2023-11-11,High-Value,16224.57
CUST-08974,Liam Gupta,liam.gupta.8974@example.com,Germany,2022-08-04,One-Time,324.85
CUST-08975,Aditi Mehta,aditi.mehta.8975@example.com,Australia,2021-01-20,Repeat,5498.40
CUST-08976,Ishaan Patel,ishaan.patel.8976@example.com,Canada,2024-11-08,Repeat,865.47
CUST-08977,Sophia Wilson,sophia.wilson.8977@example.com,Germany,2025-04-16,One-Time,65.56
CUST-08978,Olivia Gupta,olivia.gupta.8978@example.com,Canada,2019-12-05,High-Value,14143.55
CUST-08979,Kavya Wilson,kavya.wilson.8979@example.com,Singapore,2018-02-07,Repeat,5364.77
CUST-08980,Rohan Gupta,rohan.gupta.8980@example.com,Australia,2025-02-12,One-Time,394.94
CUST-08981,Rohan Nair,rohan.nair.8981@example.com,United Kingdom,2019-08-14,One-Time,248.34
CUST-08982,Aditi Reddy,aditi.reddy.8982@example.com,Canada,2020-10-12,Inactive,46.24
CUST-08983,Noah Wilson,noah.wilson.8983@example.com,Singapore,2018-05-17,One-Time,216.58
CUST-08984,Diya Sharma,diya.sharma.8984@example.com,United Arab Emirates,2021-10-03,High-Value,7376.71
CUST-08985,Kavya Miller,kavya.miller.8985@example.com,United States,2023-07-23,One-Time,607.51
CUST-08986,Noah Garcia,noah.garcia.8986@example.com,Germany,2024-01-23,Repeat,3336.22
CUST-08987,Liam Kumar,liam.kumar.8987@example.com,India,2023-01-10,Repeat,5565.80
CUST-08988,Rohan Kumar,,India,2023-10-06,One-Time,70.79
CUST-08989,Aarav Sharma,aarav.sharma.8989@example.com,United States,2019-12-25,High-Value,11794.60
CUST-08990,Vikram Wilson,vikram.wilson.8990@example.com,Germany,2019-10-10,Repeat,1206.78
CUST-08991,Kavya Kumar,kavya.kumar.8991@example.com,United Kingdom,2020-06-28,One-Time,137.74
CUST-08992,Liam Miller,liam.miller.8992@example.com,Germany,2021-02-26,Inactive,493.91
CUST-08993,Rohan Sharma,rohan.sharma.8993@example.com,Singapore,2021-12-29,One-Time,479.92
CUST-08994,Sophia Miller,sophia.miller.8994@example.com,United Kingdom,2020-09-05,One-Time,789.14
CUST-08995,Olivia Sharma,olivia.sharma.8995@example.com,India,2020-06-09,One-Time,900.16
CUST-08996,Aarav Wilson,aarav.wilson.8996@example.com,Australia,2020-06-22,One-Time,816.05
CUST-08997,Rohan Mehta,rohan.mehta.8997@example.com,India,2024-02-09,Repeat,2297.78
CUST-08998,Noah Wilson,noah.wilson.8998@example.com,Canada,2020-08-29,One-Time,1127.01
CUST-08999,Sophia Patel,sophia.patel.8999@example.com,Singapore,2022-03-10,Repeat,5523.58
CUST-09000,Kavya Kumar,kavya.kumar.9000@example.com,Germany,2018-12-12,Repeat,831.17
CUST-09001,Liam Brown,liam.brown.9001@example.com,India,2020-09-05,One-Time,874.10
CUST-09002,Noah Singh,noah.singh.9002@example.com,United Arab Emirates,2023-05-05,High-Value,22239.10
CUST-09003,Aarav Brown,aarav.brown.9003@example.com,United Kingdom,2018-12-29,Inactive,396.61
CUST-09004,Kavya Nair,kavya.nair.9004@example.com,Canada,2020-03-05,One-Time,1065.60
CUST-09005,Ishaan Wilson,ishaan.wilson.9005@example.com,Germany,2024-09-29,One-Time,1062.00
CUST-09006,Diya Wilson,diya.wilson.9006@example.com,Australia,2023-04-23,Repeat,4070.42
CUST-09007,Aarav Gupta,aarav.gupta.9007@example.com,India,2018-10-09,Inactive,256.57
CUST-09008,Neha Miller,neha.miller.9008@example.com,United Arab Emirates,2023-01-07,One-Time,400.00
CUST-09009,Aarav Mehta,aarav.mehta.9009@example.com,United Kingdom,2025-09-14,High-Value,5576.94
CUST-09010,Diya Garcia,diya.garcia.9010@example.com,India,2019-10-09,Inactive,197.18
CUST-09011,Aditi Garcia,aditi.garcia.9011@example.com,Canada,2021-10-27,Inactive,404.90
CUST-09012,Noah Gupta,noah.gupta.9012@example.com,India,2022-07-16,One-Time,585.39
CUST-09013,Sophia Miller,sophia.miller.9013@example.com,United Arab Emirates,2018-04-20,Inactive,49.36
CUST-09014,Rohan Kumar,rohan.kumar.9014@example.com,United Arab Emirates,2022-01-22,Repeat,3687.04
CUST-09015,Arjun Brown,arjun.brown.9015@example.com,Germany,2022-06-30,One-Time,345.94
CUST-09016,Neha Reddy,neha.reddy.9016@example.com,United Kingdom,2020-10-07,Repeat,2503.66
CUST-09017,Ishaan Patel,ishaan.patel.9017@example.com,Australia,2020-12-09,Repeat,2698.61
CUST-09018,Sophia Wilson,sophia.wilson.9018@example.com,Canada,2023-11-04,Repeat,6574.90
CUST-09019,Vikram Miller,vikram.miller.9019@example.com,United Arab Emirates,2019-04-15,High-Value,5304.28
CUST-09020,Meera Brown,meera.brown.9020@example.com,Australia,2020-08-24,Repeat,7291.06
CUST-09021,Ishaan Nair,ishaan.nair.9021@example.com,United Arab Emirates,2022-09-11,Repeat,1120.11
CUST-09022,Kavya Reddy,kavya.reddy.9022@example.com,Canada,2022-02-12,One-Time,331.04
CUST-09023,Diya Brown,diya.brown.9023@example.com,Singapore,2019-02-17,Repeat,5780.55
CUST-09024,Olivia Singh,olivia.singh.9024@example.com,Australia,2022-02-21,One-Time,468.23
CUST-09025,Kavya Nair,kavya.nair.9025@example.com,United Kingdom,2020-03-12,Repeat,5833.67
CUST-09026,Liam Reddy,liam.reddy.9026@example.com,United States,2019-07-16,One-Time,747.75
CUST-09027,Aarav Brown,aarav.brown.9027@example.com,United States,2020-12-24,One-Time,385.03
CUST-09028,Kavya Brown,kavya.brown.9028@example.com,United Arab Emirates,2024-02-03,Repeat,3941.39
CUST-09029,Kavya Brown,kavya.brown.9029@example.com,Germany,2022-04-15,Repeat,3141.42
CUST-09030,Olivia Wilson,olivia.wilson.9030@example.com,Canada,2021-10-27,Repeat,3780.04
CUST-09031,Ishaan Wilson,ishaan.wilson.9031@example.com,Canada,2019-09-03,Repeat,5230.62
CUST-09032,Meera Miller,meera.miller.9032@example.com,United Kingdom,2018-07-17,One-Time,1073.74
CUST-09033,Aarav Sharma,aarav.sharma.9033@example.com,United Kingdom,2018-05-22,One-Time,323.62
CUST-09034,Aarav Brown,aarav.brown.9034@example.com,India,2018-08-12,One-Time,808.31
CUST-09035,Aarav Patel,aarav.patel.9035@example.com,India,2022-08-03,Repeat,7014.34
CUST-09036,Aditi Patel,aditi.patel.9036@example.com,United Arab Emirates,2019-02-01,High-Value,16697.05
CUST-09037,Aditi Kumar,aditi.kumar.9037@example.com,Singapore,2021-07-15,High-Value,22128.67
CUST-09038,Emma Singh,emma.singh.9038@example.com,Singapore,2021-06-09,Inactive,38.54
CUST-09039,Kavya Gupta,kavya.gupta.9039@example.com,Australia,2022-03-10,One-Time,559.94
CUST-09040,Noah Brown,noah.brown.9040@example.com,United Arab Emirates,2023-11-23,Repeat,2734.57
CUST-09041,Rohan Sharma,rohan.sharma.9041@example.com,Germany,2025-07-13,Repeat,3514.07
CUST-09042,Aditi Patel,aditi.patel.9042@example.com,India,2019-12-18,High-Value,16450.85
CUST-09043,Emma Mehta,emma.mehta.9043@example.com,Singapore,2019-12-07,One-Time,737.71
CUST-09044,Liam Singh,liam.singh.9044@example.com,India,2021-03-07,One-Time,512.45
CUST-09045,Aditi Nair,aditi.nair.9045@example.com,United Kingdom,2024-06-18,Inactive,394.65
CUST-09046,Vikram Mehta,vikram.mehta.9046@example.com,United Kingdom,2023-07-06,One-Time,949.01
CUST-09047,Liam Singh,liam.singh.9047@example.com,United Kingdom,2024-10-21,One-Time,813.27
CUST-09048,Ishaan Wilson,ishaan.wilson.9048@example.com,United Arab Emirates,2022-10-29,One-Time,261.78
CUST-09049,Arjun Wilson,arjun.wilson.9049@example.com,Singapore,2025-08-22,Repeat,6731.41
CUST-09050,Noah Wilson,noah.wilson.9050@example.com,United Kingdom,2022-11-10,One-Time,1015.48
CUST-09051,Sophia Brown,sophia.brown.9051@example.com,India,2018-11-24,Inactive,350.34
CUST-09052,Rohan Brown,rohan.brown.9052@example.com,Canada,2025-01-30,Repeat,6950.66
CUST-09053,Arjun Miller,arjun.miller.9053@example.com,Germany,2020-01-26,Repeat,3521.54
CUST-09054,Diya Nair,diya.nair.9054@example.com,Germany,2024-11-24,Repeat,1762.31
CUST-09055,Vikram Kumar,vikram.kumar.9055@example.com,India,2023-12-20,Repeat,5830.51
CUST-09056,Ishaan Patel,ishaan.patel.9056@example.com,United States,2025-07-12,Repeat,6678.81
CUST-09057,Diya Mehta,diya.mehta.9057@example.com,Germany,2022-05-30,High-Value,21187.96
CUST-09058,Noah Wilson,noah.wilson.9058@example.com,Australia,2022-11-25,Repeat,5924.71
CUST-09059,Kavya Brown,kavya.brown.9059@example.com,India,2022-02-14,High-Value,20420.06
CUST-09060,Kavya Miller,kavya.miller.9060@example.com,India,2020-01-08,High-Value,24629.03
CUST-09061,Liam Miller,liam.miller.9061@example.com,Germany,2024-11-18,Repeat,2571.14
CUST-09062,Neha Gupta,neha.gupta.9062@example.com,United Kingdom,2022-07-29,Repeat,6576.93
CUST-09063,Liam Brown,liam.brown.9063@example.com,Germany,2020-03-09,Repeat,1643.81
CUST-09064,Vikram Gupta,vikram.gupta.9064@example.com,Canada,2018-08-26,Repeat,2754.18
CUST-09065,Meera Mehta,meera.mehta.9065@example.com,United Kingdom,2025-12-30,High-Value,12675.65
CUST-09066,Sophia Gupta,sophia.gupta.9066@example.com,United Kingdom,2023-10-16,Repeat,5907.48
CUST-09067,Emma Patel,emma.patel.9067@example.com,United Kingdom,2019-05-06,Repeat,2826.08
CUST-09068,Meera Kumar,meera.kumar.9068@example.com,Singapore,2018-03-29,High-Value,11426.57
CUST-09069,Neha Wilson,neha.wilson.9069@example.com,Australia,2025-01-01,One-Time,1026.48
CUST-09070,Olivia Singh,olivia.singh.9070@example.com,Singapore,2021-12-10,One-Time,265.77
CUST-09071,Ishaan Garcia,ishaan.garcia.9071@example.com,United Arab Emirates,2023-11-29,One-Time,1179.05
CUST-09072,Meera Garcia,meera.garcia.9072@example.com,Canada,2018-05-10,Repeat,1397.68
CUST-09073,Olivia Brown,olivia.brown.9073@example.com,Singapore,2024-11-25,High-Value,18472.04
CUST-09074,Sophia Nair,sophia.nair.9074@example.com,Australia,2021-01-08,High-Value,22071.36
CUST-09075,Sophia Garcia,sophia.garcia.9075@example.com,United Arab Emirates,2022-06-29,Repeat,7138.73
CUST-09076,Ishaan Patel,ishaan.patel.9076@example.com,Canada,2022-12-20,Repeat,1181.42
CUST-09077,Arjun Mehta,arjun.mehta.9077@example.com,United States,2018-09-06,Inactive,443.70
CUST-09078,Olivia Garcia,olivia.garcia.9078@example.com,United Kingdom,2024-01-06,One-Time,799.00
CUST-09079,Aarav Singh,aarav.singh.9079@example.com,Canada,2020-06-24,Repeat,6802.05
CUST-09080,Sophia Sharma,sophia.sharma.9080@example.com,India,2023-05-06,Repeat,5498.45
CUST-09081,Emma Miller,emma.miller.9081@example.com,United States,2019-03-06,Repeat,2831.85
CUST-09082,Olivia Mehta,olivia.mehta.9082@example.com,Germany,2025-05-01,Inactive,330.27
CUST-09083,Emma Sharma,emma.sharma.9083@example.com,United Arab Emirates,2019-10-28,High-Value,10230.03
CUST-09084,Arjun Kumar,arjun.kumar.9084@example.com,Australia,2019-07-22,Repeat,1317.61
CUST-09085,Olivia Patel,olivia.patel.9085@example.com,United Arab Emirates,2019-11-04,One-Time,224.94
CUST-09086,Vikram Singh,vikram.singh.9086@example.com,United Arab Emirates,2024-01-28,One-Time,829.22
CUST-09087,Noah Singh,noah.singh.9087@example.com,Canada,2022-02-08,Repeat,5932.67
CUST-09088,Aarav Wilson,aarav.wilson.9088@example.com,United States,2021-09-14,Repeat,3721.55
CUST-09089,Emma Garcia,emma.garcia.9089@example.com,United States,2024-01-18,High-Value,13394.85
CUST-09090,Meera Garcia,meera.garcia.9090@example.com,Australia,2022-02-26,Repeat,1583.39
CUST-09091,Neha Nair,neha.nair.9091@example.com,Australia,2022-03-04,Repeat,1167.11
CUST-09092,Arjun Patel,arjun.patel.9092@example.com,Canada,2025-11-01,Inactive,421.89
CUST-09094,Sophia Brown,sophia.brown.9094@example.com,Australia,2018-06-28,Inactive,103.08
CUST-09095,Kavya Reddy,kavya.reddy.9095@example.com,United States,2023-01-22,One-Time,642.56
CUST-09096,Arjun Miller,arjun.miller.9096@example.com,Canada,2022-02-09,Repeat,5583.97
CUST-09097,Olivia Patel,olivia.patel.9097@example.com,United Kingdom,2021-02-14,Repeat,7442.90
CUST-09098,Kavya Garcia,kavya.garcia.9098@example.com,United Arab Emirates,2023-01-18,Repeat,4652.09
CUST-09099,Meera Wilson,meera.wilson.9099@example.com,India,2023-12-27,One-Time,20.57
CUST-09100,Kavya Brown,kavya.brown.9100@example.com,United Arab Emirates,2019-08-06,Repeat,2236.21
CUST-09101,Meera Reddy,meera.reddy.9101@example.com,Singapore,2020-06-16,Repeat,3900.10
CUST-09102,Arjun Sharma,arjun.sharma.9102@example.com,Australia,2018-11-07,One-Time,1024.08
CUST-09103,Liam Miller,liam.miller.9103@example.com,United Kingdom,2023-04-24,Repeat,5051.31
CUST-09104,Rohan Kumar,rohan.kumar.9104@example.com,United Arab Emirates,2021-07-24,One-Time,155.67
CUST-09105,Meera Miller,meera.miller.9105@example.com,India,2021-04-22,Repeat,5375.28
CUST-09106,Aarav Patel,aarav.patel.9106@example.com,India,2020-09-01,Inactive,300.53
CUST-09107,Arjun Patel,arjun.patel.9107@example.com,Germany,2018-06-16,One-Time,69.82
CUST-09108,Kavya Gupta,kavya.gupta.9108@example.com,Germany,2025-08-11,High-Value,20724.25
CUST-09109,Sophia Miller,sophia.miller.9109@example.com,United States,2025-02-23,Repeat,5125.14
CUST-09110,Noah Sharma,noah.sharma.9110@example.com,Australia,2022-10-02,Repeat,5510.78
CUST-09111,Sophia Kumar,sophia.kumar.9111@example.com,Australia,2019-11-05,Inactive,38.42
CUST-09112,Diya Miller,diya.miller.9112@example.com,United Kingdom,2025-02-17,One-Time,576.37
CUST-09113,Liam Mehta,liam.mehta.9113@example.com,United Kingdom,2025-11-21,One-Time,289.82
CUST-09114,Noah Wilson,noah.wilson.9114@example.com,United Kingdom,2021-12-01,Inactive,120.53
CUST-09115,Neha Brown,neha.brown.9115@example.com,Canada,2020-09-08,Repeat,5695.07
CUST-09116,Diya Reddy,diya.reddy.9116@example.com,India,2022-10-19,High-Value,8123.80
CUST-09117,Emma Wilson,emma.wilson.9117@example.com,Germany,2019-02-16,One-Time,187.28
CUST-09118,Emma Gupta,emma.gupta.9118@example.com,Canada,2020-03-22,Repeat,4137.36
CUST-09119,Ishaan Brown,ishaan.brown.9119@example.com,United States,2021-11-23,One-Time,784.61
CUST-09120,Neha Patel,neha.patel.9120@example.com,United Arab Emirates,2024-06-27,Repeat,4196.75
CUST-09121,Arjun Brown,arjun.brown.9121@example.com,Singapore,2021-12-12,High-Value,16548.87
CUST-09122,Olivia Brown,olivia.brown.9122@example.com,India,2020-09-08,High-Value,12284.69
CUST-09123,Aditi Nair,aditi.nair.9123@example.com,United Kingdom,2023-02-01,One-Time,142.87
CUST-09124,Olivia Reddy,olivia.reddy.9124@example.com,Canada,2024-09-01,One-Time,278.42
CUST-09125,Neha Miller,neha.miller.9125@example.com,Australia,2024-10-03,One-Time,735.49
CUST-09126,Ishaan Singh,ishaan.singh.9126@example.com,United States,2024-01-30,One-Time,1042.95
CUST-09127,Arjun Gupta,arjun.gupta.9127@example.com,Australia,2020-10-24,One-Time,986.70
CUST-09128,Olivia Miller,olivia.miller.9128@example.com,United Arab Emirates,2024-03-14,High-Value,13300.97
CUST-09129,Meera Sharma,meera.sharma.9129@example.com,United Kingdom,2019-02-09,Repeat,2623.07
CUST-09130,Arjun Mehta,arjun.mehta.9130@example.com,Australia,2019-06-24,High-Value,11018.44
CUST-09131,Neha Patel,neha.patel.9131@example.com,Germany,2023-04-22,Inactive,262.28
CUST-09132,Vikram Patel,vikram.patel.9132@example.com,India,2023-10-01,Inactive,74.34
CUST-09133,Arjun Singh,arjun.singh.9133@example.com,United Arab Emirates,2019-02-25,Inactive,341.02
CUST-09134,Noah Wilson,noah.wilson.9134@example.com,United States,2024-10-14,Repeat,2569.17
CUST-09135,Rohan Gupta,rohan.gupta.9135@example.com,Singapore,2018-05-04,One-Time,972.39
CUST-09136,Aditi Nair,aditi.nair.9136@example.com,United Arab Emirates,2025-09-17,One-Time,565.55
CUST-09137,Noah Miller,noah.miller.9137@example.com,Canada,2022-07-09,High-Value,13883.02
CUST-09138,Aditi Mehta,aditi.mehta.9138@example.com,Germany,2023-12-09,One-Time,564.01
CUST-09139,Olivia Reddy,olivia.reddy.9139@example.com,Canada,2019-07-12,Repeat,2563.41
CUST-09140,Arjun Brown,arjun.brown.9140@example.com,Canada,2024-12-19,Inactive,355.75
CUST-09141,Kavya Wilson,kavya.wilson.9141@example.com,United Kingdom,2024-02-22,Repeat,6784.56
CUST-09142,Ishaan Patel,ishaan.patel.9142@example.com,Australia,2024-04-24,Repeat,1657.26
CUST-09143,Neha Gupta,neha.gupta.9143@example.com,Canada,2024-08-10,One-Time,1071.61
CUST-09144,Arjun Sharma,arjun.sharma.9144@example.com,United Kingdom,2019-03-17,Repeat,7152.45
CUST-09145,Emma Reddy,emma.reddy.9145@example.com,United Arab Emirates,2024-10-28,One-Time,889.12
CUST-09146,Rohan Mehta,rohan.mehta.9146@example.com,India,2025-08-11,Repeat,1645.94
CUST-09147,Aarav Garcia,aarav.garcia.9147@example.com,Singapore,2019-03-10,Inactive,485.18
CUST-09148,Rohan Miller,rohan.miller.9148@example.com,Canada,2019-10-30,One-Time,973.63
CUST-09149,Emma Singh,emma.singh.9149@example.com,United States,2022-04-04,Repeat,7435.90
CUST-09150,Arjun Garcia,arjun.garcia.9150@example.com,Singapore,2020-08-05,Repeat,1784.02
CUST-09151,Olivia Mehta,olivia.mehta.9151@example.com,Singapore,2019-01-22,One-Time,1134.73
CUST-09152,Aarav Reddy,aarav.reddy.9152@example.com,United Kingdom,2019-10-02,High-Value,18637.73
CUST-09153,Ishaan Patel,ishaan.patel.9153@example.com,Singapore,2025-03-28,One-Time,589.04
CUST-09154,Meera Brown,meera.brown.9154@example.com,Australia,2021-04-24,Inactive,4.72
CUST-09155,Diya Brown,diya.brown.9155@example.com,United Kingdom,2023-06-25,Repeat,1709.04
CUST-09156,Meera Patel,meera.patel.9156@example.com,Canada,2019-07-23,One-Time,793.16
CUST-09157,Vikram Sharma,vikram.sharma.9157@example.com,United States,2018-03-13,One-Time,1124.68
CUST-09158,Arjun Singh,arjun.singh.9158@example.com,Australia,2021-12-10,Repeat,3626.10
CUST-09159,Sophia Wilson,sophia.wilson.9159@example.com,Australia,2025-08-21,One-Time,91.02
CUST-09160,Olivia Gupta,olivia.gupta.9160@example.com,United Kingdom,2022-08-14,Repeat,3777.90
CUST-09161,Sophia Brown,sophia.brown.9161@example.com,Canada,2021-05-09,One-Time,297.42
CUST-09162,Vikram Mehta,vikram.mehta.9162@example.com,Canada,2020-06-19,Inactive,109.77
CUST-09163,Emma Mehta,emma.mehta.9163@example.com,Germany,2022-02-19,One-Time,196.13
CUST-09164,Emma Sharma,emma.sharma.9164@example.com,Singapore,2020-09-24,High-Value,22136.75
CUST-09165,Kavya Brown,kavya.brown.9165@example.com,United States,2019-07-26,Repeat,1764.08
CUST-09166,Noah Gupta,noah.gupta.9166@example.com,United Arab Emirates,2021-11-14,Inactive,137.38
CUST-09167,Emma Gupta,emma.gupta.9167@example.com,United Arab Emirates,2025-09-12,Inactive,260.56
CUST-09168,Meera Singh,,Germany,2019-10-14,High-Value,18576.42
CUST-09169,Olivia Wilson,olivia.wilson.9169@example.com,India,2022-06-27,One-Time,1004.45
CUST-09170,Sophia Mehta,sophia.mehta.9170@example.com,United Arab Emirates,2020-10-11,Inactive,154.16
CUST-09171,Aarav Wilson,aarav.wilson.9171@example.com,India,2023-09-10,Repeat,3257.68
CUST-09172,Aarav Mehta,aarav.mehta.9172@example.com,Germany,2022-04-22,Inactive,223.17
CUST-09173,Sophia Nair,sophia.nair.9173@example.com,United Kingdom,2024-01-08,High-Value,7543.51
CUST-09174,Arjun Reddy,arjun.reddy.9174@example.com,Canada,2024-03-28,Repeat,1195.91
CUST-09175,Neha Patel,neha.patel.9175@example.com,United States,2024-12-30,One-Time,184.26
CUST-09176,Ishaan Mehta,ishaan.mehta.9176@example.com,Singapore,2023-09-20,High-Value,19317.38
CUST-09177,Diya Kumar,diya.kumar.9177@example.com,United Arab Emirates,2024-06-24,One-Time,1026.05
CUST-09178,Aditi Gupta,aditi.gupta.9178@example.com,Germany,2025-01-25,One-Time,1176.36
CUST-09179,Neha Reddy,neha.reddy.9179@example.com,United Arab Emirates,2023-07-18,One-Time,425.65
CUST-09180,Arjun Mehta,arjun.mehta.9180@example.com,United States,2018-09-19,Inactive,248.47
CUST-09181,Liam Brown,liam.brown.9181@example.com,United Arab Emirates,2020-10-22,Inactive,344.68
CUST-09182,Arjun Miller,arjun.miller.9182@example.com,United Kingdom,2024-06-18,One-Time,575.08
CUST-09183,Vikram Reddy,vikram.reddy.9183@example.com,Australia,2018-12-10,Repeat,1018.48
CUST-09184,Ishaan Miller,ishaan.miller.9184@example.com,Germany,2022-08-08,Inactive,199.13
CUST-09185,Olivia Garcia,olivia.garcia.9185@example.com,United States,2021-01-06,High-Value,6568.05
CUST-09186,Aarav Kumar,aarav.kumar.9186@example.com,Canada,2022-07-28,Repeat,2475.76
CUST-09187,Aditi Sharma,aditi.sharma.9187@example.com,United Arab Emirates,2021-08-24,One-Time,63.47
CUST-09188,Aditi Garcia,aditi.garcia.9188@example.com,Germany,2025-03-28,Repeat,4237.15
CUST-09189,Aditi Reddy,aditi.reddy.9189@example.com,United States,2021-06-07,One-Time,709.20
CUST-09190,Vikram Gupta,vikram.gupta.9190@example.com,United Arab Emirates,2018-04-09,Repeat,4047.95
CUST-09191,Noah Nair,noah.nair.9191@example.com,Germany,2025-04-29,Inactive,451.29
CUST-09192,Ishaan Garcia,ishaan.garcia.9192@example.com,United Kingdom,2025-09-22,Repeat,1227.76
CUST-09193,Aarav Patel,aarav.patel.9193@example.com,Canada,2020-05-31,High-Value,14469.67
CUST-09194,Noah Miller,noah.miller.9194@example.com,India,2025-06-22,One-Time,1141.17
CUST-09195,Aditi Brown,aditi.brown.9195@example.com,Australia,2019-07-26,High-Value,19574.37
CUST-09196,Liam Brown,liam.brown.9196@example.com,Canada,2022-09-26,Repeat,1597.34
CUST-09197,Olivia Garcia,olivia.garcia.9197@example.com,United Arab Emirates,2018-05-15,Repeat,2823.80
CUST-09198,Olivia Garcia,olivia.garcia.9198@example.com,Australia,2020-01-18,One-Time,31.48
CUST-09199,Sophia Patel,sophia.patel.9199@example.com,Germany,2021-11-12,Repeat,6565.47
CUST-09200,Liam Garcia,liam.garcia.9200@example.com,United Kingdom,2023-02-12,Repeat,3679.70
CUST-09201,Ishaan Gupta,ishaan.gupta.9201@example.com,United States,2020-07-16,High-Value,18114.40
CUST-09202,Liam Miller,liam.miller.9202@example.com,Canada,2018-04-19,Repeat,1505.39
CUST-09203,Emma Patel,emma.patel.9203@example.com,United Arab Emirates,2018-12-05,Inactive,134.25
CUST-09204,Noah Reddy,noah.reddy.9204@example.com,Australia,2024-06-19,High-Value,22854.47
CUST-09205,Aditi Wilson,aditi.wilson.9205@example.com,Singapore,2022-11-22,Repeat,2136.49
CUST-09206,Noah Sharma,noah.sharma.9206@example.com,Germany,2024-05-13,High-Value,7471.95
CUST-09207,Noah Garcia,noah.garcia.9207@example.com,United States,2018-04-25,One-Time,856.90
CUST-09208,Arjun Garcia,arjun.garcia.9208@example.com,Germany,2019-05-25,Repeat,6626.24
CUST-09209,Sophia Sharma,sophia.sharma.9209@example.com,India,2023-04-11,Repeat,6673.07
CUST-09210,Meera Patel,meera.patel.9210@example.com,India,2019-02-22,One-Time,149.81
CUST-09211,Arjun Singh,arjun.singh.9211@example.com,United Kingdom,2023-12-21,Repeat,6218.93
CUST-09212,Sophia Nair,sophia.nair.9212@example.com,Germany,2023-12-19,Repeat,2732.39
CUST-09213,Neha Garcia,neha.garcia.9213@example.com,United Kingdom,2019-08-18,One-Time,853.34
CUST-09214,Diya Kumar,diya.kumar.9214@example.com,Australia,2022-11-08,One-Time,31.44
CUST-09215,Vikram Kumar,vikram.kumar.9215@example.com,United States,2025-05-02,Inactive,413.62
CUST-09216,Ishaan Nair,ishaan.nair.9216@example.com,United States,2023-06-08,Inactive,221.03
CUST-09217,Sophia Wilson,sophia.wilson.9217@example.com,United Arab Emirates,2018-02-07,One-Time,827.88
CUST-09218,Noah Kumar,noah.kumar.9218@example.com,Germany,2022-10-24,Repeat,6528.35
CUST-09219,Vikram Sharma,vikram.sharma.9219@example.com,India,2024-04-11,Repeat,969.49
CUST-09220,Noah Patel,noah.patel.9220@example.com,India,2025-07-12,Inactive,120.75
CUST-09221,Vikram Miller,vikram.miller.9221@example.com,United Kingdom,2023-01-11,Inactive,65.12
CUST-09222,Aarav Sharma,aarav.sharma.9222@example.com,Canada,2018-09-25,Repeat,4009.28
CUST-09223,Ishaan Brown,ishaan.brown.9223@example.com,United States,2021-07-16,One-Time,468.03
CUST-09224,Olivia Nair,olivia.nair.9224@example.com,Singapore,2018-03-01,Repeat,3833.29
CUST-09225,Neha Garcia,neha.garcia.9225@example.com,United States,2020-07-19,One-Time,521.93
CUST-09226,Aarav Reddy,aarav.reddy.9226@example.com,Canada,2025-04-17,Repeat,7053.43
CUST-09227,Liam Gupta,liam.gupta.9227@example.com,United Arab Emirates,2022-02-14,One-Time,513.48
CUST-09228,Aditi Sharma,aditi.sharma.9228@example.com,Canada,2025-01-08,Repeat,4542.18
CUST-09229,Neha Singh,neha.singh.9229@example.com,United Kingdom,2024-07-25,One-Time,38.64
CUST-09230,Sophia Singh,sophia.singh.9230@example.com,United States,2024-09-17,Inactive,379.40
CUST-09231,Meera Gupta,meera.gupta.9231@example.com,Canada,2023-03-19,Repeat,3602.57
CUST-09232,Olivia Nair,olivia.nair.9232@example.com,Canada,2021-08-02,Repeat,4217.49
CUST-09233,Noah Sharma,noah.sharma.9233@example.com,Germany,2024-03-19,Repeat,6496.43
CUST-09234,Aditi Reddy,aditi.reddy.9234@example.com,Australia,2023-10-23,Repeat,2904.14
CUST-09235,Vikram Kumar,vikram.kumar.9235@example.com,Canada,2023-11-20,High-Value,20125.83
CUST-09236,Rohan Singh,rohan.singh.9236@example.com,United States,2023-07-17,One-Time,948.24
CUST-09237,Olivia Reddy,olivia.reddy.9237@example.com,Canada,2020-10-14,Repeat,3529.38
CUST-09238,Noah Gupta,noah.gupta.9238@example.com,Canada,2025-12-20,One-Time,1112.58
CUST-09239,Aarav Garcia,aarav.garcia.9239@example.com,India,2021-12-31,Repeat,3000.52
CUST-09240,Neha Kumar,neha.kumar.9240@example.com,Singapore,2025-12-04,Inactive,158.41
CUST-09241,Emma Gupta,emma.gupta.9241@example.com,Singapore,2020-10-22,Repeat,7148.29
CUST-09242,Noah Gupta,noah.gupta.9242@example.com,Germany,2019-12-05,Repeat,6062.66
CUST-09243,Noah Brown,noah.brown.9243@example.com,Australia,2021-01-27,One-Time,259.12
CUST-09244,Meera Wilson,meera.wilson.9244@example.com,United States,2022-05-22,One-Time,728.64
CUST-09245,Aarav Brown,aarav.brown.9245@example.com,United Arab Emirates,2021-03-18,Inactive,21.81
CUST-09246,Meera Mehta,meera.mehta.9246@example.com,Canada,2023-05-08,High-Value,10704.01
CUST-09247,Meera Miller,meera.miller.9247@example.com,United Kingdom,2019-05-07,One-Time,117.68
CUST-09248,Kavya Gupta,kavya.gupta.9248@example.com,India,2024-10-02,Repeat,2121.16
CUST-09249,Ishaan Sharma,ishaan.sharma.9249@example.com,Australia,2023-10-09,High-Value,7595.46
CUST-09250,Aarav Sharma,aarav.sharma.9250@example.com,Germany,2023-11-27,Repeat,1970.36
CUST-09251,Aarav Nair,aarav.nair.9251@example.com,Canada,2022-07-23,One-Time,86.43
CUST-09252,Aditi Patel,aditi.patel.9252@example.com,Singapore,2018-04-22,High-Value,17398.55
CUST-09253,Vikram Mehta,vikram.mehta.9253@example.com,United Arab Emirates,2019-06-11,High-Value,19527.76
CUST-09254,Ishaan Singh,ishaan.singh.9254@example.com,Australia,2021-07-20,One-Time,750.40
CUST-09255,Neha Kumar,neha.kumar.9255@example.com,India,2021-05-15,Repeat,1814.30
CUST-09256,Vikram Miller,vikram.miller.9256@example.com,United Arab Emirates,2022-10-07,One-Time,601.21
CUST-09257,Olivia Gupta,olivia.gupta.9257@example.com,United States,2019-05-18,One-Time,257.09
CUST-09258,Noah Reddy,noah.reddy.9258@example.com,Singapore,2025-04-17,One-Time,864.24
CUST-09259,Neha Patel,neha.patel.9259@example.com,Singapore,2020-11-10,One-Time,962.92
CUST-09260,Sophia Gupta,sophia.gupta.9260@example.com,Germany,2025-06-08,Inactive,196.65
CUST-09261,Emma Gupta,,Canada,2021-05-08,One-Time,1132.83
CUST-09262,Sophia Garcia,sophia.garcia.9262@example.com,Germany,2020-08-15,Repeat,6413.41
CUST-09263,Aditi Mehta,aditi.mehta.9263@example.com,United States,2018-11-06,Repeat,1077.01
CUST-09264,Sophia Patel,sophia.patel.9264@example.com,Germany,2025-11-03,High-Value,12030.14
CUST-09265,Sophia Miller,sophia.miller.9265@example.com,United Kingdom,2024-11-23,One-Time,725.28
CUST-09266,Arjun Gupta,arjun.gupta.9266@example.com,United States,2023-03-11,Inactive,417.82
CUST-09267,Arjun Sharma,arjun.sharma.9267@example.com,Canada,2023-08-24,Repeat,1900.82
CUST-09268,Neha Garcia,neha.garcia.9268@example.com,Australia,2019-04-24,High-Value,5978.04
CUST-09269,Meera Nair,meera.nair.9269@example.com,Germany,2022-02-24,One-Time,1049.87
CUST-09270,Arjun Brown,arjun.brown.9270@example.com,India,2021-08-15,Repeat,7387.04
CUST-09271,Sophia Garcia,sophia.garcia.9271@example.com,Australia,2018-12-24,High-Value,11087.08
CUST-09272,Olivia Sharma,olivia.sharma.9272@example.com,United Arab Emirates,2025-09-23,One-Time,628.15
CUST-09273,Olivia Miller,olivia.miller.9273@example.com,United States,2019-04-21,Repeat,5719.51
CUST-09274,Vikram Brown,vikram.brown.9274@example.com,Germany,2022-12-24,One-Time,571.30
CUST-09275,Rohan Miller,rohan.miller.9275@example.com,Australia,2019-04-15,Repeat,6187.35
CUST-09276,Ishaan Mehta,ishaan.mehta.9276@example.com,Canada,2025-07-21,High-Value,18816.44
CUST-09277,Kavya Nair,kavya.nair.9277@example.com,United States,2022-11-27,Repeat,1693.63
CUST-09278,Diya Sharma,diya.sharma.9278@example.com,India,2024-11-27,Repeat,1040.59
CUST-09279,Aarav Reddy,aarav.reddy.9279@example.com,United Kingdom,2020-02-18,Inactive,441.57
CUST-09280,Diya Gupta,diya.gupta.9280@example.com,India,2025-05-17,Repeat,2368.74
CUST-09281,Emma Miller,emma.miller.9281@example.com,India,2021-07-02,One-Time,881.60
CUST-09282,Diya Sharma,diya.sharma.9282@example.com,Singapore,2023-05-18,High-Value,22073.98
CUST-09283,Noah Mehta,noah.mehta.9283@example.com,Singapore,2020-12-19,Repeat,5240.05
CUST-09284,Noah Patel,noah.patel.9284@example.com,Canada,2018-03-11,Repeat,6176.83
CUST-09285,Arjun Singh,arjun.singh.9285@example.com,Canada,2025-05-24,Inactive,111.89
CUST-09286,Arjun Wilson,arjun.wilson.9286@example.com,Germany,2025-06-25,Repeat,2563.15
CUST-09287,Rohan Reddy,rohan.reddy.9287@example.com,India,2022-05-31,One-Time,363.50
CUST-09288,Neha Miller,neha.miller.9288@example.com,Germany,2018-01-10,Repeat,3166.84
CUST-09289,Aarav Wilson,aarav.wilson.9289@example.com,United Kingdom,2025-10-11,Repeat,4349.89
CUST-09290,Rohan Reddy,rohan.reddy.9290@example.com,United Kingdom,2023-04-27,Inactive,389.90
CUST-09291,Vikram Reddy,vikram.reddy.9291@example.com,United States,2020-04-24,Repeat,2497.10
CUST-09292,Olivia Nair,olivia.nair.9292@example.com,Germany,2022-10-20,Repeat,4588.96
CUST-09293,Aditi Brown,aditi.brown.9293@example.com,Australia,2024-08-13,High-Value,7352.23
CUST-09294,Liam Mehta,liam.mehta.9294@example.com,India,2023-05-22,High-Value,5061.25
CUST-09295,Diya Brown,diya.brown.9295@example.com,United Arab Emirates,2018-12-25,One-Time,763.93
CUST-09296,Arjun Wilson,arjun.wilson.9296@example.com,Germany,2020-11-26,Repeat,5720.56
CUST-09297,Liam Nair,liam.nair.9297@example.com,United Kingdom,2019-02-05,Repeat,5440.00
CUST-09298,Aditi Wilson,aditi.wilson.9298@example.com,United Arab Emirates,2022-10-06,Inactive,153.39
CUST-09299,Ishaan Wilson,ishaan.wilson.9299@example.com,Australia,2024-04-04,Repeat,3286.03
CUST-09300,Neha Patel,neha.patel.9300@example.com,Australia,2020-01-07,Repeat,1326.18
CUST-09301,Noah Miller,noah.miller.9301@example.com,Germany,2019-11-09,One-Time,221.36
CUST-09302,Arjun Sharma,arjun.sharma.9302@example.com,Singapore,2023-10-14,Repeat,1790.48
CUST-09303,Diya Brown,diya.brown.9303@example.com,United Kingdom,2020-03-13,One-Time,375.78
CUST-09304,Ishaan Kumar,ishaan.kumar.9304@example.com,Australia,2020-12-14,Repeat,6011.99
CUST-09305,Aditi Patel,aditi.patel.9305@example.com,Singapore,2021-05-25,High-Value,22093.20
CUST-09306,Vikram Brown,vikram.brown.9306@example.com,India,2024-02-26,High-Value,20395.34
CUST-09307,Aarav Nair,aarav.nair.9307@example.com,Australia,2024-11-26,One-Time,720.58
CUST-09308,Diya Singh,diya.singh.9308@example.com,Canada,2024-11-03,One-Time,641.86
CUST-09309,Arjun Garcia,arjun.garcia.9309@example.com,United States,2025-09-03,One-Time,1137.12
CUST-09310,Liam Singh,liam.singh.9310@example.com,United States,2021-04-06,High-Value,9266.28
CUST-09311,Noah Garcia,noah.garcia.9311@example.com,United Kingdom,2025-01-11,High-Value,11043.31
CUST-09312,Rohan Singh,rohan.singh.9312@example.com,United States,2019-02-20,One-Time,359.42
CUST-09313,Emma Brown,emma.brown.9313@example.com,United States,2020-08-23,One-Time,946.63
CUST-09314,Vikram Wilson,vikram.wilson.9314@example.com,United Kingdom,2022-03-11,High-Value,8511.57
CUST-09315,Neha Brown,neha.brown.9315@example.com,Germany,2024-07-25,Inactive,97.33
CUST-09316,Arjun Reddy,arjun.reddy.9316@example.com,Australia,2025-11-13,One-Time,827.35
CUST-09317,Noah Miller,noah.miller.9317@example.com,Germany,2022-06-30,One-Time,390.34
CUST-09318,Emma Singh,emma.singh.9318@example.com,Canada,2020-02-02,One-Time,913.91
CUST-09319,Noah Mehta,noah.mehta.9319@example.com,United Arab Emirates,2019-05-04,High-Value,24840.33
CUST-09320,Arjun Patel,arjun.patel.9320@example.com,India,2021-06-23,One-Time,1041.60
CUST-09321,Kavya Brown,kavya.brown.9321@example.com,Singapore,2025-02-16,Repeat,4821.62
CUST-09322,Sophia Garcia,sophia.garcia.9322@example.com,Canada,2025-10-07,One-Time,954.09
CUST-09323,Arjun Brown,arjun.brown.9323@example.com,Germany,2020-07-08,Repeat,7005.93
CUST-09324,Olivia Sharma,olivia.sharma.9324@example.com,United Arab Emirates,2023-12-16,Inactive,168.74
CUST-09325,Vikram Garcia,vikram.garcia.9325@example.com,United Kingdom,2018-03-08,Repeat,1432.78
CUST-09326,Emma Patel,emma.patel.9326@example.com,India,2025-11-01,Repeat,5239.09
CUST-09327,Sophia Singh,sophia.singh.9327@example.com,India,2023-07-30,One-Time,411.88
CUST-09328,Sophia Reddy,sophia.reddy.9328@example.com,United Arab Emirates,2025-09-17,One-Time,656.68
CUST-09329,Liam Gupta,liam.gupta.9329@example.com,Singapore,2019-11-04,Repeat,5734.39
CUST-09330,Kavya Mehta,kavya.mehta.9330@example.com,Germany,2018-09-23,Inactive,497.12
CUST-09331,Kavya Reddy,kavya.reddy.9331@example.com,United Arab Emirates,2018-10-04,One-Time,163.02
CUST-09332,Aarav Nair,aarav.nair.9332@example.com,United Kingdom,2018-09-21,Repeat,6069.33
CUST-09333,Neha Singh,,Singapore,2022-08-01,One-Time,629.31
CUST-09334,Vikram Kumar,vikram.kumar.9334@example.com,Australia,2019-12-08,One-Time,699.67
CUST-09335,Aditi Miller,aditi.miller.9335@example.com,India,2025-05-11,Inactive,188.89
CUST-09336,Liam Garcia,liam.garcia.9336@example.com,United Kingdom,2024-04-12,One-Time,837.96
CUST-09337,Vikram Nair,vikram.nair.9337@example.com,United Arab Emirates,2021-10-12,High-Value,22061.52
CUST-09338,Emma Kumar,emma.kumar.9338@example.com,Singapore,2025-09-14,One-Time,1033.59
CUST-09339,Vikram Wilson,vikram.wilson.9339@example.com,Canada,2021-03-02,High-Value,10590.90
CUST-09340,Aditi Nair,aditi.nair.9340@example.com,Australia,2018-09-03,Inactive,417.41
CUST-09341,Aarav Mehta,aarav.mehta.9341@example.com,Singapore,2023-06-03,Inactive,329.87
CUST-09342,Arjun Brown,arjun.brown.9342@example.com,United Arab Emirates,2019-06-23,High-Value,11311.31
CUST-09343,Ishaan Singh,ishaan.singh.9343@example.com,India,2019-09-28,One-Time,1154.38
CUST-09344,Liam Reddy,liam.reddy.9344@example.com,Germany,2023-06-29,Repeat,1473.26
CUST-09345,Olivia Mehta,olivia.mehta.9345@example.com,India,2020-07-22,One-Time,179.32
CUST-09346,Sophia Patel,sophia.patel.9346@example.com,Australia,2018-03-13,One-Time,442.97
CUST-09347,Aditi Miller,aditi.miller.9347@example.com,United Kingdom,2021-07-24,One-Time,860.17
CUST-09348,Liam Wilson,liam.wilson.9348@example.com,Canada,2023-08-12,Repeat,6014.89
CUST-09349,Aarav Gupta,aarav.gupta.9349@example.com,Singapore,2021-12-13,High-Value,22494.31
CUST-09350,Sophia Brown,sophia.brown.9350@example.com,United States,2019-10-10,One-Time,815.45
CUST-09351,Emma Gupta,emma.gupta.9351@example.com,Germany,2018-03-12,One-Time,251.42
CUST-09352,Aarav Patel,aarav.patel.9352@example.com,United Arab Emirates,2023-02-18,One-Time,942.83
CUST-09353,Arjun Singh,arjun.singh.9353@example.com,Germany,2022-09-03,One-Time,1152.45
CUST-09354,Diya Reddy,diya.reddy.9354@example.com,United States,2025-09-26,One-Time,561.44
CUST-09355,Aarav Miller,aarav.miller.9355@example.com,Canada,2022-02-19,High-Value,12783.58
CUST-09356,Vikram Nair,vikram.nair.9356@example.com,India,2021-11-19,One-Time,559.11
CUST-09357,Olivia Patel,olivia.patel.9357@example.com,United Kingdom,2019-03-08,High-Value,18210.79
CUST-09358,Neha Gupta,neha.gupta.9358@example.com,Australia,2023-06-08,Inactive,25.49
CUST-09359,Noah Garcia,noah.garcia.9359@example.com,India,2020-08-03,Repeat,3145.08
CUST-09360,Emma Garcia,emma.garcia.9360@example.com,Singapore,2023-03-15,One-Time,345.73
CUST-09361,Sophia Garcia,sophia.garcia.9361@example.com,United Arab Emirates,2024-06-18,One-Time,693.51
CUST-09362,Kavya Singh,kavya.singh.9362@example.com,United Arab Emirates,2023-12-31,High-Value,22837.07
CUST-09363,Vikram Garcia,vikram.garcia.9363@example.com,Australia,2022-11-04,Repeat,1198.65
CUST-09364,Rohan Wilson,rohan.wilson.9364@example.com,United Kingdom,2023-12-01,One-Time,757.18
CUST-09365,Arjun Singh,arjun.singh.9365@example.com,Canada,2021-03-24,Repeat,3679.84
CUST-09366,Ishaan Miller,ishaan.miller.9366@example.com,India,2021-11-28,Repeat,1403.44
CUST-09367,Kavya Wilson,kavya.wilson.9367@example.com,Australia,2021-05-25,High-Value,14336.82
CUST-09368,Neha Singh,neha.singh.9368@example.com,India,2023-06-14,Repeat,1903.05
CUST-09369,Diya Nair,diya.nair.9369@example.com,India,2019-07-30,High-Value,11783.76
CUST-09370,Emma Sharma,emma.sharma.9370@example.com,Singapore,2018-09-17,High-Value,21750.45
CUST-09371,Kavya Nair,kavya.nair.9371@example.com,United Kingdom,2019-06-27,One-Time,878.15
CUST-09372,Aditi Brown,aditi.brown.9372@example.com,Australia,2021-12-27,One-Time,522.69
CUST-09373,Aarav Patel,aarav.patel.9373@example.com,Singapore,2025-06-04,Repeat,4708.18
CUST-09374,Ishaan Singh,ishaan.singh.9374@example.com,Germany,2024-07-23,Inactive,201.50
CUST-09375,Liam Miller,liam.miller.9375@example.com,Australia,2024-02-11,One-Time,862.62
CUST-09376,Diya Garcia,diya.garcia.9376@example.com,United Kingdom,2021-10-13,Repeat,3256.66
CUST-09377,Aditi Sharma,aditi.sharma.9377@example.com,United Arab Emirates,2024-07-21,High-Value,17927.02
CUST-09378,Aditi Gupta,aditi.gupta.9378@example.com,United Kingdom,2025-03-17,Repeat,6476.78
CUST-09379,Vikram Brown,vikram.brown.9379@example.com,Canada,2025-06-17,One-Time,926.61
CUST-09380,Meera Sharma,meera.sharma.9380@example.com,United States,2021-09-19,Repeat,5357.08
CUST-09381,Sophia Wilson,sophia.wilson.9381@example.com,Australia,2024-12-09,Inactive,483.07
CUST-09382,Diya Garcia,diya.garcia.9382@example.com,United Arab Emirates,2024-05-08,One-Time,921.71
CUST-09383,Diya Kumar,diya.kumar.9383@example.com,United States,2023-02-10,Repeat,4303.92
CUST-09384,Neha Gupta,neha.gupta.9384@example.com,United Kingdom,2022-10-24,One-Time,717.14
CUST-09385,Olivia Gupta,olivia.gupta.9385@example.com,Germany,2020-10-16,One-Time,451.06
CUST-09386,Meera Kumar,meera.kumar.9386@example.com,Singapore,2024-05-14,Inactive,0.26
CUST-09387,Aarav Nair,aarav.nair.9387@example.com,United Kingdom,2023-03-05,Repeat,6480.16
CUST-09388,Sophia Brown,sophia.brown.9388@example.com,Singapore,2020-02-05,One-Time,317.48
CUST-09389,Neha Garcia,neha.garcia.9389@example.com,United Kingdom,2022-02-03,Inactive,210.11
CUST-09390,Meera Nair,meera.nair.9390@example.com,Australia,2020-10-16,Repeat,3939.86
CUST-09391,Kavya Kumar,kavya.kumar.9391@example.com,United Arab Emirates,2020-12-10,Repeat,7302.86
CUST-09392,Sophia Sharma,sophia.sharma.9392@example.com,United Kingdom,2018-04-30,Repeat,812.38
CUST-09393,Aarav Reddy,aarav.reddy.9393@example.com,United States,2022-10-27,Repeat,3404.90
CUST-09394,Kavya Garcia,kavya.garcia.9394@example.com,India,2020-03-13,High-Value,9547.90
CUST-09395,Ishaan Brown,ishaan.brown.9395@example.com,Australia,2025-12-04,Inactive,272.82
CUST-09396,Diya Kumar,diya.kumar.9396@example.com,United Arab Emirates,2019-06-06,One-Time,531.42
CUST-09397,Ishaan Patel,ishaan.patel.9397@example.com,United States,2021-10-06,Repeat,6129.94
CUST-09398,Neha Kumar,neha.kumar.9398@example.com,Germany,2023-09-07,High-Value,23814.62
CUST-09399,Neha Reddy,neha.reddy.9399@example.com,Australia,2019-12-26,Repeat,5664.90
CUST-09400,Meera Wilson,meera.wilson.9400@example.com,Germany,2019-10-04,One-Time,932.77
CUST-09401,Kavya Patel,kavya.patel.9401@example.com,United States,2022-06-23,High-Value,14641.83
CUST-09402,Diya Miller,diya.miller.9402@example.com,Australia,2025-06-10,One-Time,883.84
CUST-09403,Liam Miller,liam.miller.9403@example.com,Singapore,2024-09-24,Repeat,1990.37
CUST-09404,Aditi Miller,aditi.miller.9404@example.com,Germany,2019-11-03,One-Time,949.86
CUST-09405,Sophia Reddy,sophia.reddy.9405@example.com,Australia,2024-06-08,High-Value,8526.35
CUST-09406,Olivia Sharma,olivia.sharma.9406@example.com,Singapore,2023-08-23,One-Time,899.18
CUST-09407,Meera Brown,meera.brown.9407@example.com,Australia,2021-09-29,One-Time,50.09
CUST-09408,Diya Garcia,diya.garcia.9408@example.com,Canada,2025-07-03,One-Time,484.70
CUST-09409,Emma Miller,emma.miller.9409@example.com,Germany,2018-04-12,Repeat,5181.82
CUST-09410,Vikram Sharma,vikram.sharma.9410@example.com,Singapore,2019-06-18,High-Value,10578.40
CUST-09411,Kavya Brown,kavya.brown.9411@example.com,United Kingdom,2021-09-26,One-Time,189.99
CUST-09412,Sophia Brown,sophia.brown.9412@example.com,Australia,2025-09-23,One-Time,326.41
CUST-09413,Liam Nair,liam.nair.9413@example.com,Australia,2020-09-09,Repeat,3068.42
CUST-09414,Diya Patel,diya.patel.9414@example.com,Germany,2022-05-01,Repeat,4639.58
CUST-09415,Ishaan Gupta,ishaan.gupta.9415@example.com,India,2022-05-28,One-Time,107.44
CUST-09416,Aarav Miller,aarav.miller.9416@example.com,Australia,2020-03-18,One-Time,1194.50
CUST-09417,Aditi Gupta,aditi.gupta.9417@example.com,United Arab Emirates,2019-08-02,Repeat,5104.52
CUST-09418,Aarav Patel,aarav.patel.9418@example.com,United Arab Emirates,2019-06-04,Inactive,235.08
CUST-09419,Diya Singh,diya.singh.9419@example.com,Germany,2025-09-19,Repeat,1142.07
CUST-09420,Vikram Wilson,vikram.wilson.9420@example.com,Singapore,2018-06-29,Repeat,6915.41
CUST-09421,Emma Miller,emma.miller.9421@example.com,Germany,2020-04-18,Repeat,5006.08
CUST-09422,Vikram Wilson,vikram.wilson.9422@example.com,Germany,2025-02-26,High-Value,10113.45
CUST-09423,Emma Reddy,emma.reddy.9423@example.com,Canada,2022-06-18,One-Time,1167.49
CUST-09424,Diya Nair,diya.nair.9424@example.com,Singapore,2020-01-29,One-Time,185.45
CUST-09425,Ishaan Mehta,ishaan.mehta.9425@example.com,Germany,2018-04-05,High-Value,19451.76
CUST-09426,Emma Nair,emma.nair.9426@example.com,Germany,2023-03-30,One-Time,462.41
CUST-09427,Rohan Nair,rohan.nair.9427@example.com,Australia,2023-09-28,One-Time,919.22
CUST-09428,Vikram Sharma,vikram.sharma.9428@example.com,Canada,2025-06-04,One-Time,477.95
CUST-09429,Sophia Gupta,sophia.gupta.9429@example.com,Germany,2023-02-04,One-Time,766.37
CUST-09430,Liam Kumar,liam.kumar.9430@example.com,India,2019-11-29,Inactive,367.82
CUST-09431,Emma Kumar,emma.kumar.9431@example.com,United Kingdom,2018-12-18,Repeat,3281.95
CUST-09432,Meera Garcia,meera.garcia.9432@example.com,Australia,2023-02-07,Repeat,6984.03
CUST-09433,Arjun Nair,arjun.nair.9433@example.com,India,2024-07-21,High-Value,8205.60
CUST-09434,Ishaan Brown,ishaan.brown.9434@example.com,India,2024-04-17,One-Time,560.58
CUST-09435,Emma Nair,emma.nair.9435@example.com,Australia,2018-11-19,Repeat,7192.20
CUST-09436,Sophia Nair,sophia.nair.9436@example.com,United States,2024-09-02,Repeat,7339.04
CUST-09437,Emma Singh,emma.singh.9437@example.com,India,2025-01-20,High-Value,5528.57
CUST-09438,Rohan Patel,rohan.patel.9438@example.com,United Kingdom,2025-01-07,High-Value,11808.85
CUST-09439,Kavya Nair,kavya.nair.9439@example.com,United Arab Emirates,2022-06-02,Inactive,83.28
CUST-09440,Neha Sharma,neha.sharma.9440@example.com,United Arab Emirates,2022-09-06,One-Time,1005.53
CUST-09441,Meera Miller,meera.miller.9441@example.com,Australia,2021-01-22,Repeat,829.72
CUST-09442,Ishaan Gupta,ishaan.gupta.9442@example.com,Australia,2023-06-30,One-Time,327.53
CUST-09443,Olivia Mehta,olivia.mehta.9443@example.com,United Kingdom,2025-04-20,Inactive,140.17
CUST-09444,Neha Singh,neha.singh.9444@example.com,Canada,2019-03-07,Repeat,2758.79
CUST-09445,Aarav Brown,aarav.brown.9445@example.com,Singapore,2021-11-13,Repeat,6430.54
CUST-09446,Aarav Wilson,aarav.wilson.9446@example.com,India,2021-02-24,High-Value,5609.88
CUST-09447,Rohan Nair,rohan.nair.9447@example.com,United Kingdom,2024-10-22,Inactive,364.10
CUST-09448,Aarav Singh,aarav.singh.9448@example.com,United States,2023-10-26,One-Time,882.80
CUST-09449,Sophia Miller,sophia.miller.9449@example.com,Singapore,2019-01-23,One-Time,1172.68
CUST-09450,Rohan Gupta,rohan.gupta.9450@example.com,United States,2018-08-14,Repeat,7013.66
CUST-09451,Aditi Miller,aditi.miller.9451@example.com,Canada,2024-09-17,One-Time,118.06
CUST-09452,Emma Miller,emma.miller.9452@example.com,Germany,2022-12-27,Repeat,6321.00
CUST-09453,Rohan Kumar,rohan.kumar.9453@example.com,United Arab Emirates,2020-03-10,One-Time,929.94
CUST-09454,Meera Singh,meera.singh.9454@example.com,Canada,2019-12-23,High-Value,7051.73
CUST-09455,Arjun Reddy,arjun.reddy.9455@example.com,Germany,2022-10-06,Repeat,5144.84
CUST-09456,Rohan Wilson,rohan.wilson.9456@example.com,Germany,2020-08-22,One-Time,1147.27
CUST-09457,Kavya Singh,kavya.singh.9457@example.com,Australia,2023-05-07,Inactive,81.59
CUST-09458,Aditi Gupta,aditi.gupta.9458@example.com,Australia,2023-12-17,One-Time,1109.91
CUST-09459,Diya Miller,diya.miller.9459@example.com,Singapore,2020-11-01,Inactive,488.20
CUST-09460,Arjun Gupta,arjun.gupta.9460@example.com,Germany,2025-09-27,Repeat,2278.25
CUST-09461,Vikram Nair,vikram.nair.9461@example.com,Singapore,2018-09-09,Repeat,2033.20
CUST-09462,Arjun Mehta,arjun.mehta.9462@example.com,Canada,2023-04-18,One-Time,973.58
CUST-09463,Olivia Brown,olivia.brown.9463@example.com,India,2018-02-03,One-Time,522.83
CUST-09464,Meera Sharma,meera.sharma.9464@example.com,Singapore,2025-12-11,Repeat,1092.96
CUST-09465,Sophia Gupta,sophia.gupta.9465@example.com,India,2022-05-25,One-Time,699.14
CUST-09466,Neha Patel,neha.patel.9466@example.com,Canada,2020-07-12,Repeat,1629.09
CUST-09467,Noah Miller,noah.miller.9467@example.com,United States,2025-05-05,Repeat,3558.85
CUST-09468,Ishaan Reddy,ishaan.reddy.9468@example.com,Australia,2020-07-11,Repeat,3862.08
CUST-09469,Sophia Mehta,,Canada,2022-05-11,One-Time,932.14
CUST-09470,Neha Sharma,neha.sharma.9470@example.com,Singapore,2022-03-21,One-Time,751.63
CUST-09471,Aarav Gupta,aarav.gupta.9471@example.com,United Arab Emirates,2022-09-20,Inactive,258.10
CUST-09472,Rohan Mehta,rohan.mehta.9472@example.com,United Arab Emirates,2023-03-15,Repeat,3039.95
CUST-09473,Noah Sharma,noah.sharma.9473@example.com,Australia,2021-02-18,Repeat,3956.70
CUST-09474,Rohan Patel,rohan.patel.9474@example.com,Canada,2024-11-16,High-Value,11054.05
CUST-09475,Diya Gupta,diya.gupta.9475@example.com,Canada,2025-06-07,Inactive,93.84
CUST-09476,Olivia Mehta,olivia.mehta.9476@example.com,Singapore,2018-03-25,One-Time,313.14
CUST-09477,Arjun Patel,arjun.patel.9477@example.com,United Arab Emirates,2019-06-16,One-Time,111.06
CUST-09478,Neha Singh,neha.singh.9478@example.com,Singapore,2021-11-26,One-Time,513.13
CUST-09479,Diya Reddy,diya.reddy.9479@example.com,Germany,2021-03-05,High-Value,15671.96
CUST-09480,Arjun Wilson,arjun.wilson.9480@example.com,United Arab Emirates,2018-02-03,High-Value,22526.59
CUST-09481,Emma Gupta,emma.gupta.9481@example.com,Singapore,2021-09-16,One-Time,382.18
CUST-09482,Aarav Sharma,aarav.sharma.9482@example.com,United Kingdom,2021-03-06,Repeat,847.49
CUST-09483,Sophia Wilson,sophia.wilson.9483@example.com,United Arab Emirates,2018-09-05,Repeat,5658.24
CUST-09484,Kavya Mehta,kavya.mehta.9484@example.com,Australia,2022-06-30,One-Time,362.18
CUST-09485,Ishaan Sharma,ishaan.sharma.9485@example.com,Singapore,2019-07-02,One-Time,1026.08
CUST-09486,Aditi Reddy,aditi.reddy.9486@example.com,India,2023-03-08,High-Value,8826.16
CUST-09487,Sophia Brown,sophia.brown.9487@example.com,United Kingdom,2020-01-13,One-Time,793.41
CUST-09488,Ishaan Sharma,ishaan.sharma.9488@example.com,United Kingdom,2023-06-18,One-Time,259.20
CUST-09489,Rohan Nair,rohan.nair.9489@example.com,United States,2024-11-03,Repeat,3967.97
CUST-09490,Liam Reddy,liam.reddy.9490@example.com,United Arab Emirates,2023-09-17,Repeat,2168.63
CUST-09491,Emma Gupta,emma.gupta.9491@example.com,Singapore,2021-08-01,Repeat,2534.11
CUST-09492,Aditi Gupta,aditi.gupta.9492@example.com,United States,2018-11-08,Repeat,4826.51
CUST-09493,Aarav Patel,aarav.patel.9493@example.com,Singapore,2025-10-13,One-Time,736.17
CUST-09494,Emma Wilson,emma.wilson.9494@example.com,Australia,2024-02-13,High-Value,23474.51
CUST-09495,Noah Wilson,noah.wilson.9495@example.com,India,2024-07-05,Inactive,484.66
CUST-09496,Emma Mehta,emma.mehta.9496@example.com,United Kingdom,2021-08-17,Repeat,6231.92
CUST-09497,Arjun Singh,arjun.singh.9497@example.com,Australia,2020-07-09,Repeat,1912.70
CUST-09498,Olivia Patel,olivia.patel.9498@example.com,India,2020-12-24,High-Value,6035.09
CUST-09499,Sophia Kumar,sophia.kumar.9499@example.com,India,2020-08-12,High-Value,11551.55
CUST-09500,Diya Wilson,diya.wilson.9500@example.com,Australia,2023-01-19,Repeat,7243.97
CUST-09501,Kavya Wilson,kavya.wilson.9501@example.com,Singapore,2018-06-21,One-Time,1134.36
CUST-09502,Olivia Kumar,olivia.kumar.9502@example.com,Australia,2020-02-23,One-Time,1161.87
CUST-09503,Noah Brown,noah.brown.9503@example.com,Singapore,2018-04-17,One-Time,1000.55
CUST-09504,Noah Sharma,noah.sharma.9504@example.com,Canada,2023-07-18,Inactive,306.64
CUST-09505,Noah Sharma,noah.sharma.9505@example.com,Canada,2021-06-19,One-Time,372.96
CUST-09506,Diya Nair,diya.nair.9506@example.com,United States,2019-01-02,One-Time,269.21
CUST-09507,Rohan Nair,rohan.nair.9507@example.com,Germany,2025-06-30,One-Time,994.20
CUST-09508,Sophia Mehta,sophia.mehta.9508@example.com,Germany,2023-05-30,Repeat,6505.52
CUST-09509,Olivia Miller,olivia.miller.9509@example.com,Singapore,2024-11-27,One-Time,624.22
CUST-09510,Emma Wilson,emma.wilson.9510@example.com,United Arab Emirates,2022-12-13,Inactive,175.98
CUST-09511,Liam Brown,liam.brown.9511@example.com,Germany,2018-11-30,High-Value,15423.65
CUST-09512,Noah Sharma,noah.sharma.9512@example.com,Australia,2023-08-12,One-Time,965.44
CUST-09513,Rohan Wilson,rohan.wilson.9513@example.com,Australia,2025-12-12,Repeat,2230.32
CUST-09514,Neha Singh,neha.singh.9514@example.com,United States,2023-10-16,Repeat,7069.05
CUST-09515,Neha Wilson,neha.wilson.9515@example.com,Germany,2019-08-14,Repeat,5873.04
CUST-09516,Rohan Reddy,rohan.reddy.9516@example.com,United Kingdom,2025-08-02,Inactive,374.12
CUST-09517,Diya Garcia,diya.garcia.9517@example.com,Singapore,2022-10-08,Repeat,4518.87
CUST-09518,Vikram Sharma,vikram.sharma.9518@example.com,United Kingdom,2021-07-25,One-Time,351.81
CUST-09519,Aarav Patel,aarav.patel.9519@example.com,United Arab Emirates,2018-12-24,High-Value,24281.06
CUST-09520,Meera Reddy,meera.reddy.9520@example.com,Canada,2023-10-20,Repeat,3573.19
CUST-09521,Kavya Garcia,kavya.garcia.9521@example.com,Australia,2025-06-11,One-Time,512.42
CUST-09522,Noah Nair,noah.nair.9522@example.com,Canada,2020-09-02,One-Time,314.31
CUST-09523,Neha Reddy,neha.reddy.9523@example.com,Canada,2019-07-18,High-Value,22974.07
CUST-09524,Emma Garcia,emma.garcia.9524@example.com,India,2020-03-08,High-Value,20939.95
CUST-09525,Kavya Brown,kavya.brown.9525@example.com,United States,2019-06-12,Repeat,7395.88
CUST-09526,Vikram Wilson,vikram.wilson.9526@example.com,Canada,2021-02-17,One-Time,887.15
CUST-09527,Emma Brown,emma.brown.9527@example.com,Australia,2024-11-13,Repeat,3871.17
CUST-09528,Neha Garcia,neha.garcia.9528@example.com,Australia,2024-02-03,Repeat,4785.45
CUST-09529,Vikram Garcia,vikram.garcia.9529@example.com,United Kingdom,2024-11-26,Repeat,3747.72
CUST-09530,Rohan Brown,rohan.brown.9530@example.com,United Kingdom,2025-07-18,One-Time,455.72
CUST-09531,Ishaan Sharma,ishaan.sharma.9531@example.com,United States,2023-06-28,High-Value,9592.95
CUST-09532,Liam Wilson,liam.wilson.9532@example.com,United Kingdom,2020-11-05,Repeat,5076.22
CUST-09533,Meera Kumar,meera.kumar.9533@example.com,United States,2025-08-10,Repeat,5956.09
CUST-09534,Noah Miller,noah.miller.9534@example.com,Canada,2024-05-28,Repeat,5193.34
CUST-09535,Emma Kumar,emma.kumar.9535@example.com,Singapore,2021-08-07,Repeat,6793.38
CUST-09536,Kavya Mehta,kavya.mehta.9536@example.com,United Kingdom,2019-12-30,Repeat,7191.19
CUST-09537,Vikram Sharma,vikram.sharma.9537@example.com,Germany,2021-02-07,Repeat,2393.44
CUST-09538,Vikram Sharma,vikram.sharma.9538@example.com,Germany,2020-06-26,One-Time,999.79
CUST-09539,Kavya Reddy,kavya.reddy.9539@example.com,Singapore,2020-11-19,Repeat,3768.99
CUST-09540,Noah Brown,noah.brown.9540@example.com,United States,2018-09-17,Repeat,1755.37
CUST-09541,Olivia Kumar,olivia.kumar.9541@example.com,Canada,2019-05-20,Inactive,331.47
CUST-09542,Aditi Brown,aditi.brown.9542@example.com,United States,2022-03-31,Inactive,317.25
CUST-09543,Olivia Reddy,olivia.reddy.9543@example.com,India,2021-05-10,Repeat,6633.20
CUST-09544,Kavya Wilson,kavya.wilson.9544@example.com,Canada,2018-10-06,Repeat,7128.63
CUST-09545,Kavya Mehta,kavya.mehta.9545@example.com,Australia,2025-12-05,One-Time,708.68
CUST-09546,Arjun Miller,arjun.miller.9546@example.com,India,2025-04-30,Repeat,1663.41
CUST-09547,Noah Brown,noah.brown.9547@example.com,United States,2024-09-09,One-Time,285.79
CUST-09548,Aarav Patel,aarav.patel.9548@example.com,Singapore,2022-08-14,One-Time,849.83
CUST-09549,Rohan Sharma,rohan.sharma.9549@example.com,Singapore,2023-05-12,One-Time,445.50
CUST-09550,Meera Singh,meera.singh.9550@example.com,Australia,2018-11-30,High-Value,6082.88
CUST-09551,Rohan Garcia,rohan.garcia.9551@example.com,United Arab Emirates,2018-08-09,Repeat,2214.99
CUST-09552,Vikram Patel,vikram.patel.9552@example.com,United Arab Emirates,2020-12-22,Inactive,335.48
CUST-09553,Meera Singh,meera.singh.9553@example.com,Canada,2022-07-22,Repeat,1172.48
CUST-09554,Aditi Nair,aditi.nair.9554@example.com,India,2018-01-03,Repeat,4849.87
CUST-09555,Rohan Kumar,rohan.kumar.9555@example.com,United Kingdom,2023-06-25,One-Time,559.81
CUST-09556,Arjun Miller,arjun.miller.9556@example.com,Australia,2022-09-13,High-Value,14679.41
CUST-09557,Aarav Mehta,aarav.mehta.9557@example.com,United Arab Emirates,2021-05-11,High-Value,23170.47
CUST-09558,Liam Nair,liam.nair.9558@example.com,Canada,2023-08-10,One-Time,652.28
CUST-09559,Ishaan Singh,ishaan.singh.9559@example.com,India,2023-04-26,Repeat,4862.41
CUST-09560,Ishaan Miller,ishaan.miller.9560@example.com,Australia,2018-08-27,Inactive,320.13
CUST-09561,Rohan Patel,,Germany,2024-06-11,High-Value,8752.09
CUST-09562,Liam Miller,liam.miller.9562@example.com,United States,2025-09-26,Repeat,2329.79
CUST-09563,Ishaan Kumar,ishaan.kumar.9563@example.com,United Arab Emirates,2022-05-07,Inactive,102.19
CUST-09564,Arjun Wilson,arjun.wilson.9564@example.com,United Arab Emirates,2018-02-19,Inactive,55.78
CUST-09565,Vikram Patel,vikram.patel.9565@example.com,Canada,2023-03-01,One-Time,756.26
CUST-09566,Aditi Reddy,aditi.reddy.9566@example.com,United States,2020-12-10,Inactive,353.72
CUST-09567,Arjun Patel,arjun.patel.9567@example.com,United Kingdom,2022-11-18,Repeat,7244.37
CUST-09568,Vikram Gupta,vikram.gupta.9568@example.com,United Arab Emirates,2018-10-20,Repeat,4466.73
CUST-09569,Arjun Sharma,arjun.sharma.9569@example.com,India,2021-04-13,Repeat,4226.70
CUST-09570,Liam Reddy,liam.reddy.9570@example.com,United Kingdom,2021-03-07,Repeat,4574.68
CUST-09571,Vikram Miller,vikram.miller.9571@example.com,Canada,2018-03-05,Inactive,426.85
CUST-09572,Sophia Reddy,sophia.reddy.9572@example.com,United States,2018-09-22,Repeat,4879.02
CUST-09573,Neha Singh,neha.singh.9573@example.com,Singapore,2022-05-23,High-Value,7905.83
CUST-09574,Emma Wilson,emma.wilson.9574@example.com,United Kingdom,2023-04-16,High-Value,22870.10
CUST-09575,Liam Garcia,liam.garcia.9575@example.com,Australia,2025-08-25,Repeat,2002.71
CUST-09576,Noah Reddy,noah.reddy.9576@example.com,Australia,2019-11-25,Repeat,6764.19
CUST-09577,Aditi Nair,aditi.nair.9577@example.com,Germany,2021-12-04,Repeat,3218.83
CUST-09578,Arjun Brown,arjun.brown.9578@example.com,Canada,2025-02-04,One-Time,46.57
CUST-09579,Emma Sharma,emma.sharma.9579@example.com,Germany,2023-05-15,One-Time,1067.19
CUST-09580,Kavya Singh,kavya.singh.9580@example.com,Canada,2019-04-27,One-Time,110.45
CUST-09581,Emma Kumar,emma.kumar.9581@example.com,Australia,2018-03-22,High-Value,14928.78
CUST-09582,Aarav Reddy,aarav.reddy.9582@example.com,United Kingdom,2020-05-24,One-Time,212.30
CUST-09583,Arjun Wilson,arjun.wilson.9583@example.com,India,2020-06-05,One-Time,353.94
CUST-09584,Rohan Singh,rohan.singh.9584@example.com,Germany,2021-12-31,Repeat,1515.61
CUST-09585,Aditi Wilson,aditi.wilson.9585@example.com,Germany,2023-09-14,Inactive,196.42
CUST-09586,Vikram Wilson,vikram.wilson.9586@example.com,Singapore,2018-05-22,One-Time,999.67
CUST-09587,Rohan Gupta,rohan.gupta.9587@example.com,Germany,2021-08-03,One-Time,1172.57
CUST-09588,Meera Patel,meera.patel.9588@example.com,Canada,2023-06-25,Inactive,182.40
CUST-09589,Aditi Singh,aditi.singh.9589@example.com,United Arab Emirates,2020-11-06,Inactive,343.18
CUST-09590,Olivia Brown,olivia.brown.9590@example.com,Australia,2021-08-03,High-Value,21206.64
CUST-09591,Sophia Reddy,sophia.reddy.9591@example.com,Singapore,2019-01-17,One-Time,393.76
CUST-09592,Noah Sharma,noah.sharma.9592@example.com,Singapore,2024-10-06,Repeat,7334.76
CUST-09593,Emma Patel,emma.patel.9593@example.com,Singapore,2023-01-01,Repeat,4406.45
CUST-09594,Liam Sharma,liam.sharma.9594@example.com,Canada,2019-05-02,Repeat,4228.35
CUST-09595,Rohan Sharma,rohan.sharma.9595@example.com,United Arab Emirates,2019-02-25,High-Value,11840.25
CUST-09596,Aarav Garcia,aarav.garcia.9596@example.com,Singapore,2021-09-16,Inactive,24.80
CUST-09597,Noah Gupta,noah.gupta.9597@example.com,United Kingdom,2025-11-26,One-Time,118.15
CUST-09598,Meera Reddy,meera.reddy.9598@example.com,India,2023-05-31,Repeat,6908.93
CUST-09599,Kavya Garcia,kavya.garcia.9599@example.com,Singapore,2018-09-12,One-Time,752.81
CUST-09600,Liam Nair,liam.nair.9600@example.com,India,2019-03-16,One-Time,563.97
CUST-09601,Vikram Singh,vikram.singh.9601@example.com,United Kingdom,2025-06-14,One-Time,175.43
CUST-09602,Emma Reddy,emma.reddy.9602@example.com,Singapore,2025-09-03,Repeat,5764.08
CUST-09603,Liam Wilson,liam.wilson.9603@example.com,United Kingdom,2024-01-17,One-Time,182.84
CUST-09604,Meera Wilson,meera.wilson.9604@example.com,United Arab Emirates,2023-07-29,One-Time,809.54
CUST-09605,Liam Mehta,liam.mehta.9605@example.com,Singapore,2024-07-24,Repeat,5833.99
CUST-09606,Olivia Brown,olivia.brown.9606@example.com,United Arab Emirates,2022-06-27,One-Time,538.79
CUST-09607,Sophia Nair,sophia.nair.9607@example.com,India,2024-09-02,One-Time,545.35
CUST-09608,Ishaan Brown,ishaan.brown.9608@example.com,Australia,2023-03-30,One-Time,718.23
CUST-09609,Emma Kumar,emma.kumar.9609@example.com,United Kingdom,2019-05-07,High-Value,7006.50
CUST-09610,Meera Kumar,meera.kumar.9610@example.com,United Kingdom,2018-01-29,Repeat,1620.23
CUST-09611,Noah Wilson,noah.wilson.9611@example.com,United Kingdom,2018-02-28,One-Time,1156.66
CUST-09612,Aarav Reddy,,India,2024-08-17,High-Value,18152.89
CUST-09613,Ishaan Kumar,ishaan.kumar.9613@example.com,Australia,2019-10-03,Inactive,147.90
CUST-09614,Aditi Mehta,aditi.mehta.9614@example.com,Germany,2022-09-23,Repeat,991.51
CUST-09615,Rohan Gupta,rohan.gupta.9615@example.com,United Arab Emirates,2021-04-19,Inactive,161.87
CUST-09616,Noah Miller,noah.miller.9616@example.com,United Arab Emirates,2024-12-01,One-Time,260.78
CUST-09617,Arjun Wilson,arjun.wilson.9617@example.com,India,2025-11-02,Repeat,3356.52
CUST-09618,Meera Patel,meera.patel.9618@example.com,United States,2020-05-03,High-Value,22342.21
CUST-09619,Ishaan Miller,ishaan.miller.9619@example.com,United States,2018-09-26,Repeat,2144.69
CUST-09620,Arjun Gupta,arjun.gupta.9620@example.com,India,2025-03-25,One-Time,320.97
CUST-09621,Kavya Sharma,kavya.sharma.9621@example.com,Singapore,2024-12-21,One-Time,361.58
CUST-09622,Aditi Reddy,aditi.reddy.9622@example.com,United Kingdom,2021-10-07,Repeat,6536.15
CUST-09623,Vikram Garcia,vikram.garcia.9623@example.com,Australia,2021-08-17,Repeat,5454.25
CUST-09624,Arjun Reddy,arjun.reddy.9624@example.com,Canada,2019-09-08,Repeat,6927.65
CUST-09625,Kavya Garcia,kavya.garcia.9625@example.com,United Kingdom,2020-06-08,One-Time,30.54
CUST-09626,Liam Patel,liam.patel.9626@example.com,United States,2020-12-07,Inactive,440.50
CUST-09627,Aarav Mehta,aarav.mehta.9627@example.com,Australia,2025-11-01,One-Time,1070.14
CUST-09628,Rohan Singh,rohan.singh.9628@example.com,Australia,2018-07-23,Inactive,460.52
CUST-09629,Rohan Sharma,rohan.sharma.9629@example.com,United States,2019-06-26,One-Time,415.62
CUST-09630,Emma Sharma,emma.sharma.9630@example.com,Canada,2018-05-05,Repeat,4278.39
CUST-09631,Sophia Patel,sophia.patel.9631@example.com,India,2020-12-18,One-Time,1184.98
CUST-09632,Aditi Nair,aditi.nair.9632@example.com,United Arab Emirates,2025-09-03,Repeat,6595.16
CUST-09633,Olivia Nair,olivia.nair.9633@example.com,India,2023-04-22,Inactive,363.32
CUST-09634,Arjun Brown,arjun.brown.9634@example.com,Australia,2025-05-21,Repeat,1231.45
CUST-09635,Kavya Nair,kavya.nair.9635@example.com,United Kingdom,2020-01-15,High-Value,12573.64
CUST-09636,Neha Kumar,neha.kumar.9636@example.com,United Kingdom,2023-03-18,Repeat,5297.12
CUST-09637,Rohan Reddy,rohan.reddy.9637@example.com,India,2025-12-29,Inactive,257.54
CUST-09638,Meera Patel,meera.patel.9638@example.com,Canada,2022-11-23,Repeat,2609.05
CUST-09639,Aarav Garcia,aarav.garcia.9639@example.com,Germany,2024-07-22,One-Time,1177.83
CUST-09640,Kavya Wilson,kavya.wilson.9640@example.com,United Kingdom,2021-09-17,Repeat,5129.13
CUST-09641,Meera Brown,meera.brown.9641@example.com,United Kingdom,2024-07-06,One-Time,1111.99
CUST-09642,Vikram Kumar,vikram.kumar.9642@example.com,Germany,2024-10-07,Repeat,6314.13
CUST-09643,Neha Sharma,neha.sharma.9643@example.com,United Arab Emirates,2022-05-01,One-Time,1166.07
CUST-09644,Ishaan Miller,ishaan.miller.9644@example.com,United Kingdom,2024-07-20,Repeat,4877.64
CUST-09645,Kavya Garcia,kavya.garcia.9645@example.com,Singapore,2020-11-03,Repeat,3526.45
CUST-09646,Neha Reddy,neha.reddy.9646@example.com,United Arab Emirates,2019-03-10,Repeat,5473.68
CUST-09647,Emma Wilson,emma.wilson.9647@example.com,Germany,2025-01-08,High-Value,7507.16
CUST-09648,Olivia Garcia,olivia.garcia.9648@example.com,Australia,2024-01-17,High-Value,20257.15
CUST-09649,Sophia Nair,sophia.nair.9649@example.com,Canada,2025-05-13,Repeat,5832.31
CUST-09650,Liam Brown,liam.brown.9650@example.com,Australia,2018-02-18,Repeat,1041.60
CUST-09651,Arjun Kumar,arjun.kumar.9651@example.com,United States,2018-04-16,Repeat,5040.62
CUST-09652,Kavya Sharma,kavya.sharma.9652@example.com,Singapore,2024-12-15,Repeat,2171.45
CUST-09653,Olivia Gupta,olivia.gupta.9653@example.com,Singapore,2018-05-16,Repeat,7022.76
CUST-09654,Diya Gupta,diya.gupta.9654@example.com,Australia,2021-09-04,Repeat,3211.58
CUST-09655,Sophia Kumar,sophia.kumar.9655@example.com,United States,2020-05-20,High-Value,23885.96
CUST-09656,Olivia Garcia,olivia.garcia.9656@example.com,Australia,2023-03-16,Repeat,1552.27
CUST-09657,Emma Miller,emma.miller.9657@example.com,India,2020-10-16,One-Time,281.09
CUST-09658,Kavya Mehta,kavya.mehta.9658@example.com,United States,2019-12-18,Repeat,1909.06
CUST-09659,Neha Patel,neha.patel.9659@example.com,Australia,2023-01-22,One-Time,193.29
CUST-09660,Vikram Kumar,vikram.kumar.9660@example.com,Canada,2022-08-24,Repeat,6244.01
CUST-09661,Neha Brown,neha.brown.9661@example.com,United States,2025-01-07,One-Time,590.25
CUST-09662,Neha Patel,neha.patel.9662@example.com,Singapore,2019-07-07,One-Time,965.69
CUST-09663,Emma Reddy,emma.reddy.9663@example.com,India,2021-01-27,One-Time,1192.97
CUST-09664,Rohan Miller,rohan.miller.9664@example.com,United States,2018-09-22,Inactive,24.43
CUST-09665,Liam Miller,liam.miller.9665@example.com,United States,2021-10-05,One-Time,668.77
CUST-09666,Meera Wilson,meera.wilson.9666@example.com,United States,2021-05-08,One-Time,1138.12
CUST-09667,Diya Brown,diya.brown.9667@example.com,United Arab Emirates,2018-05-07,Repeat,5571.16
CUST-09668,Sophia Mehta,sophia.mehta.9668@example.com,Australia,2022-11-16,Repeat,2019.45
CUST-09669,Olivia Patel,olivia.patel.9669@example.com,United States,2025-04-04,Repeat,7407.58
CUST-09670,Neha Garcia,neha.garcia.9670@example.com,India,2024-09-26,One-Time,906.20
CUST-09671,Kavya Gupta,kavya.gupta.9671@example.com,United States,2019-04-27,Repeat,6349.43
CUST-09672,Noah Mehta,noah.mehta.9672@example.com,United Arab Emirates,2023-12-19,One-Time,1009.13
CUST-09673,Liam Gupta,liam.gupta.9673@example.com,United Kingdom,2020-08-16,Inactive,88.44
CUST-09674,Emma Nair,emma.nair.9674@example.com,Germany,2021-09-28,Repeat,1207.42
CUST-09675,Arjun Patel,arjun.patel.9675@example.com,India,2019-12-14,Repeat,4869.70
CUST-09676,Rohan Patel,rohan.patel.9676@example.com,Singapore,2022-09-02,Repeat,5290.62
CUST-09677,Emma Nair,emma.nair.9677@example.com,Canada,2019-02-11,High-Value,23682.62
CUST-09678,Olivia Patel,olivia.patel.9678@example.com,United Kingdom,2025-04-01,One-Time,284.87
CUST-09679,Arjun Singh,arjun.singh.9679@example.com,Canada,2021-05-23,Repeat,1077.97
CUST-09680,Diya Singh,diya.singh.9680@example.com,India,2021-02-05,One-Time,701.50
CUST-09681,Vikram Garcia,vikram.garcia.9681@example.com,Canada,2018-09-29,Repeat,4964.50
CUST-09682,Kavya Reddy,kavya.reddy.9682@example.com,United States,2024-10-17,Repeat,2188.54
CUST-09683,Rohan Mehta,rohan.mehta.9683@example.com,Germany,2019-08-26,Repeat,6101.55
CUST-09684,Rohan Brown,rohan.brown.9684@example.com,United States,2020-10-25,One-Time,896.41
CUST-09685,Noah Brown,noah.brown.9685@example.com,Canada,2018-05-20,One-Time,198.91
CUST-09686,Meera Sharma,meera.sharma.9686@example.com,India,2019-04-03,Repeat,4947.08
CUST-09687,Noah Wilson,noah.wilson.9687@example.com,Singapore,2025-06-19,Inactive,265.75
CUST-09688,Sophia Reddy,sophia.reddy.9688@example.com,United Arab Emirates,2022-04-03,Repeat,5245.49
CUST-09689,Ishaan Kumar,ishaan.kumar.9689@example.com,United Arab Emirates,2020-12-19,High-Value,22253.34
CUST-09690,Ishaan Sharma,ishaan.sharma.9690@example.com,United Kingdom,2022-11-01,One-Time,1036.95
CUST-09691,Noah Wilson,noah.wilson.9691@example.com,Australia,2022-09-11,Repeat,2790.27
CUST-09692,Ishaan Gupta,ishaan.gupta.9692@example.com,Germany,2018-12-18,Inactive,281.95
CUST-09693,Aarav Mehta,aarav.mehta.9693@example.com,United States,2022-08-09,Repeat,6416.81
CUST-09694,Diya Garcia,diya.garcia.9694@example.com,United Kingdom,2025-12-12,Repeat,5349.03
CUST-09695,Rohan Patel,rohan.patel.9695@example.com,Australia,2020-12-24,Repeat,4348.64
CUST-09696,Olivia Sharma,olivia.sharma.9696@example.com,Canada,2024-10-24,Inactive,231.19
CUST-09697,Aditi Sharma,aditi.sharma.9697@example.com,Canada,2024-10-27,One-Time,1096.68
CUST-09698,Aditi Garcia,aditi.garcia.9698@example.com,United Arab Emirates,2023-11-18,High-Value,16450.54
CUST-09699,Noah Patel,noah.patel.9699@example.com,Canada,2022-06-08,One-Time,485.26
CUST-09700,Diya Gupta,diya.gupta.9700@example.com,Singapore,2020-11-29,Inactive,116.09
CUST-09701,Sophia Patel,sophia.patel.9701@example.com,United Kingdom,2018-08-11,One-Time,618.65
CUST-09702,Arjun Nair,arjun.nair.9702@example.com,Australia,2024-10-17,Repeat,2422.43
CUST-09703,Ishaan Singh,ishaan.singh.9703@example.com,Germany,2019-08-20,One-Time,1041.41
CUST-09704,Olivia Reddy,olivia.reddy.9704@example.com,United Kingdom,2020-07-13,Repeat,2356.97
CUST-09705,Arjun Mehta,arjun.mehta.9705@example.com,Germany,2018-10-04,High-Value,16502.16
CUST-09706,Liam Patel,liam.patel.9706@example.com,Germany,2021-12-31,Repeat,2189.52
CUST-09707,Liam Sharma,liam.sharma.9707@example.com,Singapore,2023-09-02,Repeat,5758.82
CUST-09708,Meera Mehta,meera.mehta.9708@example.com,United Kingdom,2023-10-18,Repeat,4319.02
CUST-09709,Ishaan Nair,ishaan.nair.9709@example.com,India,2020-02-10,Repeat,3597.32
CUST-09710,Kavya Mehta,kavya.mehta.9710@example.com,Canada,2019-02-25,Repeat,1959.66
CUST-09711,Liam Sharma,liam.sharma.9711@example.com,Singapore,2020-09-27,One-Time,576.95
CUST-09712,Emma Garcia,emma.garcia.9712@example.com,United States,2020-12-28,Repeat,1026.30
CUST-09713,Sophia Sharma,sophia.sharma.9713@example.com,United States,2020-09-21,Inactive,197.08
CUST-09714,Ishaan Singh,ishaan.singh.9714@example.com,Canada,2019-11-12,One-Time,165.15
CUST-09715,Noah Sharma,noah.sharma.9715@example.com,Australia,2019-12-01,Inactive,432.33
CUST-09716,Sophia Kumar,sophia.kumar.9716@example.com,Australia,2020-09-06,Inactive,198.64
CUST-09717,Emma Singh,emma.singh.9717@example.com,Australia,2018-02-19,Repeat,5949.02
CUST-09718,Vikram Sharma,vikram.sharma.9718@example.com,Australia,2020-02-15,Repeat,5139.95
CUST-09719,Aditi Wilson,aditi.wilson.9719@example.com,United Arab Emirates,2023-12-21,Repeat,4821.35
CUST-09720,Arjun Mehta,arjun.mehta.9720@example.com,Germany,2023-02-21,Inactive,32.56
CUST-09721,Diya Wilson,diya.wilson.9721@example.com,India,2020-11-12,Repeat,6964.30
CUST-09722,Ishaan Gupta,ishaan.gupta.9722@example.com,Australia,2021-07-05,Repeat,6375.32
CUST-09723,Emma Nair,emma.nair.9723@example.com,United Kingdom,2018-11-27,Inactive,180.26
CUST-09724,Arjun Reddy,arjun.reddy.9724@example.com,Australia,2018-07-04,High-Value,19036.02
CUST-09725,Meera Mehta,meera.mehta.9725@example.com,Canada,2025-10-15,One-Time,546.74
CUST-09726,Liam Patel,liam.patel.9726@example.com,United Kingdom,2023-10-03,Repeat,5536.93
CUST-09727,Ishaan Singh,ishaan.singh.9727@example.com,India,2019-08-04,Repeat,6808.79
CUST-09728,Liam Reddy,liam.reddy.9728@example.com,India,2021-12-25,Repeat,2268.76
CUST-09729,Diya Mehta,diya.mehta.9729@example.com,Canada,2019-11-01,Repeat,4090.86
CUST-09730,Noah Patel,noah.patel.9730@example.com,United Arab Emirates,2018-03-22,One-Time,1047.57
CUST-09731,Arjun Garcia,arjun.garcia.9731@example.com,Germany,2018-02-06,Inactive,218.01
CUST-09732,Aditi Miller,aditi.miller.9732@example.com,Singapore,2023-03-17,One-Time,310.29
CUST-09733,Emma Singh,emma.singh.9733@example.com,United Kingdom,2024-11-26,High-Value,9623.77
CUST-09734,Diya Gupta,diya.gupta.9734@example.com,Australia,2020-10-04,Inactive,137.90
CUST-09735,Vikram Reddy,vikram.reddy.9735@example.com,United Arab Emirates,2024-04-11,One-Time,949.96
CUST-09736,Sophia Brown,sophia.brown.9736@example.com,United States,2021-05-25,One-Time,1106.74
CUST-09737,Neha Singh,neha.singh.9737@example.com,Australia,2024-04-20,Inactive,71.70
CUST-09738,Aditi Kumar,aditi.kumar.9738@example.com,Canada,2019-04-07,High-Value,23484.66
CUST-09739,Arjun Singh,arjun.singh.9739@example.com,India,2021-01-31,One-Time,335.01
CUST-09740,Liam Wilson,liam.wilson.9740@example.com,Australia,2020-06-28,Inactive,70.50
CUST-09741,Sophia Reddy,sophia.reddy.9741@example.com,India,2025-09-17,Repeat,6809.32
CUST-09742,Ishaan Mehta,ishaan.mehta.9742@example.com,United Kingdom,2021-01-22,One-Time,539.16
CUST-09743,Vikram Garcia,vikram.garcia.9743@example.com,Singapore,2020-08-26,Repeat,2423.83
CUST-09744,Aarav Reddy,aarav.reddy.9744@example.com,United States,2024-12-25,High-Value,8931.48
CUST-09745,Diya Miller,diya.miller.9745@example.com,United Kingdom,2022-07-23,Inactive,431.95
CUST-09746,Olivia Patel,,Australia,2022-06-12,High-Value,5438.16
CUST-09747,Neha Gupta,neha.gupta.9747@example.com,Canada,2020-03-11,Repeat,7147.56
CUST-09748,Ishaan Nair,ishaan.nair.9748@example.com,United States,2024-05-12,Repeat,6609.49
CUST-09749,Meera Reddy,meera.reddy.9749@example.com,India,2019-08-16,High-Value,16841.26
CUST-09750,Vikram Singh,vikram.singh.9750@example.com,United Arab Emirates,2018-10-17,Repeat,3018.26
CUST-09751,Vikram Mehta,vikram.mehta.9751@example.com,United States,2022-09-25,One-Time,395.79
CUST-09752,Neha Reddy,neha.reddy.9752@example.com,United Kingdom,2022-09-15,One-Time,506.25
CUST-09753,Diya Miller,diya.miller.9753@example.com,United Kingdom,2018-12-06,Repeat,5251.88
CUST-09754,Aarav Nair,aarav.nair.9754@example.com,United Arab Emirates,2024-04-27,One-Time,280.51
CUST-09755,Meera Gupta,meera.gupta.9755@example.com,United Arab Emirates,2020-04-21,High-Value,20016.26
CUST-09756,Olivia Reddy,olivia.reddy.9756@example.com,India,2025-08-12,Repeat,7224.34
CUST-09757,Vikram Patel,vikram.patel.9757@example.com,United Arab Emirates,2025-05-13,Repeat,5541.33
CUST-09758,Noah Nair,noah.nair.9758@example.com,Singapore,2019-01-09,One-Time,594.20
CUST-09759,Meera Wilson,meera.wilson.9759@example.com,United States,2021-04-28,Inactive,474.67
CUST-09760,Olivia Patel,olivia.patel.9760@example.com,United Kingdom,2021-06-07,High-Value,15383.55
CUST-09761,Noah Garcia,noah.garcia.9761@example.com,United Kingdom,2025-12-17,Inactive,198.20
CUST-09762,Diya Mehta,diya.mehta.9762@example.com,Singapore,2020-01-23,One-Time,455.80
CUST-09763,Aarav Sharma,aarav.sharma.9763@example.com,Canada,2019-01-15,One-Time,823.57
CUST-09764,Rohan Garcia,rohan.garcia.9764@example.com,Canada,2022-02-20,High-Value,22862.04
CUST-09765,Aditi Garcia,aditi.garcia.9765@example.com,Canada,2021-09-29,Inactive,343.30
CUST-09766,Emma Singh,emma.singh.9766@example.com,United States,2024-11-22,High-Value,7472.98
CUST-09767,Ishaan Brown,ishaan.brown.9767@example.com,United Kingdom,2021-06-30,Repeat,3975.87
CUST-09768,Olivia Sharma,olivia.sharma.9768@example.com,Canada,2024-01-18,One-Time,1186.40
CUST-09769,Rohan Singh,rohan.singh.9769@example.com,United Arab Emirates,2023-11-16,Repeat,806.23
CUST-09770,Aarav Gupta,aarav.gupta.9770@example.com,Germany,2025-10-03,One-Time,1085.86
CUST-09771,Liam Reddy,liam.reddy.9771@example.com,Australia,2023-11-27,One-Time,535.62
CUST-09772,Aditi Kumar,aditi.kumar.9772@example.com,United States,2022-10-11,One-Time,593.88
CUST-09773,Ishaan Brown,ishaan.brown.9773@example.com,India,2024-01-16,One-Time,480.69
CUST-09774,Kavya Kumar,kavya.kumar.9774@example.com,Germany,2021-12-25,Repeat,885.49
CUST-09775,Rohan Brown,rohan.brown.9775@example.com,Germany,2018-12-29,One-Time,1086.24
CUST-09776,Vikram Brown,vikram.brown.9776@example.com,Australia,2019-08-18,One-Time,355.86
CUST-09777,Neha Sharma,neha.sharma.9777@example.com,United States,2020-06-28,Inactive,147.21
CUST-09778,Sophia Sharma,sophia.sharma.9778@example.com,Canada,2022-10-04,Repeat,7442.26
CUST-09779,Arjun Sharma,arjun.sharma.9779@example.com,United States,2024-04-28,Repeat,1928.38
CUST-09780,Sophia Patel,sophia.patel.9780@example.com,United Kingdom,2021-02-24,One-Time,221.25
CUST-09781,Kavya Mehta,kavya.mehta.9781@example.com,Australia,2023-02-06,Repeat,4331.72
CUST-09782,Sophia Mehta,sophia.mehta.9782@example.com,United Arab Emirates,2018-08-22,Repeat,4064.64
CUST-09783,Aarav Reddy,aarav.reddy.9783@example.com,United States,2023-12-12,Repeat,2710.76
CUST-09784,Kavya Gupta,kavya.gupta.9784@example.com,Australia,2025-10-15,Repeat,3368.69
CUST-09785,Ishaan Nair,ishaan.nair.9785@example.com,United States,2023-08-12,Repeat,2682.01
CUST-09786,Noah Kumar,noah.kumar.9786@example.com,Germany,2024-02-08,One-Time,410.43
CUST-09787,Meera Patel,meera.patel.9787@example.com,United States,2020-09-18,One-Time,478.61
CUST-09788,Liam Kumar,liam.kumar.9788@example.com,Canada,2021-05-09,One-Time,568.71
CUST-09789,Olivia Reddy,olivia.reddy.9789@example.com,Germany,2022-04-09,Repeat,6562.30
CUST-09790,Kavya Patel,kavya.patel.9790@example.com,United Arab Emirates,2023-03-15,High-Value,17486.13
CUST-09791,Diya Reddy,diya.reddy.9791@example.com,United Arab Emirates,2023-09-26,Repeat,932.43
CUST-09792,Diya Patel,diya.patel.9792@example.com,Australia,2023-05-13,Inactive,318.33
CUST-09793,Meera Miller,meera.miller.9793@example.com,Singapore,2024-10-18,One-Time,499.40
CUST-09794,Neha Garcia,neha.garcia.9794@example.com,United Arab Emirates,2019-08-01,One-Time,79.57
CUST-09795,Diya Patel,diya.patel.9795@example.com,Australia,2023-02-20,Repeat,1098.17
CUST-09796,Rohan Nair,rohan.nair.9796@example.com,Germany,2022-02-13,One-Time,717.37
CUST-09797,Aarav Nair,aarav.nair.9797@example.com,United Arab Emirates,2022-05-29,Repeat,918.91
CUST-09798,Rohan Reddy,rohan.reddy.9798@example.com,Australia,2021-02-21,One-Time,389.27
CUST-09799,Vikram Gupta,vikram.gupta.9799@example.com,Singapore,2021-10-18,One-Time,431.83
CUST-09800,Liam Nair,liam.nair.9800@example.com,Singapore,2025-12-18,One-Time,597.23
CUST-09801,Rohan Mehta,rohan.mehta.9801@example.com,Singapore,2022-08-07,One-Time,694.97
CUST-09802,Rohan Garcia,rohan.garcia.9802@example.com,United Kingdom,2020-04-09,Repeat,5504.90
CUST-09803,Liam Patel,liam.patel.9803@example.com,Canada,2022-04-27,Inactive,386.40
CUST-09804,Olivia Garcia,olivia.garcia.9804@example.com,United Kingdom,2025-03-04,Repeat,2122.20
CUST-09805,Arjun Miller,arjun.miller.9805@example.com,Canada,2021-08-22,One-Time,915.92
CUST-09806,Aarav Mehta,aarav.mehta.9806@example.com,United Kingdom,2023-05-23,One-Time,1023.34
CUST-09807,Arjun Sharma,arjun.sharma.9807@example.com,Singapore,2025-04-20,Inactive,28.36
CUST-09808,Emma Sharma,emma.sharma.9808@example.com,United Kingdom,2025-02-15,Repeat,3273.41
CUST-09809,Meera Wilson,meera.wilson.9809@example.com,United Arab Emirates,2018-02-07,One-Time,236.16
CUST-09810,Kavya Garcia,kavya.garcia.9810@example.com,India,2019-05-24,One-Time,922.90
CUST-09811,Aarav Wilson,aarav.wilson.9811@example.com,United Kingdom,2021-08-09,Repeat,3860.10
CUST-09812,Kavya Brown,kavya.brown.9812@example.com,United Arab Emirates,2021-09-04,Repeat,4135.64
CUST-09813,Neha Brown,neha.brown.9813@example.com,United States,2021-03-03,One-Time,356.82
CUST-09814,Aditi Miller,aditi.miller.9814@example.com,Singapore,2018-06-13,Repeat,3854.60
CUST-09815,Kavya Garcia,kavya.garcia.9815@example.com,Canada,2022-01-05,Inactive,43.10
CUST-09816,Aditi Mehta,aditi.mehta.9816@example.com,Australia,2020-09-18,Inactive,266.16
CUST-09817,Kavya Reddy,kavya.reddy.9817@example.com,Canada,2021-08-21,One-Time,547.26
CUST-09818,Aarav Brown,aarav.brown.9818@example.com,Singapore,2024-12-21,Repeat,5399.13
CUST-09819,Kavya Sharma,kavya.sharma.9819@example.com,India,2024-03-21,High-Value,7381.85
CUST-09820,Ishaan Patel,ishaan.patel.9820@example.com,Canada,2025-09-27,Repeat,1394.44
CUST-09821,Noah Brown,noah.brown.9821@example.com,Germany,2020-11-06,High-Value,23064.86
CUST-09822,Arjun Singh,arjun.singh.9822@example.com,Singapore,2024-04-26,High-Value,12603.45
CUST-09823,Neha Patel,neha.patel.9823@example.com,India,2025-01-17,Repeat,889.19
CUST-09824,Rohan Singh,rohan.singh.9824@example.com,United States,2021-04-13,Inactive,324.71
CUST-09825,Arjun Garcia,arjun.garcia.9825@example.com,India,2019-11-12,High-Value,14294.39
CUST-09826,Liam Gupta,liam.gupta.9826@example.com,United Kingdom,2018-11-10,One-Time,259.21
CUST-09827,Neha Gupta,neha.gupta.9827@example.com,United States,2018-08-26,Repeat,1454.72
CUST-09828,Diya Miller,diya.miller.9828@example.com,United States,2020-08-26,Inactive,264.53
CUST-09829,Meera Patel,meera.patel.9829@example.com,Germany,2022-03-04,Repeat,4331.79
CUST-09830,Arjun Patel,arjun.patel.9830@example.com,United Kingdom,2024-08-18,Repeat,2128.93
CUST-09831,Arjun Gupta,arjun.gupta.9831@example.com,United Arab Emirates,2024-10-31,One-Time,566.31
CUST-09832,Aditi Gupta,aditi.gupta.9832@example.com,India,2023-08-01,Repeat,985.17
CUST-09833,Liam Reddy,liam.reddy.9833@example.com,Australia,2019-05-04,High-Value,22267.91
CUST-09834,Olivia Reddy,olivia.reddy.9834@example.com,Germany,2020-05-26,One-Time,1160.07
CUST-09835,Aarav Patel,aarav.patel.9835@example.com,Germany,2021-05-09,One-Time,130.66
CUST-09836,Kavya Kumar,kavya.kumar.9836@example.com,United Arab Emirates,2022-01-10,Repeat,1340.86
CUST-09837,Liam Reddy,liam.reddy.9837@example.com,Singapore,2021-11-10,Inactive,457.48
CUST-09838,Aarav Gupta,aarav.gupta.9838@example.com,United Kingdom,2019-12-13,Inactive,25.09
CUST-09839,Emma Singh,emma.singh.9839@example.com,United Kingdom,2023-11-18,One-Time,99.97
CUST-09840,Emma Garcia,emma.garcia.9840@example.com,Germany,2019-11-22,Inactive,85.32
CUST-09841,Aditi Reddy,aditi.reddy.9841@example.com,Canada,2019-12-12,One-Time,598.04
CUST-09842,Sophia Wilson,sophia.wilson.9842@example.com,United Kingdom,2023-02-03,High-Value,10680.33
CUST-09843,Kavya Singh,kavya.singh.9843@example.com,Germany,2021-09-26,Inactive,451.81
CUST-09844,Diya Sharma,diya.sharma.9844@example.com,United Kingdom,2025-02-06,One-Time,728.73
CUST-09845,Ishaan Wilson,ishaan.wilson.9845@example.com,United Arab Emirates,2020-05-26,High-Value,11019.08
CUST-09846,Neha Mehta,neha.mehta.9846@example.com,Singapore,2021-10-26,One-Time,882.51
CUST-09847,Aarav Nair,aarav.nair.9847@example.com,Australia,2018-06-26,Repeat,7174.36
CUST-09848,Sophia Sharma,sophia.sharma.9848@example.com,India,2020-03-30,High-Value,6957.39
CUST-09849,Vikram Nair,vikram.nair.9849@example.com,Singapore,2022-05-25,Repeat,1871.98
CUST-09850,Aarav Wilson,aarav.wilson.9850@example.com,India,2022-11-10,Inactive,339.15
CUST-09851,Ishaan Wilson,ishaan.wilson.9851@example.com,Canada,2018-09-15,Repeat,6727.73
CUST-09852,Arjun Nair,arjun.nair.9852@example.com,United States,2018-01-25,One-Time,1147.19
CUST-09853,Kavya Garcia,kavya.garcia.9853@example.com,Australia,2022-11-30,One-Time,884.41
CUST-09854,Emma Miller,emma.miller.9854@example.com,Germany,2022-03-22,Repeat,6634.45
CUST-09855,Vikram Brown,vikram.brown.9855@example.com,Germany,2025-03-17,Repeat,7096.09
CUST-09856,Emma Sharma,emma.sharma.9856@example.com,Germany,2021-07-12,Repeat,5995.47
CUST-09857,Ishaan Brown,ishaan.brown.9857@example.com,United Kingdom,2024-10-01,Inactive,61.28
CUST-09858,Rohan Kumar,rohan.kumar.9858@example.com,Canada,2020-09-11,Repeat,1761.18
CUST-09859,Sophia Nair,sophia.nair.9859@example.com,India,2020-11-04,Repeat,3184.34
CUST-09860,Noah Brown,noah.brown.9860@example.com,Germany,2021-12-26,Inactive,141.81
CUST-09861,Vikram Mehta,vikram.mehta.9861@example.com,United Kingdom,2020-08-10,High-Value,15202.45
CUST-09862,Sophia Sharma,sophia.sharma.9862@example.com,United Kingdom,2020-04-02,Repeat,3101.10
CUST-09863,Diya Wilson,diya.wilson.9863@example.com,Australia,2018-10-05,One-Time,176.73
CUST-09864,Arjun Reddy,arjun.reddy.9864@example.com,Singapore,2018-05-10,One-Time,501.88
CUST-09865,Sophia Patel,sophia.patel.9865@example.com,United States,2025-08-01,Repeat,6223.34
CUST-09866,Ishaan Nair,ishaan.nair.9866@example.com,United Kingdom,2019-10-18,Repeat,3419.55
CUST-09867,Aditi Kumar,aditi.kumar.9867@example.com,United States,2025-09-15,Inactive,119.61
CUST-09868,Neha Brown,neha.brown.9868@example.com,Canada,2021-06-08,Repeat,5229.67
CUST-09869,Meera Miller,meera.miller.9869@example.com,Canada,2025-11-26,Repeat,1783.55
CUST-09870,Noah Singh,noah.singh.9870@example.com,Singapore,2025-12-07,Inactive,465.47
CUST-09871,Neha Brown,neha.brown.9871@example.com,United States,2025-01-15,One-Time,139.93
CUST-09872,Sophia Reddy,sophia.reddy.9872@example.com,India,2024-06-12,Repeat,6171.99
CUST-09873,Noah Kumar,noah.kumar.9873@example.com,United Arab Emirates,2021-12-22,One-Time,670.80
CUST-09874,Liam Gupta,liam.gupta.9874@example.com,Canada,2022-12-02,Inactive,77.11
CUST-09875,Olivia Nair,olivia.nair.9875@example.com,Singapore,2020-09-14,Repeat,1977.96
CUST-09876,Aarav Wilson,aarav.wilson.9876@example.com,Canada,2019-12-28,High-Value,14210.86
CUST-09877,Meera Mehta,meera.mehta.9877@example.com,Canada,2019-04-27,One-Time,893.28
CUST-09878,Olivia Wilson,olivia.wilson.9878@example.com,United States,2024-04-19,One-Time,313.03
CUST-09879,Kavya Singh,kavya.singh.9879@example.com,India,2024-04-20,Inactive,341.70
CUST-09880,Aarav Singh,aarav.singh.9880@example.com,Singapore,2018-07-27,Inactive,218.36
CUST-09881,Liam Brown,liam.brown.9881@example.com,Canada,2018-06-17,Repeat,6148.55
CUST-09882,Olivia Reddy,olivia.reddy.9882@example.com,Singapore,2023-12-27,Repeat,1559.59
CUST-09883,Liam Nair,liam.nair.9883@example.com,Australia,2019-04-17,Repeat,1834.04
CUST-09884,Kavya Gupta,kavya.gupta.9884@example.com,United States,2024-10-12,Repeat,1514.84
CUST-09885,Aditi Patel,aditi.patel.9885@example.com,United Arab Emirates,2023-10-29,Repeat,6575.67
CUST-09886,Diya Gupta,diya.gupta.9886@example.com,Germany,2023-05-14,Repeat,5328.33
CUST-09887,Rohan Mehta,rohan.mehta.9887@example.com,United Kingdom,2022-12-09,Repeat,3224.35
CUST-09888,Meera Nair,meera.nair.9888@example.com,India,2018-09-15,One-Time,876.36
CUST-09889,Rohan Patel,rohan.patel.9889@example.com,Germany,2021-08-30,Inactive,431.33
CUST-09890,Aarav Reddy,aarav.reddy.9890@example.com,United Arab Emirates,2025-02-02,Inactive,222.26
CUST-09891,Kavya Singh,kavya.singh.9891@example.com,United Kingdom,2022-11-30,Inactive,492.41
CUST-09892,Aarav Garcia,aarav.garcia.9892@example.com,Germany,2022-08-29,Repeat,3756.30
CUST-09893,Aarav Brown,aarav.brown.9893@example.com,Australia,2018-03-28,Inactive,256.71
CUST-09894,Aarav Miller,aarav.miller.9894@example.com,Germany,2021-12-01,One-Time,849.61
CUST-09895,Diya Wilson,diya.wilson.9895@example.com,Australia,2021-08-25,One-Time,260.52
CUST-09896,Aarav Brown,aarav.brown.9896@example.com,United States,2022-10-15,Repeat,3562.41
CUST-09897,Kavya Wilson,kavya.wilson.9897@example.com,Germany,2021-12-16,Inactive,201.06
CUST-09898,Kavya Reddy,kavya.reddy.9898@example.com,Singapore,2018-04-12,Inactive,251.82
CUST-09899,Rohan Mehta,rohan.mehta.9899@example.com,Germany,2019-11-18,One-Time,228.07
CUST-09900,Diya Gupta,diya.gupta.9900@example.com,Canada,2024-12-29,Repeat,5316.54
CUST-09901,Olivia Garcia,olivia.garcia.9901@example.com,Singapore,2025-09-20,One-Time,127.14
CUST-09902,Vikram Gupta,vikram.gupta.9902@example.com,United Kingdom,2019-08-21,Inactive,280.85
CUST-09903,Ishaan Nair,ishaan.nair.9903@example.com,Germany,2019-03-08,Repeat,6854.98
CUST-09904,Olivia Sharma,olivia.sharma.9904@example.com,Singapore,2025-09-06,Inactive,339.70
CUST-09905,Liam Patel,liam.patel.9905@example.com,Germany,2023-03-02,One-Time,1119.83
CUST-09906,Ishaan Patel,ishaan.patel.9906@example.com,Canada,2024-09-13,High-Value,6268.03
CUST-09907,Olivia Kumar,olivia.kumar.9907@example.com,Canada,2018-03-15,One-Time,655.66
CUST-09908,Neha Mehta,neha.mehta.9908@example.com,Australia,2020-03-06,Repeat,2279.16
CUST-09909,Aarav Miller,aarav.miller.9909@example.com,Germany,2024-01-03,Repeat,6020.59
CUST-09910,Rohan Nair,rohan.nair.9910@example.com,United States,2023-04-30,Repeat,5249.83
CUST-09911,Liam Patel,liam.patel.9911@example.com,Australia,2025-05-22,One-Time,1191.26
CUST-09912,Aditi Reddy,aditi.reddy.9912@example.com,United States,2022-08-17,Repeat,6368.82
CUST-09913,Olivia Kumar,olivia.kumar.9913@example.com,Germany,2022-02-12,Inactive,145.88
CUST-09914,Noah Gupta,noah.gupta.9914@example.com,Australia,2020-01-14,Inactive,109.79
CUST-09915,Rohan Reddy,rohan.reddy.9915@example.com,United States,2018-04-24,High-Value,22087.43
CUST-09916,Rohan Brown,rohan.brown.9916@example.com,India,2025-01-20,One-Time,610.60
CUST-09917,Kavya Mehta,kavya.mehta.9917@example.com,United Arab Emirates,2020-12-12,High-Value,12532.34
CUST-09918,Noah Reddy,noah.reddy.9918@example.com,United States,2023-02-21,One-Time,1127.24
CUST-09919,Neha Kumar,neha.kumar.9919@example.com,Canada,2024-12-27,Inactive,276.53
CUST-09920,Olivia Patel,olivia.patel.9920@example.com,United Arab Emirates,2020-06-06,Repeat,5648.74
CUST-09921,Neha Mehta,neha.mehta.9921@example.com,United Arab Emirates,2025-10-30,Inactive,451.69
CUST-09922,Ishaan Gupta,ishaan.gupta.9922@example.com,United States,2018-09-07,Inactive,169.56
CUST-09923,Aarav Reddy,aarav.reddy.9923@example.com,Australia,2024-11-15,One-Time,816.55
CUST-09924,Kavya Brown,kavya.brown.9924@example.com,United Kingdom,2018-08-05,Repeat,4655.91
CUST-09925,Ishaan Miller,ishaan.miller.9925@example.com,India,2019-05-23,High-Value,17580.85
CUST-09926,Aarav Miller,aarav.miller.9926@example.com,India,2025-02-07,One-Time,725.60
CUST-09927,Olivia Miller,olivia.miller.9927@example.com,United Arab Emirates,2018-07-22,Repeat,4553.13
CUST-09928,Kavya Gupta,kavya.gupta.9928@example.com,Germany,2019-08-14,One-Time,427.24
CUST-09929,Kavya Wilson,kavya.wilson.9929@example.com,United Kingdom,2024-04-03,Repeat,6390.60
CUST-09930,Rohan Brown,rohan.brown.9930@example.com,Australia,2020-09-02,Repeat,2140.55
CUST-09931,Meera Garcia,meera.garcia.9931@example.com,Australia,2019-02-24,One-Time,1109.42
CUST-09932,Meera Nair,meera.nair.9932@example.com,Singapore,2021-01-13,Repeat,3489.15
CUST-09933,Sophia Reddy,sophia.reddy.9933@example.com,Australia,2024-03-10,One-Time,342.42
CUST-09934,Emma Kumar,emma.kumar.9934@example.com,Canada,2018-03-29,Repeat,1544.10
CUST-09935,Arjun Miller,arjun.miller.9935@example.com,Germany,2024-09-01,Repeat,1254.35
CUST-09936,Meera Sharma,meera.sharma.9936@example.com,Singapore,2019-05-10,One-Time,1032.61
CUST-09937,Neha Garcia,neha.garcia.9937@example.com,United Kingdom,2023-11-13,Repeat,3830.93
CUST-09938,Rohan Miller,rohan.miller.9938@example.com,Australia,2018-06-14,One-Time,1015.81
CUST-09939,Kavya Miller,kavya.miller.9939@example.com,India,2020-01-18,High-Value,18995.89
CUST-09940,Liam Miller,liam.miller.9940@example.com,United Kingdom,2018-10-09,High-Value,17480.14
CUST-09941,Liam Kumar,liam.kumar.9941@example.com,United Arab Emirates,2025-02-24,High-Value,16507.84
CUST-09942,Noah Nair,noah.nair.9942@example.com,India,2025-08-07,Inactive,87.06
CUST-09943,Sophia Patel,sophia.patel.9943@example.com,Germany,2021-06-11,One-Time,1111.66
CUST-09944,Diya Patel,diya.patel.9944@example.com,United Arab Emirates,2019-08-29,Inactive,133.99
CUST-09945,Arjun Patel,arjun.patel.9945@example.com,Canada,2019-05-21,Repeat,6581.98
CUST-09946,Diya Patel,diya.patel.9946@example.com,United States,2022-12-01,Repeat,3751.24
CUST-09947,Olivia Brown,olivia.brown.9947@example.com,United Kingdom,2020-08-16,Inactive,397.22
CUST-09948,Aditi Patel,aditi.patel.9948@example.com,Germany,2025-07-29,One-Time,528.92
CUST-09949,Neha Patel,neha.patel.9949@example.com,India,2023-03-28,One-Time,47.71
CUST-09950,Liam Mehta,liam.mehta.9950@example.com,United Kingdom,2025-01-22,Inactive,48.15
CUST-09951,Vikram Nair,vikram.nair.9951@example.com,Germany,2022-04-03,Repeat,3417.74
CUST-09952,Kavya Kumar,kavya.kumar.9952@example.com,United Arab Emirates,2022-01-01,One-Time,1181.20
CUST-09953,Olivia Gupta,olivia.gupta.9953@example.com,United States,2024-08-09,One-Time,1038.04
CUST-09954,Emma Patel,emma.patel.9954@example.com,United Arab Emirates,2025-06-22,Repeat,6500.41
CUST-09955,Diya Kumar,diya.kumar.9955@example.com,United Kingdom,2022-04-18,High-Value,19376.56
CUST-09956,Liam Wilson,liam.wilson.9956@example.com,Australia,2019-11-14,Repeat,6622.00
CUST-09957,Emma Sharma,emma.sharma.9957@example.com,India,2025-07-08,Repeat,1239.89
CUST-09958,Aarav Garcia,aarav.garcia.9958@example.com,Canada,2023-05-15,Repeat,5900.07
CUST-09959,Kavya Sharma,kavya.sharma.9959@example.com,Singapore,2025-04-01,One-Time,598.87
CUST-09960,Vikram Garcia,vikram.garcia.9960@example.com,Australia,2022-07-30,One-Time,952.41
CUST-09961,Rohan Garcia,rohan.garcia.9961@example.com,United States,2023-10-09,One-Time,1027.65
CUST-09962,Diya Singh,diya.singh.9962@example.com,Singapore,2024-06-29,Repeat,1435.80
CUST-09963,Sophia Wilson,sophia.wilson.9963@example.com,Germany,2020-10-22,One-Time,560.50
CUST-09964,Aarav Mehta,aarav.mehta.9964@example.com,United Arab Emirates,2023-03-01,High-Value,23705.73
CUST-09965,Olivia Nair,olivia.nair.9965@example.com,Singapore,2021-12-22,One-Time,1191.84
CUST-09966,Neha Nair,neha.nair.9966@example.com,United Arab Emirates,2023-10-26,Repeat,5412.17
CUST-09967,Liam Reddy,liam.reddy.9967@example.com,Singapore,2018-09-03,Repeat,3582.36
CUST-09968,Rohan Kumar,rohan.kumar.9968@example.com,Australia,2020-09-26,One-Time,402.26
CUST-09969,Arjun Garcia,arjun.garcia.9969@example.com,United States,2025-10-22,Repeat,3179.35
CUST-09970,Meera Gupta,meera.gupta.9970@example.com,United States,2020-04-25,Repeat,1088.54
CUST-09971,Liam Patel,liam.patel.9971@example.com,Germany,2025-07-08,Repeat,5502.82
CUST-09972,Olivia Wilson,olivia.wilson.9972@example.com,United Arab Emirates,2024-02-04,One-Time,365.85
CUST-09973,Meera Nair,meera.nair.9973@example.com,Singapore,2023-05-07,High-Value,21819.80
CUST-09974,Ishaan Gupta,ishaan.gupta.9974@example.com,United Arab Emirates,2021-06-04,Repeat,3959.66
CUST-09975,Vikram Mehta,vikram.mehta.9975@example.com,Singapore,2023-01-24,High-Value,20866.60
CUST-09976,Kavya Brown,kavya.brown.9976@example.com,Australia,2023-12-09,Inactive,360.79
CUST-09977,Kavya Mehta,kavya.mehta.9977@example.com,Singapore,2022-10-16,Repeat,3935.13
CUST-09978,Emma Brown,emma.brown.9978@example.com,United Arab Emirates,2023-01-05,High-Value,7660.17
CUST-09979,Ishaan Mehta,ishaan.mehta.9979@example.com,United States,2019-07-07,Repeat,7477.49
CUST-09980,Sophia Sharma,sophia.sharma.9980@example.com,Canada,2021-06-24,Repeat,3454.61
CUST-09981,Kavya Garcia,kavya.garcia.9981@example.com,United States,2024-08-13,High-Value,11635.25
CUST-09982,Neha Brown,neha.brown.9982@example.com,Canada,2024-05-04,Repeat,4029.46
CUST-09983,Sophia Brown,sophia.brown.9983@example.com,Australia,2023-06-27,Inactive,156.27
CUST-09984,Vikram Gupta,vikram.gupta.9984@example.com,United Kingdom,2024-12-18,One-Time,749.11
CUST-09985,Arjun Sharma,arjun.sharma.9985@example.com,India,2018-08-10,High-Value,9780.04
CUST-09986,Noah Kumar,noah.kumar.9986@example.com,Canada,2025-07-17,One-Time,1154.55
CUST-09987,Emma Sharma,emma.sharma.9987@example.com,United Kingdom,2024-02-13,Inactive,8.18
CUST-09988,Aditi Singh,aditi.singh.9988@example.com,Australia,2018-02-16,Inactive,313.14
CUST-09989,Sophia Patel,sophia.patel.9989@example.com,Singapore,2024-05-19,Repeat,6218.02
CUST-09990,Olivia Sharma,olivia.sharma.9990@example.com,United Arab Emirates,2023-02-11,Repeat,6362.80
CUST-09991,Liam Brown,liam.brown.9991@example.com,Australia,2019-02-13,Repeat,5065.21
CUST-09992,Emma Mehta,emma.mehta.9992@example.com,Australia,2021-03-25,High-Value,20907.29
CUST-09993,Sophia Nair,sophia.nair.9993@example.com,India,2022-12-05,Repeat,7329.36
CUST-09994,Ishaan Garcia,ishaan.garcia.9994@example.com,United States,2023-02-24,One-Time,1105.03
CUST-09995,Olivia Sharma,olivia.sharma.9995@example.com,Australia,2024-06-01,One-Time,599.46
CUST-09996,Diya Nair,diya.nair.9996@example.com,India,2020-09-23,One-Time,42.93
CUST-09997,Aditi Sharma,aditi.sharma.9997@example.com,Singapore,2020-02-27,One-Time,805.78
CUST-09998,Olivia Gupta,olivia.gupta.9998@example.com,Canada,2019-08-12,Repeat,4161.06
CUST-09999,Rohan Miller,rohan.miller.9999@example.com,Germany,2020-07-26,Repeat,5257.29
CUST-10000,Diya Kumar,diya.kumar.10000@example.com,Germany,2021-05-12,Inactive,25.85
